2015-02-18 00:14:40 [INFO] [Multiverse-Core] - Version 2.4-b527 (API v14) Enabled - By Rigby, fernferret, lithium3141 and main--
2015-02-18 00:14:41 [INFO] [Multiverse-Core] Loading World & Settings - 'world' - Env: NORMAL - Type: NORMAL & seed: -7190426165883624434
2015-02-18 00:14:41 [WARNING] [Multiverse-Core] Spawn location from world.dat file was unsafe. Adjusting...
2015-02-18 00:14:41 [WARNING] [Multiverse-Core] Original Location: X: -209 Y: 64 Z: 175 P: 0 Y: 0 
2015-02-18 00:14:41 [INFO] [Multiverse-Core] New Spawn for 'world' is Located at: world:-207.50,64.00,175.50:0.00:0.00
2015-02-18 00:14:41 [INFO] [Multiverse-Core] Loading World & Settings - 'world_nether' - Env: NETHER - Type: NORMAL & seed: -7190426165883624434
2015-02-18 00:14:41 [WARNING] [Multiverse-Core] Spawn location from world.dat file was unsafe. Adjusting...
2015-02-18 00:14:41 [WARNING] [Multiverse-Core] Original Location: X: 0 Y: 64 Z: 0 P: 0 Y: 0 
2015-02-18 00:14:42 [INFO] [Multiverse-Core] New Spawn for 'world_nether' is Located at: world_nether:0.00,114.00,0.00:0.00:0.00
2015-02-18 00:14:42 [INFO] [Multiverse-Core] Loading World & Settings - 'world_the_end' - Env: THE_END - Type: NORMAL & seed: -7190426165883624434
2015-02-18 00:14:42 [WARNING] [Multiverse-Core] Spawn location from world.dat file was unsafe. Adjusting...
2015-02-18 00:14:42 [WARNING] [Multiverse-Core] Original Location: X: 0 Y: 50 Z: 0 P: 0 Y: 0 
2015-02-18 00:14:42 [INFO] [Multiverse-Core] New Spawn for 'world_the_end' is Located at: world_the_end:0.00,60.00,0.00:0.00:0.00
2015-02-18 00:14:42 [INFO] [Multiverse-Core] Loading World & Settings - 'world' - Env: NORMAL - Type: NORMAL & seed: -7190426165883624434
2015-02-18 00:14:42 [INFO] [Multiverse-Core] Loading World & Settings - 'world_nether' - Env: NETHER - Type: NORMAL & seed: -7190426165883624434
2015-02-18 00:14:42 [INFO] [Multiverse-Core] Loading World & Settings - 'world_the_end' - Env: THE_END - Type: NORMAL & seed: -7190426165883624434
2015-02-18 00:14:42 [INFO] [Multiverse-Core] 3 - World(s) loaded.
2015-02-18 00:18:44 [INFO] [Multiverse-Core] - Version 2.4-b527 (API v14) Enabled - By Rigby, fernferret, lithium3141 and main--
2015-02-18 00:18:45 [INFO] [Multiverse-Core] Loading World & Settings - 'world' - Env: NORMAL - Type: NORMAL & seed: -7190426165883624434
2015-02-18 00:18:45 [INFO] [Multiverse-Core] Loading World & Settings - 'world_nether' - Env: NETHER - Type: NORMAL & seed: -7190426165883624434
2015-02-18 00:18:45 [INFO] [Multiverse-Core] Loading World & Settings - 'world_the_end' - Env: THE_END - Type: NORMAL & seed: -7190426165883624434
2015-02-18 00:18:45 [INFO] [Multiverse-Core] 3 - World(s) loaded.
2015-02-18 10:00:00 [INFO] [Multiverse-Core] - Version 2.4-b527 (API v14) Enabled - By Rigby, fernferret, lithium3141 and main--
2015-02-18 10:00:00 [INFO] [Multiverse-Core] Loading World & Settings - 'world' - Env: NORMAL - Type: NORMAL & seed: -7190426165883624434
2015-02-18 10:00:00 [INFO] [Multiverse-Core] Loading World & Settings - 'world_nether' - Env: NETHER - Type: NORMAL & seed: -7190426165883624434
2015-02-18 10:00:00 [INFO] [Multiverse-Core] Loading World & Settings - 'world_the_end' - Env: THE_END - Type: NORMAL & seed: -7190426165883624434
2015-02-18 10:00:00 [INFO] [Multiverse-Core] 3 - World(s) loaded.
2015-02-18 10:13:21 [INFO] [Multiverse-Core] - Version 2.4-b527 (API v14) Enabled - By Rigby, fernferret, lithium3141 and main--
2015-02-18 10:13:22 [INFO] [Multiverse-Core] Loading World & Settings - 'world' - Env: NORMAL - Type: NORMAL & seed: -7190426165883624434
2015-02-18 10:13:22 [INFO] [Multiverse-Core] Loading World & Settings - 'world_nether' - Env: NETHER - Type: NORMAL & seed: -7190426165883624434
2015-02-18 10:13:22 [INFO] [Multiverse-Core] Loading World & Settings - 'world_the_end' - Env: THE_END - Type: NORMAL & seed: -7190426165883624434
2015-02-18 10:13:22 [INFO] [Multiverse-Core] 3 - World(s) loaded.
2015-02-18 10:19:12 [INFO] [Multiverse-Core] - Version 2.4-b527 (API v14) Enabled - By Rigby, fernferret, lithium3141 and main--
2015-02-18 10:19:13 [INFO] [Multiverse-Core] Loading World & Settings - 'world' - Env: NORMAL - Type: NORMAL & seed: -7190426165883624434
2015-02-18 10:19:13 [WARNING] [Multiverse-Core] Spawn location from world.dat file was unsafe. Adjusting...
2015-02-18 10:19:13 [WARNING] [Multiverse-Core] Original Location: X: -129 Y: 4 Z: 68 P: 0 Y: 0 
2015-02-18 10:19:13 [INFO] [Multiverse-Core] New Spawn for 'world' is Located at: world:-127.50,4.00,68.50:0.00:0.00
2015-02-18 10:19:13 [INFO] [Multiverse-Core] Loading World & Settings - 'world_nether' - Env: NETHER - Type: NORMAL & seed: -7190426165883624434
2015-02-18 10:19:13 [INFO] [Multiverse-Core] Loading World & Settings - 'world_the_end' - Env: THE_END - Type: NORMAL & seed: -7190426165883624434
2015-02-18 10:19:13 [INFO] [Multiverse-Core] 3 - World(s) loaded.
2015-02-18 18:07:54 [INFO] [Multiverse-Core] - Version 2.4-b527 (API v14) Enabled - By Rigby, fernferret, lithium3141 and main--
2015-02-18 18:07:55 [INFO] [Multiverse-Core] Loading World & Settings - 'world' - Env: NORMAL - Type: FLAT & seed: -2962362464183510388
2015-02-18 18:07:55 [WARNING] [Multiverse-Core] Spawn location from world.dat file was unsafe. Adjusting...
2015-02-18 18:07:55 [WARNING] [Multiverse-Core] Original Location: X: -136 Y: 11 Z: 38 P: 0 Y: 0 
2015-02-18 18:07:55 [INFO] [Multiverse-Core] New Spawn for 'world' is Located at: world:-134.50,11.00,38.50:0.00:0.00
2015-02-18 18:07:55 [INFO] [Multiverse-Core] Loading World & Settings - 'world_nether' - Env: NETHER - Type: NORMAL & seed: -7190426165883624434
2015-02-18 18:07:55 [INFO] [Multiverse-Core] Loading World & Settings - 'world_the_end' - Env: THE_END - Type: NORMAL & seed: -7190426165883624434
2015-02-18 18:07:55 [INFO] [Multiverse-Core] 3 - World(s) loaded.
2015-02-18 20:32:29 [INFO] [Multiverse-Core] - Version 2.4-b527 (API v14) Enabled - By Rigby, fernferret, lithium3141 and main--
2015-02-18 20:32:30 [INFO] [Multiverse-Core] Loading World & Settings - 'world' - Env: NORMAL - Type: FLAT & seed: -2962362464183510388
2015-02-18 20:32:30 [INFO] [Multiverse-Core] Loading World & Settings - 'world_nether' - Env: NETHER - Type: NORMAL & seed: -7190426165883624434
2015-02-18 20:32:30 [INFO] [Multiverse-Core] Loading World & Settings - 'world_the_end' - Env: THE_END - Type: NORMAL & seed: -7190426165883624434
2015-02-18 20:32:30 [INFO] [Multiverse-Core] 3 - World(s) loaded.
2015-02-18 21:11:55 [INFO] [Multiverse-Core] - Version 2.4-b527 (API v14) Enabled - By Rigby, fernferret, lithium3141 and main--
2015-02-18 21:11:55 [INFO] [Multiverse-Core] Loading World & Settings - 'world' - Env: NORMAL - Type: FLAT & seed: -2962362464183510388
2015-02-18 21:11:55 [INFO] [Multiverse-Core] Loading World & Settings - 'world_nether' - Env: NETHER - Type: NORMAL & seed: -7190426165883624434
2015-02-18 21:11:56 [INFO] [Multiverse-Core] Loading World & Settings - 'world_the_end' - Env: THE_END - Type: NORMAL & seed: -7190426165883624434
2015-02-18 21:11:56 [INFO] [Multiverse-Core] 3 - World(s) loaded.
2015-02-18 21:28:14 [INFO] [Multiverse-Core] - Version 2.4-b527 (API v14) Enabled - By Rigby, fernferret, lithium3141 and main--
2015-02-18 21:28:15 [INFO] [Multiverse-Core] Loading World & Settings - 'world' - Env: NORMAL - Type: FLAT & seed: -2962362464183510388
2015-02-18 21:28:15 [INFO] [Multiverse-Core] Loading World & Settings - 'world_nether' - Env: NETHER - Type: NORMAL & seed: -7190426165883624434
2015-02-18 21:28:15 [INFO] [Multiverse-Core] Loading World & Settings - 'world_the_end' - Env: THE_END - Type: NORMAL & seed: -7190426165883624434
2015-02-18 21:28:15 [INFO] [Multiverse-Core] 3 - World(s) loaded.
2015-02-18 21:31:00 [INFO] [Multiverse-Core] - Version 2.4-b527 (API v14) Enabled - By Rigby, fernferret, lithium3141 and main--
2015-02-18 21:31:00 [INFO] [Multiverse-Core] Loading World & Settings - 'world' - Env: NORMAL - Type: FLAT & seed: -2962362464183510388
2015-02-18 21:31:00 [INFO] [Multiverse-Core] Loading World & Settings - 'world_nether' - Env: NETHER - Type: NORMAL & seed: -7190426165883624434
2015-02-18 21:31:00 [INFO] [Multiverse-Core] Loading World & Settings - 'world_the_end' - Env: THE_END - Type: NORMAL & seed: -7190426165883624434
2015-02-18 21:31:00 [INFO] [Multiverse-Core] 3 - World(s) loaded.
2015-02-18 22:00:33 [INFO] [Multiverse-Core] - Version 2.4-b527 (API v14) Enabled - By Rigby, fernferret, lithium3141 and main--
2015-02-18 22:00:34 [INFO] [Multiverse-Core] Loading World & Settings - 'world' - Env: NORMAL - Type: FLAT & seed: -2962362464183510388
2015-02-18 22:00:34 [INFO] [Multiverse-Core] Loading World & Settings - 'world_nether' - Env: NETHER - Type: NORMAL & seed: -7190426165883624434
2015-02-18 22:00:34 [INFO] [Multiverse-Core] Loading World & Settings - 'world_the_end' - Env: THE_END - Type: NORMAL & seed: -7190426165883624434
2015-02-18 22:00:34 [INFO] [Multiverse-Core] 3 - World(s) loaded.
2015-02-18 22:23:09 [INFO] [Multiverse-Core] - Version 2.4-b527 (API v14) Enabled - By Rigby, fernferret, lithium3141 and main--
2015-02-18 22:23:09 [INFO] [Multiverse-Core] Loading World & Settings - 'world' - Env: NORMAL - Type: FLAT & seed: -2962362464183510388
2015-02-18 22:23:09 [INFO] [Multiverse-Core] Loading World & Settings - 'world_nether' - Env: NETHER - Type: NORMAL & seed: -7190426165883624434
2015-02-18 22:23:09 [INFO] [Multiverse-Core] Loading World & Settings - 'world_the_end' - Env: THE_END - Type: NORMAL & seed: -7190426165883624434
2015-02-18 22:23:09 [INFO] [Multiverse-Core] 3 - World(s) loaded.
2015-02-18 23:44:58 [INFO] [Multiverse-Core] - Version 2.4-b527 (API v14) Enabled - By Rigby, fernferret, lithium3141 and main--
2015-02-18 23:44:59 [INFO] [Multiverse-Core] Loading World & Settings - 'world' - Env: NORMAL - Type: FLAT & seed: -2962362464183510388
2015-02-18 23:44:59 [INFO] [Multiverse-Core] Loading World & Settings - 'world_nether' - Env: NETHER - Type: NORMAL & seed: -7190426165883624434
2015-02-18 23:44:59 [INFO] [Multiverse-Core] Loading World & Settings - 'world_the_end' - Env: THE_END - Type: NORMAL & seed: -7190426165883624434
2015-02-18 23:44:59 [INFO] [Multiverse-Core] 3 - World(s) loaded.
2015-02-19 12:39:41 [INFO] [Multiverse-Core] - Version 2.4-b527 (API v14) Enabled - By Rigby, fernferret, lithium3141 and main--
2015-02-19 12:39:42 [INFO] [Multiverse-Core] Loading World & Settings - 'world' - Env: NORMAL - Type: FLAT & seed: -2962362464183510388
2015-02-19 12:39:42 [INFO] [Multiverse-Core] Loading World & Settings - 'world_nether' - Env: NETHER - Type: NORMAL & seed: -7190426165883624434
2015-02-19 12:39:42 [INFO] [Multiverse-Core] Loading World & Settings - 'world_the_end' - Env: THE_END - Type: NORMAL & seed: -7190426165883624434
2015-02-19 12:39:42 [INFO] [Multiverse-Core] 3 - World(s) loaded.
2015-02-19 16:57:28 [INFORMA합ES] [Multiverse-Core] - Version 2.4-b527 (API v14) Enabled - By Rigby, fernferret, lithium3141 and main--
2015-02-19 16:57:29 [INFORMA합ES] [Multiverse-Core] Loading World & Settings - 'world' - Env: NORMAL - Type: FLAT & seed: -2962362464183510388
2015-02-19 16:57:29 [INFORMA합ES] [Multiverse-Core] Loading World & Settings - 'world_nether' - Env: NETHER - Type: NORMAL & seed: -7190426165883624434
2015-02-19 16:57:29 [INFORMA합ES] [Multiverse-Core] Loading World & Settings - 'world_the_end' - Env: THE_END - Type: NORMAL & seed: -7190426165883624434
2015-02-19 16:57:29 [INFORMA합ES] [Multiverse-Core] 3 - World(s) loaded.
2015-02-19 17:05:35 [INFORMA합ES] [Multiverse-Core] - Version 2.4-b527 (API v14) Enabled - By Rigby, fernferret, lithium3141 and main--
2015-02-19 17:05:36 [INFORMA합ES] [Multiverse-Core] Loading World & Settings - 'world' - Env: NORMAL - Type: FLAT & seed: -2962362464183510388
2015-02-19 17:05:36 [INFORMA합ES] [Multiverse-Core] Loading World & Settings - 'world_nether' - Env: NETHER - Type: NORMAL & seed: -7190426165883624434
2015-02-19 17:05:36 [INFORMA합ES] [Multiverse-Core] Loading World & Settings - 'world_the_end' - Env: THE_END - Type: NORMAL & seed: -7190426165883624434
2015-02-19 17:05:36 [INFORMA합ES] [Multiverse-Core] 3 - World(s) loaded.
2015-02-19 17:57:20 [INFORMA합ES] [Multiverse-Core] - Version 2.4-b527 (API v14) Enabled - By Rigby, fernferret, lithium3141 and main--
2015-02-19 17:57:20 [INFORMA합ES] [Multiverse-Core] Loading World & Settings - 'world' - Env: NORMAL - Type: FLAT & seed: -2962362464183510388
2015-02-19 17:57:20 [INFORMA합ES] [Multiverse-Core] Loading World & Settings - 'world_nether' - Env: NETHER - Type: NORMAL & seed: -7190426165883624434
2015-02-19 17:57:20 [INFORMA합ES] [Multiverse-Core] Loading World & Settings - 'world_the_end' - Env: THE_END - Type: NORMAL & seed: -7190426165883624434
2015-02-19 17:57:20 [INFORMA합ES] [Multiverse-Core] 3 - World(s) loaded.
2015-02-21 12:26:29 [INFORMA합ES] [Multiverse-Core] - Version 2.4-b527 (API v14) Enabled - By Rigby, fernferret, lithium3141 and main--
2015-02-21 12:26:29 [INFORMA합ES] [Multiverse-Core] Loading World & Settings - 'world' - Env: NORMAL - Type: FLAT & seed: -2962362464183510388
2015-02-21 12:26:29 [INFORMA합ES] [Multiverse-Core] Loading World & Settings - 'world_nether' - Env: NETHER - Type: NORMAL & seed: -7190426165883624434
2015-02-21 12:26:29 [INFORMA합ES] [Multiverse-Core] Loading World & Settings - 'world_the_end' - Env: THE_END - Type: NORMAL & seed: -7190426165883624434
2015-02-21 12:26:29 [INFORMA합ES] [Multiverse-Core] 3 - World(s) loaded.
2015-02-25 17:23:50 [INFORMA합ES] [Multiverse-Core] - Version 2.4-b527 (API v14) Enabled - By Rigby, fernferret, lithium3141 and main--
2015-02-25 17:23:51 [INFORMA합ES] [Multiverse-Core] Loading World & Settings - 'world' - Env: NORMAL - Type: FLAT & seed: -2962362464183510388
2015-02-25 17:23:51 [INFORMA합ES] [Multiverse-Core] Loading World & Settings - 'world_nether' - Env: NETHER - Type: NORMAL & seed: -7190426165883624434
2015-02-25 17:23:51 [INFORMA합ES] [Multiverse-Core] Loading World & Settings - 'world_the_end' - Env: THE_END - Type: NORMAL & seed: -7190426165883624434
2015-02-25 17:23:51 [INFORMA합ES] [Multiverse-Core] 3 - World(s) loaded.
2015-03-05 15:00:31 [INFORMA합ES] [Multiverse-Core] - Version 2.4-b527 (API v14) Enabled - By Rigby, fernferret, lithium3141 and main--
2015-03-05 15:00:31 [INFORMA합ES] [Multiverse-Core] Loading World & Settings - 'world' - Env: NORMAL - Type: FLAT & seed: -2962362464183510388
2015-03-05 15:00:31 [INFORMA합ES] [Multiverse-Core] Loading World & Settings - 'world_nether' - Env: NETHER - Type: NORMAL & seed: -7190426165883624434
2015-03-05 15:00:31 [INFORMA합ES] [Multiverse-Core] Loading World & Settings - 'world_the_end' - Env: THE_END - Type: NORMAL & seed: -7190426165883624434
2015-03-05 15:00:31 [INFORMA합ES] [Multiverse-Core] 3 - World(s) loaded.
2015-03-12 19:34:32 [INFORMA합ES] [Multiverse-Core] - Version 2.4-b527 (API v14) Enabled - By Rigby, fernferret, lithium3141 and main--
2015-03-12 19:34:32 [INFORMA합ES] [Multiverse-Core] Loading World & Settings - 'world' - Env: NORMAL - Type: FLAT & seed: -2962362464183510388
2015-03-12 19:34:33 [INFORMA합ES] [Multiverse-Core] Loading World & Settings - 'world_nether' - Env: NETHER - Type: NORMAL & seed: -7190426165883624434
2015-03-12 19:34:33 [INFORMA합ES] [Multiverse-Core] Loading World & Settings - 'world_the_end' - Env: THE_END - Type: NORMAL & seed: -7190426165883624434
2015-03-12 19:34:33 [INFORMA합ES] [Multiverse-Core] 3 - World(s) loaded.
2015-03-12 19:38:40 [INFORMA합ES] [Multiverse-Core] - Version 2.4-b527 (API v14) Enabled - By Rigby, fernferret, lithium3141 and main--
2015-03-12 19:38:41 [INFORMA합ES] [Multiverse-Core] Loading World & Settings - 'world' - Env: NORMAL - Type: FLAT & seed: -2962362464183510388
2015-03-12 19:38:41 [INFORMA합ES] [Multiverse-Core] Loading World & Settings - 'world_nether' - Env: NETHER - Type: NORMAL & seed: -7190426165883624434
2015-03-12 19:38:41 [INFORMA합ES] [Multiverse-Core] Loading World & Settings - 'world_the_end' - Env: THE_END - Type: NORMAL & seed: -7190426165883624434
2015-03-12 19:38:41 [INFORMA합ES] [Multiverse-Core] 3 - World(s) loaded.
2015-05-23 21:42:54 [INFORMA합ES] [Multiverse-Core] - Version 2.4-b527 (API v14) Enabled - By Rigby, fernferret, lithium3141 and main--
2015-05-23 21:42:55 [INFORMA합ES] [Multiverse-Core] Loading World & Settings - 'world' - Env: NORMAL - Type: FLAT & seed: -2962362464183510388
2015-05-23 21:42:55 [INFORMA합ES] [Multiverse-Core] Loading World & Settings - 'world_nether' - Env: NETHER - Type: NORMAL & seed: -7190426165883624434
2015-05-23 21:42:55 [INFORMA합ES] [Multiverse-Core] Loading World & Settings - 'world_the_end' - Env: THE_END - Type: NORMAL & seed: -7190426165883624434
2015-05-23 21:42:55 [INFORMA합ES] [Multiverse-Core] 3 - World(s) loaded.
2015-05-23 22:04:04 [INFORMA합ES] [Multiverse-Core] - Version 2.4-b527 (API v14) Enabled - By Rigby, fernferret, lithium3141 and main--
2015-05-23 22:04:05 [INFORMA합ES] [Multiverse-Core] Loading World & Settings - 'world' - Env: NORMAL - Type: FLAT & seed: -2962362464183510388
2015-05-23 22:04:05 [INFORMA합ES] [Multiverse-Core] Loading World & Settings - 'world_nether' - Env: NETHER - Type: NORMAL & seed: -7190426165883624434
2015-05-23 22:04:05 [INFORMA합ES] [Multiverse-Core] Loading World & Settings - 'world_the_end' - Env: THE_END - Type: NORMAL & seed: -7190426165883624434
2015-05-23 22:04:05 [INFORMA합ES] [Multiverse-Core] 3 - World(s) loaded.
2015-05-24 19:28:33 [INFORMA합ES] [Multiverse-Core] - Version 2.4-b527 (API v14) Enabled - By Rigby, fernferret, lithium3141 and main--
2015-05-24 19:28:33 [INFORMA합ES] [Multiverse-Core] Loading World & Settings - 'world' - Env: NORMAL - Type: FLAT & seed: -2962362464183510388
2015-05-24 19:28:34 [INFORMA합ES] [Multiverse-Core] Loading World & Settings - 'world_nether' - Env: NETHER - Type: NORMAL & seed: -7190426165883624434
2015-05-24 19:28:34 [INFORMA합ES] [Multiverse-Core] Loading World & Settings - 'world_the_end' - Env: THE_END - Type: NORMAL & seed: -7190426165883624434
2015-05-24 19:28:34 [INFORMA합ES] [Multiverse-Core] 3 - World(s) loaded.
2015-05-24 19:39:42 [INFORMA합ES] [Multiverse-Core] - Version 2.4-b527 (API v14) Enabled - By Rigby, fernferret, lithium3141 and main--
2015-05-24 19:39:44 [INFORMA합ES] [Multiverse-Core] Loading World & Settings - 'world' - Env: NORMAL - Type: FLAT & seed: -2962362464183510388
2015-05-24 19:39:45 [INFORMA합ES] [Multiverse-Core] Loading World & Settings - 'world_nether' - Env: NETHER - Type: NORMAL & seed: -7190426165883624434
2015-05-24 19:39:45 [INFORMA합ES] [Multiverse-Core] Loading World & Settings - 'world_the_end' - Env: THE_END - Type: NORMAL & seed: -7190426165883624434
2015-05-24 19:39:45 [INFORMA합ES] [Multiverse-Core] 3 - World(s) loaded.
2015-05-24 19:39:59 [INFORMA합ES] [Multiverse-Core] - Version 2.4-b527 (API v14) Enabled - By Rigby, fernferret, lithium3141 and main--
2015-05-24 19:40:00 [INFORMA합ES] [Multiverse-Core] Loading World & Settings - 'world' - Env: NORMAL - Type: FLAT & seed: -2962362464183510388
2015-05-24 19:40:01 [INFORMA합ES] [Multiverse-Core] Loading World & Settings - 'world_nether' - Env: NETHER - Type: NORMAL & seed: -7190426165883624434
2015-05-24 19:40:01 [INFORMA합ES] [Multiverse-Core] Loading World & Settings - 'world_the_end' - Env: THE_END - Type: NORMAL & seed: -7190426165883624434
2015-05-24 19:40:01 [INFORMA합ES] [Multiverse-Core] 3 - World(s) loaded.
2015-05-24 19:42:20 [INFORMA합ES] [Multiverse-Core] - Version 2.4-b527 (API v14) Enabled - By Rigby, fernferret, lithium3141 and main--
2015-05-24 19:42:22 [INFORMA합ES] [Multiverse-Core] Loading World & Settings - 'world' - Env: NORMAL - Type: FLAT & seed: -2962362464183510388
2015-05-24 19:42:22 [INFORMA합ES] [Multiverse-Core] Loading World & Settings - 'world_nether' - Env: NETHER - Type: NORMAL & seed: -7190426165883624434
2015-05-24 19:42:22 [INFORMA합ES] [Multiverse-Core] Loading World & Settings - 'world_the_end' - Env: THE_END - Type: NORMAL & seed: -7190426165883624434
2015-05-24 19:42:23 [INFORMA합ES] [Multiverse-Core] 3 - World(s) loaded.
2015-05-25 18:37:29 [INFORMA합ES] [Multiverse-Core] - Version 2.4-b527 (API v14) Enabled - By Rigby, fernferret, lithium3141 and main--
2015-05-25 18:37:30 [INFORMA합ES] [Multiverse-Core] Loading World & Settings - 'world' - Env: NORMAL - Type: FLAT & seed: -2962362464183510388
2015-05-25 18:37:30 [INFORMA합ES] [Multiverse-Core] Loading World & Settings - 'world_nether' - Env: NETHER - Type: NORMAL & seed: -7190426165883624434
2015-05-25 18:37:30 [INFORMA합ES] [Multiverse-Core] Loading World & Settings - 'world_the_end' - Env: THE_END - Type: NORMAL & seed: -7190426165883624434
2015-05-25 18:37:30 [INFORMA합ES] [Multiverse-Core] 3 - World(s) loaded.
2015-05-25 19:14:13 [INFO] [Multiverse-Core] - Version 2.4-b527 (API v14) Enabled - By Rigby, fernferret, lithium3141 and main--
2015-05-25 19:14:13 [INFO] [Multiverse-Core] Loading World & Settings - 'world' - Env: NORMAL - Type: FLAT & seed: -2962362464183510388
2015-05-25 19:14:13 [WARNING] [Multiverse-Core] Spawn location from world.dat file was unsafe. Adjusting...
2015-05-25 19:14:13 [WARNING] [Multiverse-Core] Original Location: X: -1,298 Y: 4 Z: -426 P: 0 Y: 0 
2015-05-25 19:14:13 [INFO] [Multiverse-Core] New Spawn for 'world' is Located at: world:-1296.50,4.00,-425.50:0.00:0.00
2015-05-25 19:14:14 [INFO] [Multiverse-Core] Loading World & Settings - 'world_nether' - Env: NETHER - Type: NORMAL & seed: -7190426165883624434
2015-05-25 19:14:14 [WARNING] [Multiverse-Core] Spawn location from world.dat file was unsafe. Adjusting...
2015-05-25 19:14:14 [WARNING] [Multiverse-Core] Original Location: X: 0 Y: 77 Z: 0 P: 0 Y: 0 
2015-05-25 19:14:14 [INFO] [Multiverse-Core] New Spawn for 'world_nether' is Located at: world_nether:1.50,77.00,0.50:0.00:0.00
2015-05-25 19:14:14 [INFO] [Multiverse-Core] Loading World & Settings - 'world_the_end' - Env: THE_END - Type: NORMAL & seed: -7190426165883624434
2015-05-25 19:14:14 [WARNING] [Multiverse-Core] Spawn location from world.dat file was unsafe. Adjusting...
2015-05-25 19:14:14 [WARNING] [Multiverse-Core] Original Location: X: 0 Y: 63 Z: 0 P: 0 Y: 0 
2015-05-25 19:14:14 [INFO] [Multiverse-Core] New Spawn for 'world_the_end' is Located at: world_the_end:1.50,63.00,0.50:0.00:0.00
2015-05-25 19:14:14 [INFO] [Multiverse-Core] 3 - World(s) loaded.
2015-05-25 19:16:50 [INFO] [Multiverse-Core] Loading World & Settings - 'plotworld' - Env: NORMAL - Type: null
2015-05-25 19:17:19 [INFO] [Multiverse-Core] World 'plotworld' was unloaded from memory.
2015-05-25 19:17:19 [INFO] [Multiverse-Core] World 'plotworld' was removed from config.yml
2015-05-25 19:17:19 [INFO] [Multiverse-Core] World plotworld was DELETED.
2015-05-25 19:17:25 [INFO] [Multiverse-Core] Loading World & Settings - 'plotworld' - Env: NORMAL - Type: NORMAL & generator: PlotMe
2015-05-25 19:17:29 [WARNING] [Multiverse-Core] Spawn location from world.dat file was unsafe. Adjusting...
2015-05-25 19:17:29 [WARNING] [Multiverse-Core] Original Location: X: 0 Y: 66 Z: 0 P: 0 Y: 0 
2015-05-25 19:17:29 [INFO] [Multiverse-Core] New Spawn for 'plotworld' is Located at: plotworld:3.50,66.00,3.50:0.00:0.00
2015-05-25 19:33:13 [INFO] [Multiverse-Core] - Version 2.4-b527 (API v14) Enabled - By Rigby, fernferret, lithium3141 and main--
2015-05-25 19:33:14 [INFO] [Multiverse-Core] Loading World & Settings - 'world' - Env: NORMAL - Type: FLAT & seed: -4315406086328175024
2015-05-25 19:33:15 [INFO] [Multiverse-Core] Loading World & Settings - 'world_nether' - Env: NETHER - Type: FLAT & seed: -4315406086328175024
2015-05-25 19:33:17 [INFO] [Multiverse-Core] Loading World & Settings - 'world_the_end' - Env: THE_END - Type: FLAT & seed: -4315406086328175024
2015-05-25 19:33:17 [INFO] [Multiverse-Core] Loading World & Settings - 'plotworld' - Env: NORMAL - Type: NORMAL & seed: 1483843031056246239 & generator: PlotMe
2015-05-25 19:33:18 [INFO] [Multiverse-Core] 4 - World(s) loaded.
2015-05-25 20:27:52 [INFO] [Multiverse-Core] - Version 2.4-b527 (API v14) Enabled - By Rigby, fernferret, lithium3141 and main--
2015-05-25 20:27:53 [INFO] [Multiverse-Core] Loading World & Settings - 'world' - Env: NORMAL - Type: FLAT & seed: -4315406086328175024
2015-05-25 20:27:54 [INFO] [Multiverse-Core] Loading World & Settings - 'world_nether' - Env: NETHER - Type: FLAT & seed: -4315406086328175024
2015-05-25 20:27:54 [INFO] [Multiverse-Core] Loading World & Settings - 'world_the_end' - Env: THE_END - Type: FLAT & seed: -4315406086328175024
2015-05-25 20:27:55 [INFO] [Multiverse-Core] Loading World & Settings - 'plotworld' - Env: NORMAL - Type: NORMAL & seed: 1483843031056246239 & generator: PlotMe
2015-05-25 20:27:55 [INFO] [Multiverse-Core] 4 - World(s) loaded.
2015-05-25 22:08:32 [INFO] [Multiverse-Core] - Version 2.4-b527 (API v14) Enabled - By Rigby, fernferret, lithium3141 and main--
2015-05-25 22:08:32 [INFO] [Multiverse-Core] Loading World & Settings - 'world' - Env: NORMAL - Type: FLAT & seed: -4315406086328175024
2015-05-25 22:08:32 [INFO] [Multiverse-Core] Loading World & Settings - 'world_nether' - Env: NETHER - Type: FLAT & seed: -4315406086328175024
2015-05-25 22:08:32 [INFO] [Multiverse-Core] Loading World & Settings - 'world_the_end' - Env: THE_END - Type: FLAT & seed: -4315406086328175024
2015-05-25 22:08:33 [INFO] [Multiverse-Core] Loading World & Settings - 'plotworld' - Env: NORMAL - Type: NORMAL & seed: 1483843031056246239 & generator: PlotMe
2015-05-25 22:08:33 [INFO] [Multiverse-Core] 4 - World(s) loaded.
2015-05-26 00:00:26 [INFO] [Multiverse-Core] - Version 2.4-b527 (API v14) Enabled - By Rigby, fernferret, lithium3141 and main--
2015-05-26 00:00:26 [INFO] [Multiverse-Core] Loading World & Settings - 'world' - Env: NORMAL - Type: FLAT & seed: -4315406086328175024
2015-05-26 00:00:26 [INFO] [Multiverse-Core] Loading World & Settings - 'world_nether' - Env: NETHER - Type: FLAT & seed: -4315406086328175024
2015-05-26 00:00:27 [INFO] [Multiverse-Core] Loading World & Settings - 'world_the_end' - Env: THE_END - Type: FLAT & seed: -4315406086328175024
2015-05-26 00:00:27 [INFO] [Multiverse-Core] Loading World & Settings - 'plotworld' - Env: NORMAL - Type: NORMAL & seed: 1483843031056246239 & generator: PlotMe
2015-05-26 00:00:27 [INFO] [Multiverse-Core] 4 - World(s) loaded.
2015-05-26 00:09:16 [INFO] [Multiverse-Core] - Version 2.4-b527 (API v14) Enabled - By Rigby, fernferret, lithium3141 and main--
2015-05-26 00:09:16 [INFO] [Multiverse-Core] Loading World & Settings - 'world' - Env: NORMAL - Type: FLAT & seed: -4315406086328175024
2015-05-26 00:09:16 [INFO] [Multiverse-Core] Loading World & Settings - 'world_nether' - Env: NETHER - Type: FLAT & seed: -4315406086328175024
2015-05-26 00:09:16 [INFO] [Multiverse-Core] Loading World & Settings - 'world_the_end' - Env: THE_END - Type: FLAT & seed: -4315406086328175024
2015-05-26 00:09:17 [INFO] [Multiverse-Core] Loading World & Settings - 'plotworld' - Env: NORMAL - Type: NORMAL & seed: 1483843031056246239 & generator: PlotMe
2015-05-26 00:09:17 [INFO] [Multiverse-Core] 4 - World(s) loaded.
2015-05-26 12:06:38 [INFO] [Multiverse-Core] - Version 2.4-b527 (API v14) Enabled - By Rigby, fernferret, lithium3141 and main--
2015-05-26 12:06:39 [INFO] [Multiverse-Core] Loading World & Settings - 'world' - Env: NORMAL - Type: FLAT & seed: -4315406086328175024
2015-05-26 12:06:39 [INFO] [Multiverse-Core] Loading World & Settings - 'world_nether' - Env: NETHER - Type: FLAT & seed: -4315406086328175024
2015-05-26 12:06:39 [INFO] [Multiverse-Core] Loading World & Settings - 'world_the_end' - Env: THE_END - Type: FLAT & seed: -4315406086328175024
2015-05-26 12:06:39 [INFO] [Multiverse-Core] Loading World & Settings - 'plotworld' - Env: NORMAL - Type: NORMAL & seed: 1483843031056246239 & generator: PlotMe
2015-05-26 12:06:39 [INFO] [Multiverse-Core] 4 - World(s) loaded.
2015-05-26 18:58:14 [INFO] [Multiverse-Core] - Version 2.4-b527 (API v14) Enabled - By Rigby, fernferret, lithium3141 and main--
2015-05-26 18:58:14 [INFO] [Multiverse-Core] Loading World & Settings - 'world' - Env: NORMAL - Type: FLAT & seed: -4315406086328175024
2015-05-26 18:58:14 [INFO] [Multiverse-Core] Loading World & Settings - 'world_nether' - Env: NETHER - Type: FLAT & seed: -4315406086328175024
2015-05-26 18:58:15 [INFO] [Multiverse-Core] Loading World & Settings - 'world_the_end' - Env: THE_END - Type: FLAT & seed: -4315406086328175024
2015-05-26 18:58:15 [INFO] [Multiverse-Core] Loading World & Settings - 'plotworld' - Env: NORMAL - Type: NORMAL & seed: 1483843031056246239 & generator: PlotMe
2015-05-26 18:58:15 [INFO] [Multiverse-Core] 4 - World(s) loaded.
2015-05-26 19:35:35 [INFO] [Multiverse-Core] - Version 2.4-b527 (API v14) Enabled - By Rigby, fernferret, lithium3141 and main--
2015-05-26 19:35:35 [INFO] [Multiverse-Core] Loading World & Settings - 'world' - Env: NORMAL - Type: FLAT & seed: -4315406086328175024
2015-05-26 19:35:36 [INFO] [Multiverse-Core] Loading World & Settings - 'world_nether' - Env: NETHER - Type: FLAT & seed: -4315406086328175024
2015-05-26 19:35:36 [INFO] [Multiverse-Core] Loading World & Settings - 'world_the_end' - Env: THE_END - Type: FLAT & seed: -4315406086328175024
2015-05-26 19:35:36 [INFO] [Multiverse-Core] Loading World & Settings - 'plotworld' - Env: NORMAL - Type: NORMAL & seed: 1483843031056246239 & generator: PlotMe
2015-05-26 19:35:36 [INFO] [Multiverse-Core] 4 - World(s) loaded.
2015-05-26 22:22:37 [INFO] [Multiverse-Core] - Version 2.4-b527 (API v14) Enabled - By Rigby, fernferret, lithium3141 and main--
2015-05-26 22:22:38 [INFO] [Multiverse-Core] Loading World & Settings - 'world' - Env: NORMAL - Type: FLAT & seed: -4315406086328175024
2015-05-26 22:22:38 [INFO] [Multiverse-Core] Loading World & Settings - 'world_nether' - Env: NETHER - Type: FLAT & seed: -4315406086328175024
2015-05-26 22:22:39 [INFO] [Multiverse-Core] Loading World & Settings - 'world_the_end' - Env: THE_END - Type: FLAT & seed: -4315406086328175024
2015-05-26 22:22:39 [INFO] [Multiverse-Core] Loading World & Settings - 'plotworld' - Env: NORMAL - Type: NORMAL & seed: 1483843031056246239 & generator: PlotMe
2015-05-26 22:22:39 [INFO] [Multiverse-Core] 4 - World(s) loaded.
2015-05-27 19:00:14 [INFO] [Multiverse-Core] - Version 2.4-b527 (API v14) Enabled - By Rigby, fernferret, lithium3141 and main--
2015-05-27 19:00:15 [INFO] [Multiverse-Core] Loading World & Settings - 'world' - Env: NORMAL - Type: FLAT & seed: -4315406086328175024
2015-05-27 19:00:15 [INFO] [Multiverse-Core] Loading World & Settings - 'world_nether' - Env: NETHER - Type: FLAT & seed: -4315406086328175024
2015-05-27 19:00:15 [INFO] [Multiverse-Core] Loading World & Settings - 'world_the_end' - Env: THE_END - Type: FLAT & seed: -4315406086328175024
2015-05-27 19:00:15 [INFO] [Multiverse-Core] Loading World & Settings - 'plotworld' - Env: NORMAL - Type: NORMAL & seed: 1483843031056246239 & generator: PlotMe
2015-05-27 19:00:15 [INFO] [Multiverse-Core] 4 - World(s) loaded.
2015-05-27 19:00:51 [INFO] [Multiverse-Core] - Version 2.4-b527 (API v14) Enabled - By Rigby, fernferret, lithium3141 and main--
2015-05-27 19:00:52 [INFO] [Multiverse-Core] Loading World & Settings - 'world' - Env: NORMAL - Type: FLAT & seed: -4315406086328175024
2015-05-27 19:00:52 [INFO] [Multiverse-Core] Loading World & Settings - 'world_nether' - Env: NETHER - Type: FLAT & seed: -4315406086328175024
2015-05-27 19:00:52 [INFO] [Multiverse-Core] Loading World & Settings - 'world_the_end' - Env: THE_END - Type: FLAT & seed: -4315406086328175024
2015-05-27 19:00:52 [INFO] [Multiverse-Core] Loading World & Settings - 'plotworld' - Env: NORMAL - Type: NORMAL & seed: 1483843031056246239 & generator: PlotMe
2015-05-27 19:00:52 [INFO] [Multiverse-Core] 4 - World(s) loaded.
2015-05-27 21:55:42 [INFO] [Multiverse-Core] - Version 2.4-b527 (API v14) Enabled - By Rigby, fernferret, lithium3141 and main--
2015-05-27 21:55:42 [INFO] [Multiverse-Core] Loading World & Settings - 'world' - Env: NORMAL - Type: FLAT & seed: -4315406086328175024
2015-05-27 21:55:42 [INFO] [Multiverse-Core] Loading World & Settings - 'world_nether' - Env: NETHER - Type: FLAT & seed: -4315406086328175024
2015-05-27 21:55:42 [INFO] [Multiverse-Core] Loading World & Settings - 'world_the_end' - Env: THE_END - Type: FLAT & seed: -4315406086328175024
2015-05-27 21:55:42 [INFO] [Multiverse-Core] Loading World & Settings - 'plotworld' - Env: NORMAL - Type: NORMAL & seed: 1483843031056246239 & generator: PlotMe
2015-05-27 21:55:43 [INFO] [Multiverse-Core] 4 - World(s) loaded.
2015-05-28 18:53:32 [INFO] [Multiverse-Core] - Version 2.4-b527 (API v14) Enabled - By Rigby, fernferret, lithium3141 and main--
2015-05-28 18:53:32 [INFO] [Multiverse-Core] Loading World & Settings - 'world' - Env: NORMAL - Type: FLAT & seed: -4315406086328175024
2015-05-28 18:53:32 [INFO] [Multiverse-Core] Loading World & Settings - 'world_nether' - Env: NETHER - Type: FLAT & seed: -4315406086328175024
2015-05-28 18:53:32 [INFO] [Multiverse-Core] Loading World & Settings - 'world_the_end' - Env: THE_END - Type: FLAT & seed: -4315406086328175024
2015-05-28 18:53:32 [INFO] [Multiverse-Core] Loading World & Settings - 'plotworld' - Env: NORMAL - Type: NORMAL & seed: 1483843031056246239 & generator: PlotMe
2015-05-28 18:53:33 [INFO] [Multiverse-Core] 4 - World(s) loaded.
2015-05-29 22:10:19 [INFO] [Multiverse-Core] - Version 2.4-b527 (API v14) Enabled - By Rigby, fernferret, lithium3141 and main--
2015-05-29 22:10:20 [INFO] [Multiverse-Core] Loading World & Settings - 'world' - Env: NORMAL - Type: FLAT & seed: -4315406086328175024
2015-05-29 22:10:20 [INFO] [Multiverse-Core] Loading World & Settings - 'world_nether' - Env: NETHER - Type: FLAT & seed: -4315406086328175024
2015-05-29 22:10:20 [INFO] [Multiverse-Core] Loading World & Settings - 'world_the_end' - Env: THE_END - Type: FLAT & seed: -4315406086328175024
2015-05-29 22:10:20 [INFO] [Multiverse-Core] Loading World & Settings - 'plotworld' - Env: NORMAL - Type: NORMAL & seed: 1483843031056246239 & generator: PlotMe
2015-05-29 22:10:20 [INFO] [Multiverse-Core] 4 - World(s) loaded.
2015-05-30 16:26:44 [INFO] [Multiverse-Core] - Version 2.4-b527 (API v14) Enabled - By Rigby, fernferret, lithium3141 and main--
2015-05-30 16:26:45 [INFO] [Multiverse-Core] Loading World & Settings - 'world' - Env: NORMAL - Type: FLAT & seed: -4315406086328175024
2015-05-30 16:26:45 [INFO] [Multiverse-Core] Loading World & Settings - 'world_nether' - Env: NETHER - Type: FLAT & seed: -4315406086328175024
2015-05-30 16:26:45 [INFO] [Multiverse-Core] Loading World & Settings - 'world_the_end' - Env: THE_END - Type: FLAT & seed: -4315406086328175024
2015-05-30 16:26:45 [INFO] [Multiverse-Core] Loading World & Settings - 'plotworld' - Env: NORMAL - Type: NORMAL & seed: 1483843031056246239 & generator: PlotMe
2015-05-30 16:26:45 [INFO] [Multiverse-Core] 4 - World(s) loaded.
2015-05-30 18:39:08 [INFO] [Multiverse-Core] - Version 2.4-b527 (API v14) Enabled - By Rigby, fernferret, lithium3141 and main--
2015-05-30 18:39:09 [INFO] [Multiverse-Core] Loading World & Settings - 'world' - Env: NORMAL - Type: FLAT & seed: -4315406086328175024
2015-05-30 18:39:09 [INFO] [Multiverse-Core] Loading World & Settings - 'world_nether' - Env: NETHER - Type: FLAT & seed: -4315406086328175024
2015-05-30 18:39:09 [INFO] [Multiverse-Core] Loading World & Settings - 'world_the_end' - Env: THE_END - Type: FLAT & seed: -4315406086328175024
2015-05-30 18:39:09 [INFO] [Multiverse-Core] Loading World & Settings - 'plotworld' - Env: NORMAL - Type: NORMAL & seed: 1483843031056246239 & generator: PlotMe
2015-05-30 18:39:09 [INFO] [Multiverse-Core] 4 - World(s) loaded.
2015-05-30 20:12:52 [INFO] [Multiverse-Core] - Version 2.4-b527 (API v14) Enabled - By Rigby, fernferret, lithium3141 and main--
2015-05-30 20:12:52 [INFO] [Multiverse-Core] Loading World & Settings - 'world' - Env: NORMAL - Type: FLAT & seed: -4315406086328175024
2015-05-30 20:12:52 [INFO] [Multiverse-Core] Loading World & Settings - 'world_nether' - Env: NETHER - Type: FLAT & seed: -4315406086328175024
2015-05-30 20:12:52 [INFO] [Multiverse-Core] Loading World & Settings - 'world_the_end' - Env: THE_END - Type: FLAT & seed: -4315406086328175024
2015-05-30 20:12:52 [INFO] [Multiverse-Core] Loading World & Settings - 'plotworld' - Env: NORMAL - Type: NORMAL & seed: 1483843031056246239 & generator: PlotMe
2015-05-30 20:12:53 [INFO] [Multiverse-Core] 4 - World(s) loaded.
2015-05-31 13:33:07 [INFO] [Multiverse-Core] - Version 2.4-b527 (API v14) Enabled - By Rigby, fernferret, lithium3141 and main--
2015-05-31 13:33:07 [INFO] [Multiverse-Core] Loading World & Settings - 'world' - Env: NORMAL - Type: FLAT & seed: -4315406086328175024
2015-05-31 13:33:07 [INFO] [Multiverse-Core] Loading World & Settings - 'world_nether' - Env: NETHER - Type: FLAT & seed: -4315406086328175024
2015-05-31 13:33:07 [INFO] [Multiverse-Core] Loading World & Settings - 'world_the_end' - Env: THE_END - Type: FLAT & seed: -4315406086328175024
2015-05-31 13:33:07 [INFO] [Multiverse-Core] Loading World & Settings - 'plotworld' - Env: NORMAL - Type: NORMAL & seed: 1483843031056246239 & generator: PlotMe
2015-05-31 13:33:08 [INFO] [Multiverse-Core] 4 - World(s) loaded.
2015-06-01 19:08:08 [INFO] [Multiverse-Core] - Version 2.4-b527 (API v14) Enabled - By Rigby, fernferret, lithium3141 and main--
2015-06-01 19:08:09 [INFO] [Multiverse-Core] Loading World & Settings - 'world' - Env: NORMAL - Type: FLAT & seed: -4315406086328175024
2015-06-01 19:08:09 [INFO] [Multiverse-Core] Loading World & Settings - 'world_nether' - Env: NETHER - Type: FLAT & seed: -4315406086328175024
2015-06-01 19:08:09 [INFO] [Multiverse-Core] Loading World & Settings - 'world_the_end' - Env: THE_END - Type: FLAT & seed: -4315406086328175024
2015-06-01 19:08:09 [INFO] [Multiverse-Core] Loading World & Settings - 'plotworld' - Env: NORMAL - Type: NORMAL & seed: 1483843031056246239 & generator: PlotMe
2015-06-01 19:08:09 [INFO] [Multiverse-Core] 4 - World(s) loaded.
2015-06-01 19:15:13 [INFO] [Multiverse-Core] - Version 2.4-b527 (API v14) Enabled - By Rigby, fernferret, lithium3141 and main--
2015-06-01 19:15:14 [INFO] [Multiverse-Core] Loading World & Settings - 'world' - Env: NORMAL - Type: FLAT & seed: -4315406086328175024
2015-06-01 19:15:14 [INFO] [Multiverse-Core] Loading World & Settings - 'world_nether' - Env: NETHER - Type: FLAT & seed: -4315406086328175024
2015-06-01 19:15:14 [INFO] [Multiverse-Core] Loading World & Settings - 'world_the_end' - Env: THE_END - Type: FLAT & seed: -4315406086328175024
2015-06-01 19:15:14 [INFO] [Multiverse-Core] Loading World & Settings - 'plotworld' - Env: NORMAL - Type: NORMAL & seed: 1483843031056246239 & generator: PlotMe
2015-06-01 19:15:14 [INFO] [Multiverse-Core] 4 - World(s) loaded.
2015-06-01 19:18:54 [INFO] [Multiverse-Core] - Version 2.4-b527 (API v14) Enabled - By Rigby, fernferret, lithium3141 and main--
2015-06-01 19:18:55 [INFO] [Multiverse-Core] Loading World & Settings - 'world' - Env: NORMAL - Type: FLAT & seed: -4315406086328175024
2015-06-01 19:18:55 [INFO] [Multiverse-Core] Loading World & Settings - 'world_nether' - Env: NETHER - Type: FLAT & seed: -4315406086328175024
2015-06-01 19:18:55 [INFO] [Multiverse-Core] Loading World & Settings - 'world_the_end' - Env: THE_END - Type: FLAT & seed: -4315406086328175024
2015-06-01 19:18:55 [INFO] [Multiverse-Core] Loading World & Settings - 'plotworld' - Env: NORMAL - Type: NORMAL & seed: 1483843031056246239 & generator: PlotMe
2015-06-01 19:18:56 [INFO] [Multiverse-Core] 4 - World(s) loaded.
2015-06-01 19:39:10 [INFO] [Multiverse-Core] - Version 2.4-b527 (API v14) Enabled - By Rigby, fernferret, lithium3141 and main--
2015-06-01 19:39:10 [INFO] [Multiverse-Core] Loading World & Settings - 'world' - Env: NORMAL - Type: FLAT & seed: -4315406086328175024
2015-06-01 19:39:11 [INFO] [Multiverse-Core] Loading World & Settings - 'world_nether' - Env: NETHER - Type: FLAT & seed: -4315406086328175024
2015-06-01 19:39:12 [INFO] [Multiverse-Core] Loading World & Settings - 'world_the_end' - Env: THE_END - Type: FLAT & seed: -4315406086328175024
2015-06-01 19:39:12 [INFO] [Multiverse-Core] Loading World & Settings - 'plotworld' - Env: NORMAL - Type: NORMAL & seed: 1483843031056246239 & generator: PlotMe
2015-06-01 19:39:12 [INFO] [Multiverse-Core] 4 - World(s) loaded.
2015-06-12 11:04:01 [INFO] [Multiverse-Core] - Version 2.4-b527 (API v14) Enabled - By Rigby, fernferret, lithium3141 and main--
2015-06-12 11:04:02 [INFO] [Multiverse-Core] Loading World & Settings - 'world' - Env: NORMAL - Type: FLAT & seed: -4315406086328175024
2015-06-12 11:04:02 [INFO] [Multiverse-Core] Loading World & Settings - 'world_nether' - Env: NETHER - Type: FLAT & seed: -4315406086328175024
2015-06-12 11:04:02 [INFO] [Multiverse-Core] Loading World & Settings - 'world_the_end' - Env: THE_END - Type: FLAT & seed: -4315406086328175024
2015-06-12 11:04:02 [INFO] [Multiverse-Core] Loading World & Settings - 'plotworld' - Env: NORMAL - Type: NORMAL & seed: 1483843031056246239 & generator: PlotMe
2015-06-12 11:04:05 [INFO] [Multiverse-Core] 4 - World(s) loaded.
2015-06-12 11:28:04 [INFO] [Multiverse-Core] - Version 2.4-b527 (API v14) Enabled - By Rigby, fernferret, lithium3141 and main--
2015-06-12 11:28:04 [INFO] [Multiverse-Core] Loading World & Settings - 'world' - Env: NORMAL - Type: FLAT & seed: -4315406086328175024
2015-06-12 11:28:04 [INFO] [Multiverse-Core] Loading World & Settings - 'world_nether' - Env: NETHER - Type: FLAT & seed: -4315406086328175024
2015-06-12 11:28:04 [INFO] [Multiverse-Core] Loading World & Settings - 'world_the_end' - Env: THE_END - Type: FLAT & seed: -4315406086328175024
2015-06-12 11:28:04 [INFO] [Multiverse-Core] Loading World & Settings - 'plotworld' - Env: NORMAL - Type: NORMAL & seed: 1483843031056246239 & generator: PlotMe
2015-06-12 11:28:05 [INFO] [Multiverse-Core] 4 - World(s) loaded.
2015-06-12 12:21:36 [INFO] [Multiverse-Core] - Version 2.4-b527 (API v14) Enabled - By Rigby, fernferret, lithium3141 and main--
2015-06-12 12:21:37 [INFO] [Multiverse-Core] Loading World & Settings - 'world' - Env: NORMAL - Type: FLAT & seed: -4315406086328175024
2015-06-12 12:21:37 [INFO] [Multiverse-Core] Loading World & Settings - 'world_nether' - Env: NETHER - Type: FLAT & seed: -4315406086328175024
2015-06-12 12:21:37 [INFO] [Multiverse-Core] Loading World & Settings - 'world_the_end' - Env: THE_END - Type: FLAT & seed: -4315406086328175024
2015-06-12 12:21:37 [INFO] [Multiverse-Core] Loading World & Settings - 'plotworld' - Env: NORMAL - Type: NORMAL & seed: 1483843031056246239 & generator: PlotMe
2015-06-12 12:21:38 [INFO] [Multiverse-Core] 4 - World(s) loaded.
2015-06-12 12:38:31 [INFO] [Multiverse-Core] - Version 2.4-b527 (API v14) Enabled - By Rigby, fernferret, lithium3141 and main--
2015-06-12 12:38:32 [INFO] [Multiverse-Core] Loading World & Settings - 'world' - Env: NORMAL - Type: FLAT & seed: -4315406086328175024
2015-06-12 12:38:32 [INFO] [Multiverse-Core] Loading World & Settings - 'world_nether' - Env: NETHER - Type: FLAT & seed: -4315406086328175024
2015-06-12 12:38:32 [INFO] [Multiverse-Core] Loading World & Settings - 'world_the_end' - Env: THE_END - Type: FLAT & seed: -4315406086328175024
2015-06-12 12:38:32 [INFO] [Multiverse-Core] Loading World & Settings - 'plotworld' - Env: NORMAL - Type: NORMAL & seed: 1483843031056246239 & generator: PlotMe
2015-06-12 12:38:33 [INFO] [Multiverse-Core] 4 - World(s) loaded.
2015-06-12 22:05:21 [INFO] [Multiverse-Core] - Version 2.4-b527 (API v14) Enabled - By Rigby, fernferret, lithium3141 and main--
2015-06-12 22:05:21 [INFO] [Multiverse-Core] Loading World & Settings - 'world' - Env: NORMAL - Type: FLAT & seed: -4315406086328175024
2015-06-12 22:05:22 [INFO] [Multiverse-Core] Loading World & Settings - 'world_nether' - Env: NETHER - Type: FLAT & seed: -4315406086328175024
2015-06-12 22:05:22 [INFO] [Multiverse-Core] Loading World & Settings - 'world_the_end' - Env: THE_END - Type: FLAT & seed: -4315406086328175024
2015-06-12 22:05:22 [INFO] [Multiverse-Core] Loading World & Settings - 'plotworld' - Env: NORMAL - Type: NORMAL & seed: 1483843031056246239 & generator: PlotMe
2015-06-12 22:05:22 [INFO] [Multiverse-Core] 4 - World(s) loaded.
2015-06-12 22:53:38 [INFO] [Multiverse-Core] - Version 2.4-b527 (API v14) Enabled - By Rigby, fernferret, lithium3141 and main--
2015-06-12 22:53:38 [INFO] [Multiverse-Core] Loading World & Settings - 'world' - Env: NORMAL - Type: FLAT & seed: -4315406086328175024
2015-06-12 22:53:39 [INFO] [Multiverse-Core] Loading World & Settings - 'world_nether' - Env: NETHER - Type: FLAT & seed: -4315406086328175024
2015-06-12 22:53:39 [INFO] [Multiverse-Core] Loading World & Settings - 'world_the_end' - Env: THE_END - Type: FLAT & seed: -4315406086328175024
2015-06-12 22:53:39 [INFO] [Multiverse-Core] Loading World & Settings - 'plotworld' - Env: NORMAL - Type: NORMAL & seed: 1483843031056246239 & generator: PlotMe
2015-06-12 22:53:40 [INFO] [Multiverse-Core] 4 - World(s) loaded.
2015-06-12 23:55:29 [INFO] [Multiverse-Core] - Version 2.4-b527 (API v14) Enabled - By Rigby, fernferret, lithium3141 and main--
2015-06-12 23:55:30 [INFO] [Multiverse-Core] Loading World & Settings - 'world' - Env: NORMAL - Type: FLAT & seed: -4315406086328175024
2015-06-12 23:55:33 [INFO] [Multiverse-Core] Loading World & Settings - 'world_nether' - Env: NETHER - Type: FLAT & seed: -4315406086328175024
2015-06-12 23:55:33 [INFO] [Multiverse-Core] Loading World & Settings - 'world_the_end' - Env: THE_END - Type: FLAT & seed: -4315406086328175024
2015-06-12 23:55:33 [INFO] [Multiverse-Core] Loading World & Settings - 'plotworld' - Env: NORMAL - Type: NORMAL & seed: 1483843031056246239 & generator: PlotMe
2015-06-12 23:55:37 [INFO] [Multiverse-Core] 4 - World(s) loaded.
2015-06-13 08:50:05 [INFO] [Multiverse-Core] - Version 2.4-b527 (API v14) Enabled - By Rigby, fernferret, lithium3141 and main--
2015-06-13 08:50:06 [INFO] [Multiverse-Core] Loading World & Settings - 'world' - Env: NORMAL - Type: FLAT & seed: -4315406086328175024
2015-06-13 08:50:06 [INFO] [Multiverse-Core] Loading World & Settings - 'world_nether' - Env: NETHER - Type: FLAT & seed: -4315406086328175024
2015-06-13 08:50:06 [INFO] [Multiverse-Core] Loading World & Settings - 'world_the_end' - Env: THE_END - Type: FLAT & seed: -4315406086328175024
2015-06-13 08:50:06 [INFO] [Multiverse-Core] Loading World & Settings - 'plotworld' - Env: NORMAL - Type: NORMAL & seed: 1483843031056246239 & generator: PlotMe
2015-06-13 08:50:09 [INFO] [Multiverse-Core] 4 - World(s) loaded.
2015-06-13 09:56:45 [INFO] [Multiverse-Core] - Version 2.4-b527 (API v14) Enabled - By Rigby, fernferret, lithium3141 and main--
2015-06-13 09:56:46 [INFO] [Multiverse-Core] Loading World & Settings - 'world' - Env: NORMAL - Type: FLAT & seed: -4315406086328175024
2015-06-13 09:56:47 [INFO] [Multiverse-Core] Loading World & Settings - 'world_nether' - Env: NETHER - Type: FLAT & seed: -4315406086328175024
2015-06-13 09:56:49 [INFO] [Multiverse-Core] Loading World & Settings - 'world_the_end' - Env: THE_END - Type: FLAT & seed: -4315406086328175024
2015-06-13 09:56:50 [INFO] [Multiverse-Core] Loading World & Settings - 'plotworld' - Env: NORMAL - Type: NORMAL & seed: 1483843031056246239 & generator: PlotMe
2015-06-13 09:56:50 [INFO] [Multiverse-Core] 4 - World(s) loaded.
2015-06-13 10:00:28 [INFO] [Multiverse-Core] - Version 2.4-b527 (API v14) Enabled - By Rigby, fernferret, lithium3141 and main--
2015-06-13 10:00:29 [INFO] [Multiverse-Core] Loading World & Settings - 'world' - Env: NORMAL - Type: FLAT & seed: -4315406086328175024
2015-06-13 10:00:30 [INFO] [Multiverse-Core] Loading World & Settings - 'world_nether' - Env: NETHER - Type: FLAT & seed: -4315406086328175024
2015-06-13 10:00:31 [INFO] [Multiverse-Core] Loading World & Settings - 'world_the_end' - Env: THE_END - Type: FLAT & seed: -4315406086328175024
2015-06-13 10:00:31 [INFO] [Multiverse-Core] Loading World & Settings - 'plotworld' - Env: NORMAL - Type: NORMAL & seed: 1483843031056246239 & generator: PlotMe
2015-06-13 10:00:32 [INFO] [Multiverse-Core] 4 - World(s) loaded.
2015-06-13 10:02:13 [INFO] [Multiverse-Core] - Version 2.4-b527 (API v14) Enabled - By Rigby, fernferret, lithium3141 and main--
2015-06-13 10:02:13 [INFO] [Multiverse-Core] Loading World & Settings - 'world' - Env: NORMAL - Type: FLAT & seed: -4315406086328175024
2015-06-13 10:02:14 [INFO] [Multiverse-Core] Loading World & Settings - 'world_nether' - Env: NETHER - Type: FLAT & seed: -4315406086328175024
2015-06-13 10:02:15 [INFO] [Multiverse-Core] Loading World & Settings - 'world_the_end' - Env: THE_END - Type: FLAT & seed: -4315406086328175024
2015-06-13 10:02:16 [INFO] [Multiverse-Core] Loading World & Settings - 'plotworld' - Env: NORMAL - Type: NORMAL & seed: 1483843031056246239 & generator: PlotMe
2015-06-13 10:02:16 [INFO] [Multiverse-Core] 4 - World(s) loaded.
2015-06-13 10:20:19 [INFO] [Multiverse-Core] - Version 2.4-b527 (API v14) Enabled - By Rigby, fernferret, lithium3141 and main--
2015-06-13 10:20:20 [INFO] [Multiverse-Core] Loading World & Settings - 'world' - Env: NORMAL - Type: FLAT & seed: -4315406086328175024
2015-06-13 10:20:21 [INFO] [Multiverse-Core] Loading World & Settings - 'world_nether' - Env: NETHER - Type: FLAT & seed: -4315406086328175024
2015-06-13 10:20:22 [INFO] [Multiverse-Core] Loading World & Settings - 'world_the_end' - Env: THE_END - Type: FLAT & seed: -4315406086328175024
2015-06-13 10:20:22 [INFO] [Multiverse-Core] Loading World & Settings - 'plotworld' - Env: NORMAL - Type: NORMAL & seed: 1483843031056246239 & generator: PlotMe
2015-06-13 10:20:23 [INFO] [Multiverse-Core] 4 - World(s) loaded.
2015-06-13 10:22:54 [INFO] [Multiverse-Core] - Version 2.4-b527 (API v14) Enabled - By Rigby, fernferret, lithium3141 and main--
2015-06-13 10:22:55 [INFO] [Multiverse-Core] Loading World & Settings - 'world' - Env: NORMAL - Type: FLAT & seed: -4315406086328175024
2015-06-13 10:22:56 [INFO] [Multiverse-Core] Loading World & Settings - 'world_nether' - Env: NETHER - Type: FLAT & seed: -4315406086328175024
2015-06-13 10:22:57 [INFO] [Multiverse-Core] Loading World & Settings - 'world_the_end' - Env: THE_END - Type: FLAT & seed: -4315406086328175024
2015-06-13 10:22:57 [INFO] [Multiverse-Core] Loading World & Settings - 'plotworld' - Env: NORMAL - Type: NORMAL & seed: 1483843031056246239 & generator: PlotMe
2015-06-13 10:22:58 [INFO] [Multiverse-Core] 4 - World(s) loaded.
2015-06-13 10:24:46 [INFO] [Multiverse-Core] - Version 2.4-b527 (API v14) Enabled - By Rigby, fernferret, lithium3141 and main--
2015-06-13 10:24:46 [INFO] [Multiverse-Core] Loading World & Settings - 'world' - Env: NORMAL - Type: FLAT & seed: -4315406086328175024
2015-06-13 10:24:47 [INFO] [Multiverse-Core] Loading World & Settings - 'world_nether' - Env: NETHER - Type: FLAT & seed: -4315406086328175024
2015-06-13 10:24:48 [INFO] [Multiverse-Core] Loading World & Settings - 'world_the_end' - Env: THE_END - Type: FLAT & seed: -4315406086328175024
2015-06-13 10:24:48 [INFO] [Multiverse-Core] Loading World & Settings - 'plotworld' - Env: NORMAL - Type: NORMAL & seed: 1483843031056246239 & generator: PlotMe
2015-06-13 10:24:48 [INFO] [Multiverse-Core] 4 - World(s) loaded.
2015-06-13 12:08:10 [INFO] [Multiverse-Core] - Version 2.4-b527 (API v14) Enabled - By Rigby, fernferret, lithium3141 and main--
2015-06-13 12:08:11 [INFO] [Multiverse-Core] Loading World & Settings - 'world' - Env: NORMAL - Type: FLAT & seed: -4315406086328175024
2015-06-13 12:08:14 [INFO] [Multiverse-Core] Loading World & Settings - 'world_nether' - Env: NETHER - Type: FLAT & seed: -4315406086328175024
2015-06-13 12:08:18 [INFO] [Multiverse-Core] Loading World & Settings - 'world_the_end' - Env: THE_END - Type: FLAT & seed: -4315406086328175024
2015-06-13 12:08:22 [INFO] [Multiverse-Core] Loading World & Settings - 'plotworld' - Env: NORMAL - Type: NORMAL & seed: 1483843031056246239 & generator: PlotMe
2015-06-13 12:08:23 [INFO] [Multiverse-Core] 4 - World(s) loaded.
2015-06-13 12:19:04 [INFO] [Multiverse-Core] - Version 2.4-b527 (API v14) Enabled - By Rigby, fernferret, lithium3141 and main--
2015-06-13 12:19:05 [INFO] [Multiverse-Core] Loading World & Settings - 'world' - Env: NORMAL - Type: FLAT & seed: -4315406086328175024
2015-06-13 12:19:07 [INFO] [Multiverse-Core] Loading World & Settings - 'world_nether' - Env: NETHER - Type: FLAT & seed: -4315406086328175024
2015-06-13 12:19:08 [INFO] [Multiverse-Core] Loading World & Settings - 'world_the_end' - Env: THE_END - Type: FLAT & seed: -4315406086328175024
2015-06-13 12:19:08 [INFO] [Multiverse-Core] Loading World & Settings - 'plotworld' - Env: NORMAL - Type: NORMAL & seed: 1483843031056246239 & generator: PlotMe
2015-06-13 12:19:09 [INFO] [Multiverse-Core] 4 - World(s) loaded.
2015-06-13 12:21:21 [INFO] [Multiverse-Core] - Version 2.4-b527 (API v14) Enabled - By Rigby, fernferret, lithium3141 and main--
2015-06-13 12:21:24 [INFO] [Multiverse-Core] Loading World & Settings - 'world' - Env: NORMAL - Type: FLAT & seed: -4315406086328175024
2015-06-13 12:21:27 [INFO] [Multiverse-Core] Loading World & Settings - 'world_nether' - Env: NETHER - Type: FLAT & seed: -4315406086328175024
2015-06-13 12:21:28 [INFO] [Multiverse-Core] Loading World & Settings - 'world_the_end' - Env: THE_END - Type: FLAT & seed: -4315406086328175024
2015-06-13 12:21:28 [INFO] [Multiverse-Core] Loading World & Settings - 'plotworld' - Env: NORMAL - Type: NORMAL & seed: 1483843031056246239 & generator: PlotMe
2015-06-13 12:21:29 [INFO] [Multiverse-Core] 4 - World(s) loaded.
2015-06-13 15:53:45 [INFO] [Multiverse-Core] - Version 2.4-b527 (API v14) Enabled - By Rigby, fernferret, lithium3141 and main--
2015-06-13 15:53:45 [INFO] [Multiverse-Core] Loading World & Settings - 'world' - Env: NORMAL - Type: FLAT & seed: -4315406086328175024
2015-06-13 15:53:45 [INFO] [Multiverse-Core] Loading World & Settings - 'world_nether' - Env: NETHER - Type: FLAT & seed: -4315406086328175024
2015-06-13 15:53:45 [INFO] [Multiverse-Core] Loading World & Settings - 'world_the_end' - Env: THE_END - Type: FLAT & seed: -4315406086328175024
2015-06-13 15:53:45 [INFO] [Multiverse-Core] Loading World & Settings - 'plotworld' - Env: NORMAL - Type: NORMAL & seed: 1483843031056246239 & generator: PlotMe
2015-06-13 15:53:46 [INFO] [Multiverse-Core] 4 - World(s) loaded.
2015-06-13 16:28:50 [INFO] [Multiverse-Core] - Version 2.4-b527 (API v14) Enabled - By Rigby, fernferret, lithium3141 and main--
2015-06-13 16:28:51 [INFO] [Multiverse-Core] Loading World & Settings - 'world' - Env: NORMAL - Type: FLAT & seed: -4315406086328175024
2015-06-13 16:28:53 [INFO] [Multiverse-Core] Loading World & Settings - 'world_nether' - Env: NETHER - Type: FLAT & seed: -4315406086328175024
2015-06-13 16:28:55 [INFO] [Multiverse-Core] Loading World & Settings - 'world_the_end' - Env: THE_END - Type: FLAT & seed: -4315406086328175024
2015-06-13 16:28:55 [INFO] [Multiverse-Core] Loading World & Settings - 'plotworld' - Env: NORMAL - Type: NORMAL & seed: 1483843031056246239 & generator: PlotMe
2015-06-13 16:28:55 [INFO] [Multiverse-Core] 4 - World(s) loaded.
2015-06-13 16:39:03 [INFO] [Multiverse-Core] - Version 2.4-b527 (API v14) Enabled - By Rigby, fernferret, lithium3141 and main--
2015-06-13 16:39:04 [INFO] [Multiverse-Core] Loading World & Settings - 'world' - Env: NORMAL - Type: FLAT & seed: -4315406086328175024
2015-06-13 16:39:06 [INFO] [Multiverse-Core] Loading World & Settings - 'world_nether' - Env: NETHER - Type: FLAT & seed: -4315406086328175024
2015-06-13 16:39:08 [INFO] [Multiverse-Core] Loading World & Settings - 'world_the_end' - Env: THE_END - Type: FLAT & seed: -4315406086328175024
2015-06-13 16:39:08 [INFO] [Multiverse-Core] Loading World & Settings - 'plotworld' - Env: NORMAL - Type: NORMAL & seed: 1483843031056246239 & generator: PlotMe
2015-06-13 16:39:08 [INFO] [Multiverse-Core] 4 - World(s) loaded.
2015-06-13 16:59:35 [INFO] [Multiverse-Core] - Version 2.4-b527 (API v14) Enabled - By Rigby, fernferret, lithium3141 and main--
2015-06-13 16:59:36 [INFO] [Multiverse-Core] Loading World & Settings - 'world' - Env: NORMAL - Type: FLAT & seed: -4315406086328175024
2015-06-13 16:59:38 [INFO] [Multiverse-Core] Loading World & Settings - 'world_nether' - Env: NETHER - Type: FLAT & seed: -4315406086328175024
2015-06-13 16:59:40 [INFO] [Multiverse-Core] Loading World & Settings - 'world_the_end' - Env: THE_END - Type: FLAT & seed: -4315406086328175024
2015-06-13 16:59:40 [INFO] [Multiverse-Core] Loading World & Settings - 'plotworld' - Env: NORMAL - Type: NORMAL & seed: 1483843031056246239 & generator: PlotMe
2015-06-13 16:59:41 [INFO] [Multiverse-Core] 4 - World(s) loaded.
2015-06-13 17:01:58 [INFO] [Multiverse-Core] - Version 2.4-b527 (API v14) Enabled - By Rigby, fernferret, lithium3141 and main--
2015-06-13 17:01:59 [INFO] [Multiverse-Core] Loading World & Settings - 'world' - Env: NORMAL - Type: FLAT & seed: -4315406086328175024
2015-06-13 17:02:01 [INFO] [Multiverse-Core] Loading World & Settings - 'world_nether' - Env: NETHER - Type: FLAT & seed: -4315406086328175024
2015-06-13 17:02:02 [INFO] [Multiverse-Core] Loading World & Settings - 'world_the_end' - Env: THE_END - Type: FLAT & seed: -4315406086328175024
2015-06-13 17:02:02 [INFO] [Multiverse-Core] Loading World & Settings - 'plotworld' - Env: NORMAL - Type: NORMAL & seed: 1483843031056246239 & generator: PlotMe
2015-06-13 17:02:02 [INFO] [Multiverse-Core] 4 - World(s) loaded.
2015-06-13 17:03:36 [INFO] [Multiverse-Core] - Version 2.4-b527 (API v14) Enabled - By Rigby, fernferret, lithium3141 and main--
2015-06-13 17:03:38 [INFO] [Multiverse-Core] Loading World & Settings - 'world' - Env: NORMAL - Type: FLAT & seed: -4315406086328175024
2015-06-13 17:03:39 [INFO] [Multiverse-Core] Loading World & Settings - 'world_nether' - Env: NETHER - Type: FLAT & seed: -4315406086328175024
2015-06-13 17:03:39 [INFO] [Multiverse-Core] Loading World & Settings - 'world_the_end' - Env: THE_END - Type: FLAT & seed: -4315406086328175024
2015-06-13 17:03:40 [INFO] [Multiverse-Core] Loading World & Settings - 'plotworld' - Env: NORMAL - Type: NORMAL & seed: 1483843031056246239 & generator: PlotMe
2015-06-13 17:03:41 [INFO] [Multiverse-Core] 4 - World(s) loaded.
2015-06-13 17:04:24 [INFO] [Multiverse-Core] - Version 2.4-b527 (API v14) Enabled - By Rigby, fernferret, lithium3141 and main--
2015-06-13 17:04:25 [INFO] [Multiverse-Core] Loading World & Settings - 'world' - Env: NORMAL - Type: FLAT & seed: -4315406086328175024
2015-06-13 17:04:27 [INFO] [Multiverse-Core] Loading World & Settings - 'world_nether' - Env: NETHER - Type: FLAT & seed: -4315406086328175024
2015-06-13 17:04:28 [INFO] [Multiverse-Core] Loading World & Settings - 'world_the_end' - Env: THE_END - Type: FLAT & seed: -4315406086328175024
2015-06-13 17:04:28 [INFO] [Multiverse-Core] Loading World & Settings - 'plotworld' - Env: NORMAL - Type: NORMAL & seed: 1483843031056246239 & generator: PlotMe
2015-06-13 17:04:29 [INFO] [Multiverse-Core] 4 - World(s) loaded.
2015-06-13 17:05:56 [INFO] [Multiverse-Core] - Version 2.4-b527 (API v14) Enabled - By Rigby, fernferret, lithium3141 and main--
2015-06-13 17:05:57 [INFO] [Multiverse-Core] Loading World & Settings - 'world' - Env: NORMAL - Type: FLAT & seed: -4315406086328175024
2015-06-13 17:05:57 [INFO] [Multiverse-Core] Loading World & Settings - 'world_nether' - Env: NETHER - Type: FLAT & seed: -4315406086328175024
2015-06-13 17:05:57 [INFO] [Multiverse-Core] Loading World & Settings - 'world_the_end' - Env: THE_END - Type: FLAT & seed: -4315406086328175024
2015-06-13 17:05:57 [INFO] [Multiverse-Core] Loading World & Settings - 'plotworld' - Env: NORMAL - Type: NORMAL & seed: 1483843031056246239 & generator: PlotMe
2015-06-13 17:05:59 [INFO] [Multiverse-Core] 4 - World(s) loaded.
2015-06-13 17:38:50 [INFO] [Multiverse-Core] - Version 2.4-b527 (API v14) Enabled - By Rigby, fernferret, lithium3141 and main--
2015-06-13 17:38:51 [INFO] [Multiverse-Core] Loading World & Settings - 'world' - Env: NORMAL - Type: FLAT & seed: -4315406086328175024
2015-06-13 17:38:52 [INFO] [Multiverse-Core] Loading World & Settings - 'world_nether' - Env: NETHER - Type: FLAT & seed: -4315406086328175024
2015-06-13 17:38:52 [INFO] [Multiverse-Core] Loading World & Settings - 'world_the_end' - Env: THE_END - Type: FLAT & seed: -4315406086328175024
2015-06-13 17:38:52 [INFO] [Multiverse-Core] Loading World & Settings - 'plotworld' - Env: NORMAL - Type: NORMAL & seed: 1483843031056246239 & generator: PlotMe
2015-06-13 17:38:53 [INFO] [Multiverse-Core] 4 - World(s) loaded.
2015-06-13 17:45:52 [INFO] [Multiverse-Core] - Version 2.4-b527 (API v14) Enabled - By Rigby, fernferret, lithium3141 and main--
2015-06-13 17:45:53 [INFO] [Multiverse-Core] Loading World & Settings - 'world' - Env: NORMAL - Type: FLAT & seed: -4315406086328175024
2015-06-13 17:45:54 [INFO] [Multiverse-Core] Loading World & Settings - 'world_nether' - Env: NETHER - Type: FLAT & seed: -4315406086328175024
2015-06-13 17:45:54 [INFO] [Multiverse-Core] Loading World & Settings - 'world_the_end' - Env: THE_END - Type: FLAT & seed: -4315406086328175024
2015-06-13 17:45:55 [INFO] [Multiverse-Core] Loading World & Settings - 'plotworld' - Env: NORMAL - Type: NORMAL & seed: 1483843031056246239 & generator: PlotMe
2015-06-13 17:45:55 [INFO] [Multiverse-Core] 4 - World(s) loaded.
2015-06-13 17:58:52 [INFO] [Multiverse-Core] - Version 2.4-b527 (API v14) Enabled - By Rigby, fernferret, lithium3141 and main--
2015-06-13 17:58:53 [INFO] [Multiverse-Core] Loading World & Settings - 'world' - Env: NORMAL - Type: FLAT & seed: -4315406086328175024
2015-06-13 17:58:54 [INFO] [Multiverse-Core] Loading World & Settings - 'world_nether' - Env: NETHER - Type: FLAT & seed: -4315406086328175024
2015-06-13 17:58:55 [INFO] [Multiverse-Core] Loading World & Settings - 'world_the_end' - Env: THE_END - Type: FLAT & seed: -4315406086328175024
2015-06-13 17:58:55 [INFO] [Multiverse-Core] Loading World & Settings - 'plotworld' - Env: NORMAL - Type: NORMAL & seed: 1483843031056246239 & generator: PlotMe
2015-06-13 17:58:55 [INFO] [Multiverse-Core] 4 - World(s) loaded.
2015-06-13 18:38:02 [INFO] [Multiverse-Core] - Version 2.4-b527 (API v14) Enabled - By Rigby, fernferret, lithium3141 and main--
2015-06-13 18:38:03 [INFO] [Multiverse-Core] Loading World & Settings - 'world' - Env: NORMAL - Type: FLAT & seed: -4315406086328175024
2015-06-13 18:38:03 [INFO] [Multiverse-Core] Loading World & Settings - 'world_nether' - Env: NETHER - Type: FLAT & seed: -4315406086328175024
2015-06-13 18:38:03 [INFO] [Multiverse-Core] Loading World & Settings - 'world_the_end' - Env: THE_END - Type: FLAT & seed: -4315406086328175024
2015-06-13 18:38:03 [INFO] [Multiverse-Core] Loading World & Settings - 'plotworld' - Env: NORMAL - Type: NORMAL & seed: 1483843031056246239 & generator: PlotMe
2015-06-13 18:38:04 [INFO] [Multiverse-Core] 4 - World(s) loaded.
2015-06-13 19:01:52 [INFO] [Multiverse-Core] - Version 2.4-b527 (API v14) Enabled - By Rigby, fernferret, lithium3141 and main--
2015-06-13 19:01:54 [INFO] [Multiverse-Core] Loading World & Settings - 'world' - Env: NORMAL - Type: FLAT & seed: -4315406086328175024
2015-06-13 19:01:56 [INFO] [Multiverse-Core] Loading World & Settings - 'world_nether' - Env: NETHER - Type: FLAT & seed: -4315406086328175024
2015-06-13 19:01:57 [INFO] [Multiverse-Core] Loading World & Settings - 'world_the_end' - Env: THE_END - Type: FLAT & seed: -4315406086328175024
2015-06-13 19:01:57 [INFO] [Multiverse-Core] Loading World & Settings - 'plotworld' - Env: NORMAL - Type: NORMAL & seed: 1483843031056246239 & generator: PlotMe
2015-06-13 19:01:58 [INFO] [Multiverse-Core] 4 - World(s) loaded.
2015-06-13 19:06:06 [INFO] [Multiverse-Core] - Version 2.4-b527 (API v14) Enabled - By Rigby, fernferret, lithium3141 and main--
2015-06-13 19:06:06 [INFO] [Multiverse-Core] Loading World & Settings - 'world' - Env: NORMAL - Type: FLAT & seed: -4315406086328175024
2015-06-13 19:06:06 [INFO] [Multiverse-Core] Loading World & Settings - 'world_nether' - Env: NETHER - Type: FLAT & seed: -4315406086328175024
2015-06-13 19:06:06 [INFO] [Multiverse-Core] Loading World & Settings - 'world_the_end' - Env: THE_END - Type: FLAT & seed: -4315406086328175024
2015-06-13 19:06:06 [INFO] [Multiverse-Core] Loading World & Settings - 'plotworld' - Env: NORMAL - Type: NORMAL & seed: 1483843031056246239 & generator: PlotMe
2015-06-13 19:06:07 [INFO] [Multiverse-Core] 4 - World(s) loaded.
2015-06-13 19:17:01 [INFO] [Multiverse-Core] - Version 2.4-b527 (API v14) Enabled - By Rigby, fernferret, lithium3141 and main--
2015-06-13 19:17:02 [INFO] [Multiverse-Core] Loading World & Settings - 'world' - Env: NORMAL - Type: FLAT & seed: -4315406086328175024
2015-06-13 19:17:02 [INFO] [Multiverse-Core] Loading World & Settings - 'world_nether' - Env: NETHER - Type: FLAT & seed: -4315406086328175024
2015-06-13 19:17:02 [INFO] [Multiverse-Core] Loading World & Settings - 'world_the_end' - Env: THE_END - Type: FLAT & seed: -4315406086328175024
2015-06-13 19:17:02 [INFO] [Multiverse-Core] Loading World & Settings - 'plotworld' - Env: NORMAL - Type: NORMAL & seed: 1483843031056246239 & generator: PlotMe
2015-06-13 19:17:03 [INFO] [Multiverse-Core] 4 - World(s) loaded.
2015-06-13 19:20:06 [INFO] [Multiverse-Core] - Version 2.4-b527 (API v14) Enabled - By Rigby, fernferret, lithium3141 and main--
2015-06-13 19:20:08 [INFO] [Multiverse-Core] Loading World & Settings - 'world' - Env: NORMAL - Type: FLAT & seed: -4315406086328175024
2015-06-13 19:20:10 [INFO] [Multiverse-Core] Loading World & Settings - 'world_nether' - Env: NETHER - Type: FLAT & seed: -4315406086328175024
2015-06-13 19:20:12 [INFO] [Multiverse-Core] Loading World & Settings - 'world_the_end' - Env: THE_END - Type: FLAT & seed: -4315406086328175024
2015-06-13 19:20:12 [INFO] [Multiverse-Core] Loading World & Settings - 'plotworld' - Env: NORMAL - Type: NORMAL & seed: 1483843031056246239 & generator: PlotMe
2015-06-13 19:20:13 [INFO] [Multiverse-Core] 4 - World(s) loaded.
2015-06-13 19:23:20 [INFO] [Multiverse-Core] - Version 2.4-b527 (API v14) Enabled - By Rigby, fernferret, lithium3141 and main--
2015-06-13 19:23:22 [INFO] [Multiverse-Core] Loading World & Settings - 'world' - Env: NORMAL - Type: FLAT & seed: -4315406086328175024
2015-06-13 19:23:23 [INFO] [Multiverse-Core] Loading World & Settings - 'world_nether' - Env: NETHER - Type: FLAT & seed: -4315406086328175024
2015-06-13 19:23:24 [INFO] [Multiverse-Core] Loading World & Settings - 'world_the_end' - Env: THE_END - Type: FLAT & seed: -4315406086328175024
2015-06-13 19:23:24 [INFO] [Multiverse-Core] Loading World & Settings - 'plotworld' - Env: NORMAL - Type: NORMAL & seed: 1483843031056246239 & generator: PlotMe
2015-06-13 19:23:25 [INFO] [Multiverse-Core] 4 - World(s) loaded.
2015-06-13 19:24:09 [INFO] [Multiverse-Core] - Version 2.4-b527 (API v14) Enabled - By Rigby, fernferret, lithium3141 and main--
2015-06-13 19:24:10 [INFO] [Multiverse-Core] Loading World & Settings - 'world' - Env: NORMAL - Type: FLAT & seed: -4315406086328175024
2015-06-13 19:24:11 [INFO] [Multiverse-Core] Loading World & Settings - 'world_nether' - Env: NETHER - Type: FLAT & seed: -4315406086328175024
2015-06-13 19:24:11 [INFO] [Multiverse-Core] Loading World & Settings - 'world_the_end' - Env: THE_END - Type: FLAT & seed: -4315406086328175024
2015-06-13 19:24:12 [INFO] [Multiverse-Core] Loading World & Settings - 'plotworld' - Env: NORMAL - Type: NORMAL & seed: 1483843031056246239 & generator: PlotMe
2015-06-13 19:24:12 [INFO] [Multiverse-Core] 4 - World(s) loaded.
2015-06-13 19:25:47 [INFO] [Multiverse-Core] - Version 2.4-b527 (API v14) Enabled - By Rigby, fernferret, lithium3141 and main--
2015-06-13 19:25:48 [INFO] [Multiverse-Core] Loading World & Settings - 'world' - Env: NORMAL - Type: FLAT & seed: -4315406086328175024
2015-06-13 19:25:49 [INFO] [Multiverse-Core] Loading World & Settings - 'world_nether' - Env: NETHER - Type: FLAT & seed: -4315406086328175024
2015-06-13 19:25:50 [INFO] [Multiverse-Core] Loading World & Settings - 'world_the_end' - Env: THE_END - Type: FLAT & seed: -4315406086328175024
2015-06-13 19:25:50 [INFO] [Multiverse-Core] Loading World & Settings - 'plotworld' - Env: NORMAL - Type: NORMAL & seed: 1483843031056246239 & generator: PlotMe
2015-06-13 19:25:50 [INFO] [Multiverse-Core] 4 - World(s) loaded.
2015-06-13 19:27:57 [INFO] [Multiverse-Core] - Version 2.4-b527 (API v14) Enabled - By Rigby, fernferret, lithium3141 and main--
2015-06-13 19:27:58 [INFO] [Multiverse-Core] Loading World & Settings - 'world' - Env: NORMAL - Type: FLAT & seed: -4315406086328175024
2015-06-13 19:28:00 [INFO] [Multiverse-Core] Loading World & Settings - 'world_nether' - Env: NETHER - Type: FLAT & seed: -4315406086328175024
2015-06-13 19:28:01 [INFO] [Multiverse-Core] Loading World & Settings - 'world_the_end' - Env: THE_END - Type: FLAT & seed: -4315406086328175024
2015-06-13 19:28:01 [INFO] [Multiverse-Core] Loading World & Settings - 'plotworld' - Env: NORMAL - Type: NORMAL & seed: 1483843031056246239 & generator: PlotMe
2015-06-13 19:28:01 [INFO] [Multiverse-Core] 4 - World(s) loaded.
2015-06-13 20:17:54 [INFO] [Multiverse-Core] - Version 2.4-b527 (API v14) Enabled - By Rigby, fernferret, lithium3141 and main--
2015-06-13 20:17:57 [INFO] [Multiverse-Core] Loading World & Settings - 'world' - Env: NORMAL - Type: FLAT & seed: -4315406086328175024
2015-06-13 20:17:58 [INFO] [Multiverse-Core] Loading World & Settings - 'world_nether' - Env: NETHER - Type: FLAT & seed: -4315406086328175024
2015-06-13 20:17:59 [INFO] [Multiverse-Core] Loading World & Settings - 'world_the_end' - Env: THE_END - Type: FLAT & seed: -4315406086328175024
2015-06-13 20:18:00 [INFO] [Multiverse-Core] Loading World & Settings - 'plotworld' - Env: NORMAL - Type: NORMAL & seed: 1483843031056246239 & generator: PlotMe
2015-06-13 20:18:01 [INFO] [Multiverse-Core] 4 - World(s) loaded.
2015-06-13 20:44:51 [INFO] [Multiverse-Core] - Version 2.4-b527 (API v14) Enabled - By Rigby, fernferret, lithium3141 and main--
2015-06-13 20:44:53 [INFO] [Multiverse-Core] Loading World & Settings - 'world' - Env: NORMAL - Type: FLAT & seed: -4315406086328175024
2015-06-13 20:44:55 [INFO] [Multiverse-Core] Loading World & Settings - 'world_nether' - Env: NETHER - Type: FLAT & seed: -4315406086328175024
2015-06-13 20:44:56 [INFO] [Multiverse-Core] Loading World & Settings - 'world_the_end' - Env: THE_END - Type: FLAT & seed: -4315406086328175024
2015-06-13 20:44:56 [INFO] [Multiverse-Core] Loading World & Settings - 'plotworld' - Env: NORMAL - Type: NORMAL & seed: 1483843031056246239 & generator: PlotMe
2015-06-13 20:44:57 [INFO] [Multiverse-Core] 4 - World(s) loaded.
2015-06-13 20:50:07 [INFO] [Multiverse-Core] - Version 2.4-b527 (API v14) Enabled - By Rigby, fernferret, lithium3141 and main--
2015-06-13 20:50:09 [INFO] [Multiverse-Core] Loading World & Settings - 'world' - Env: NORMAL - Type: FLAT & seed: -4315406086328175024
2015-06-13 20:50:10 [INFO] [Multiverse-Core] Loading World & Settings - 'world_nether' - Env: NETHER - Type: FLAT & seed: -4315406086328175024
2015-06-13 20:50:11 [INFO] [Multiverse-Core] Loading World & Settings - 'world_the_end' - Env: THE_END - Type: FLAT & seed: -4315406086328175024
2015-06-13 20:50:12 [INFO] [Multiverse-Core] Loading World & Settings - 'plotworld' - Env: NORMAL - Type: NORMAL & seed: 1483843031056246239 & generator: PlotMe
2015-06-13 20:50:12 [INFO] [Multiverse-Core] 4 - World(s) loaded.
2015-06-13 21:28:07 [INFO] [Multiverse-Core] - Version 2.4-b527 (API v14) Enabled - By Rigby, fernferret, lithium3141 and main--
2015-06-13 21:28:08 [INFO] [Multiverse-Core] Loading World & Settings - 'world' - Env: NORMAL - Type: FLAT & seed: -4315406086328175024
2015-06-13 21:28:08 [INFO] [Multiverse-Core] Loading World & Settings - 'world_nether' - Env: NETHER - Type: FLAT & seed: -4315406086328175024
2015-06-13 21:28:08 [INFO] [Multiverse-Core] Loading World & Settings - 'world_the_end' - Env: THE_END - Type: FLAT & seed: -4315406086328175024
2015-06-13 21:28:08 [INFO] [Multiverse-Core] Loading World & Settings - 'plotworld' - Env: NORMAL - Type: NORMAL & seed: 1483843031056246239 & generator: PlotMe
2015-06-13 21:28:09 [INFO] [Multiverse-Core] 4 - World(s) loaded.
2015-06-14 08:20:07 [INFO] [Multiverse-Core] - Version 2.4-b527 (API v14) Enabled - By Rigby, fernferret, lithium3141 and main--
2015-06-14 08:20:08 [INFO] [Multiverse-Core] Loading World & Settings - 'world' - Env: NORMAL - Type: FLAT & seed: -4315406086328175024
2015-06-14 08:20:08 [INFO] [Multiverse-Core] Loading World & Settings - 'world_nether' - Env: NETHER - Type: FLAT & seed: -4315406086328175024
2015-06-14 08:20:08 [INFO] [Multiverse-Core] Loading World & Settings - 'world_the_end' - Env: THE_END - Type: FLAT & seed: -4315406086328175024
2015-06-14 08:20:08 [INFO] [Multiverse-Core] Loading World & Settings - 'plotworld' - Env: NORMAL - Type: NORMAL & seed: 1483843031056246239 & generator: PlotMe
2015-06-14 08:20:09 [INFO] [Multiverse-Core] 4 - World(s) loaded.
2015-06-14 11:31:37 [INFO] [Multiverse-Core] - Version 2.4-b527 (API v14) Enabled - By Rigby, fernferret, lithium3141 and main--
2015-06-14 11:31:38 [INFO] [Multiverse-Core] Loading World & Settings - 'world' - Env: NORMAL - Type: FLAT & seed: -4315406086328175024
2015-06-14 11:31:40 [INFO] [Multiverse-Core] Loading World & Settings - 'world_nether' - Env: NETHER - Type: FLAT & seed: -4315406086328175024
2015-06-14 11:31:40 [INFO] [Multiverse-Core] Loading World & Settings - 'world_the_end' - Env: THE_END - Type: FLAT & seed: -4315406086328175024
2015-06-14 11:31:41 [INFO] [Multiverse-Core] Loading World & Settings - 'plotworld' - Env: NORMAL - Type: NORMAL & seed: 1483843031056246239 & generator: PlotMe
2015-06-14 11:31:41 [INFO] [Multiverse-Core] 4 - World(s) loaded.
2015-06-14 16:29:10 [INFO] [Multiverse-Core] - Version 2.4-b527 (API v14) Enabled - By Rigby, fernferret, lithium3141 and main--
2015-06-14 16:29:10 [INFO] [Multiverse-Core] Loading World & Settings - 'world' - Env: NORMAL - Type: FLAT & seed: -4315406086328175024
2015-06-14 16:29:10 [INFO] [Multiverse-Core] Loading World & Settings - 'world_nether' - Env: NETHER - Type: FLAT & seed: -4315406086328175024
2015-06-14 16:29:10 [INFO] [Multiverse-Core] Loading World & Settings - 'world_the_end' - Env: THE_END - Type: FLAT & seed: -4315406086328175024
2015-06-14 16:29:10 [INFO] [Multiverse-Core] Loading World & Settings - 'plotworld' - Env: NORMAL - Type: NORMAL & seed: 1483843031056246239 & generator: PlotMe
2015-06-14 16:29:11 [INFO] [Multiverse-Core] 4 - World(s) loaded.
2015-06-15 09:26:50 [INFO] [Multiverse-Core] - Version 2.4-b527 (API v14) Enabled - By Rigby, fernferret, lithium3141 and main--
2015-06-15 09:26:50 [INFO] [Multiverse-Core] Loading World & Settings - 'world' - Env: NORMAL - Type: FLAT & seed: -4315406086328175024
2015-06-15 09:26:50 [INFO] [Multiverse-Core] Loading World & Settings - 'world_nether' - Env: NETHER - Type: FLAT & seed: -4315406086328175024
2015-06-15 09:26:50 [INFO] [Multiverse-Core] Loading World & Settings - 'world_the_end' - Env: THE_END - Type: FLAT & seed: -4315406086328175024
2015-06-15 09:26:50 [INFO] [Multiverse-Core] Loading World & Settings - 'plotworld' - Env: NORMAL - Type: NORMAL & seed: 1483843031056246239 & generator: PlotMe
2015-06-15 09:26:51 [INFO] [Multiverse-Core] 4 - World(s) loaded.
2015-06-15 10:52:34 [INFO] [Multiverse-Core] - Version 2.4-b527 (API v14) Enabled - By Rigby, fernferret, lithium3141 and main--
2015-06-15 10:52:35 [INFO] [Multiverse-Core] Loading World & Settings - 'world' - Env: NORMAL - Type: FLAT & seed: -4315406086328175024
2015-06-15 10:52:35 [INFO] [Multiverse-Core] Loading World & Settings - 'world_nether' - Env: NETHER - Type: FLAT & seed: -4315406086328175024
2015-06-15 10:52:35 [INFO] [Multiverse-Core] Loading World & Settings - 'world_the_end' - Env: THE_END - Type: FLAT & seed: -4315406086328175024
2015-06-15 10:52:35 [INFO] [Multiverse-Core] Loading World & Settings - 'plotworld' - Env: NORMAL - Type: NORMAL & seed: 1483843031056246239 & generator: PlotMe
2015-06-15 10:52:36 [INFO] [Multiverse-Core] 4 - World(s) loaded.
2015-06-15 11:35:16 [INFO] [Multiverse-Core] - Version 2.4-b527 (API v14) Enabled - By Rigby, fernferret, lithium3141 and main--
2015-06-15 11:35:17 [INFO] [Multiverse-Core] Loading World & Settings - 'world' - Env: NORMAL - Type: FLAT & seed: -4315406086328175024
2015-06-15 11:35:17 [INFO] [Multiverse-Core] Loading World & Settings - 'world_nether' - Env: NETHER - Type: FLAT & seed: -4315406086328175024
2015-06-15 11:35:17 [INFO] [Multiverse-Core] Loading World & Settings - 'world_the_end' - Env: THE_END - Type: FLAT & seed: -4315406086328175024
2015-06-15 11:35:17 [INFO] [Multiverse-Core] Loading World & Settings - 'plotworld' - Env: NORMAL - Type: NORMAL & seed: 1483843031056246239 & generator: PlotMe
2015-06-15 11:35:18 [INFO] [Multiverse-Core] 4 - World(s) loaded.
2015-06-15 11:46:01 [INFO] [Multiverse-Core] - Version 2.4-b527 (API v14) Enabled - By Rigby, fernferret, lithium3141 and main--
2015-06-15 11:46:01 [INFO] [Multiverse-Core] Loading World & Settings - 'world' - Env: NORMAL - Type: FLAT & seed: -4315406086328175024
2015-06-15 11:46:02 [INFO] [Multiverse-Core] Loading World & Settings - 'world_nether' - Env: NETHER - Type: FLAT & seed: -4315406086328175024
2015-06-15 11:46:02 [INFO] [Multiverse-Core] Loading World & Settings - 'world_the_end' - Env: THE_END - Type: FLAT & seed: -4315406086328175024
2015-06-15 11:46:02 [INFO] [Multiverse-Core] Loading World & Settings - 'plotworld' - Env: NORMAL - Type: NORMAL & seed: 1483843031056246239 & generator: PlotMe
2015-06-15 11:46:02 [INFO] [Multiverse-Core] 4 - World(s) loaded.
2015-06-15 17:45:34 [INFO] [Multiverse-Core] - Version 2.4-b527 (API v14) Enabled - By Rigby, fernferret, lithium3141 and main--
2015-06-15 17:45:35 [INFO] [Multiverse-Core] Loading World & Settings - 'world' - Env: NORMAL - Type: FLAT & seed: -4315406086328175024
2015-06-15 17:45:35 [INFO] [Multiverse-Core] Loading World & Settings - 'world_nether' - Env: NETHER - Type: FLAT & seed: -4315406086328175024
2015-06-15 17:45:35 [INFO] [Multiverse-Core] Loading World & Settings - 'world_the_end' - Env: THE_END - Type: FLAT & seed: -4315406086328175024
2015-06-15 17:45:35 [INFO] [Multiverse-Core] Loading World & Settings - 'plotworld' - Env: NORMAL - Type: NORMAL & seed: 1483843031056246239 & generator: PlotMe
2015-06-15 17:45:36 [INFO] [Multiverse-Core] 4 - World(s) loaded.
2015-06-15 18:04:01 [INFO] [Multiverse-Core] - Version 2.4-b527 (API v14) Enabled - By Rigby, fernferret, lithium3141 and main--
2015-06-15 18:04:02 [INFO] [Multiverse-Core] Loading World & Settings - 'world' - Env: NORMAL - Type: FLAT & seed: -4315406086328175024
2015-06-15 18:04:04 [INFO] [Multiverse-Core] Loading World & Settings - 'world_nether' - Env: NETHER - Type: FLAT & seed: -4315406086328175024
2015-06-15 18:04:05 [INFO] [Multiverse-Core] Loading World & Settings - 'world_the_end' - Env: THE_END - Type: FLAT & seed: -4315406086328175024
2015-06-15 18:04:05 [INFO] [Multiverse-Core] Loading World & Settings - 'plotworld' - Env: NORMAL - Type: NORMAL & seed: 1483843031056246239 & generator: PlotMe
2015-06-15 18:04:06 [INFO] [Multiverse-Core] 4 - World(s) loaded.
2015-06-15 18:05:50 [INFO] [Multiverse-Core] - Version 2.4-b527 (API v14) Enabled - By Rigby, fernferret, lithium3141 and main--
2015-06-15 18:05:51 [INFO] [Multiverse-Core] Loading World & Settings - 'world' - Env: NORMAL - Type: FLAT & seed: -4315406086328175024
2015-06-15 18:05:51 [INFO] [Multiverse-Core] Loading World & Settings - 'world_nether' - Env: NETHER - Type: FLAT & seed: -4315406086328175024
2015-06-15 18:05:51 [INFO] [Multiverse-Core] Loading World & Settings - 'world_the_end' - Env: THE_END - Type: FLAT & seed: -4315406086328175024
2015-06-15 18:05:51 [INFO] [Multiverse-Core] Loading World & Settings - 'plotworld' - Env: NORMAL - Type: NORMAL & seed: 1483843031056246239 & generator: PlotMe
2015-06-15 18:05:52 [INFO] [Multiverse-Core] 4 - World(s) loaded.
2015-06-16 18:32:29 [INFO] [Multiverse-Core] - Version 2.4-b527 (API v14) Enabled - By Rigby, fernferret, lithium3141 and main--
2015-06-16 18:32:30 [INFO] [Multiverse-Core] Loading World & Settings - 'world' - Env: NORMAL - Type: FLAT & seed: -4315406086328175024
2015-06-16 18:32:30 [INFO] [Multiverse-Core] Loading World & Settings - 'world_nether' - Env: NETHER - Type: FLAT & seed: -4315406086328175024
2015-06-16 18:32:30 [INFO] [Multiverse-Core] Loading World & Settings - 'world_the_end' - Env: THE_END - Type: FLAT & seed: -4315406086328175024
2015-06-16 18:32:30 [INFO] [Multiverse-Core] Loading World & Settings - 'plotworld' - Env: NORMAL - Type: NORMAL & seed: 1483843031056246239 & generator: PlotMe
2015-06-16 18:32:30 [INFO] [Multiverse-Core] 4 - World(s) loaded.
2015-06-16 18:32:39 [INFO] [Multiverse-Core] - Version 2.4-b527 (API v14) Enabled - By Rigby, fernferret, lithium3141 and main--
2015-06-16 18:32:39 [INFO] [Multiverse-Core] Loading World & Settings - 'world' - Env: NORMAL - Type: FLAT & seed: -4315406086328175024
2015-06-16 18:32:39 [INFO] [Multiverse-Core] Loading World & Settings - 'world_nether' - Env: NETHER - Type: FLAT & seed: -4315406086328175024
2015-06-16 18:32:39 [INFO] [Multiverse-Core] Loading World & Settings - 'world_the_end' - Env: THE_END - Type: FLAT & seed: -4315406086328175024
2015-06-16 18:32:40 [INFO] [Multiverse-Core] Loading World & Settings - 'plotworld' - Env: NORMAL - Type: NORMAL & seed: 1483843031056246239 & generator: PlotMe
2015-06-16 18:32:40 [INFO] [Multiverse-Core] 4 - World(s) loaded.
2015-06-16 18:35:06 [INFO] [Multiverse-Core] - Version 2.4-b527 (API v14) Enabled - By Rigby, fernferret, lithium3141 and main--
2015-06-16 18:35:07 [INFO] [Multiverse-Core] Loading World & Settings - 'world' - Env: NORMAL - Type: FLAT & seed: -4315406086328175024
2015-06-16 18:35:08 [INFO] [Multiverse-Core] Loading World & Settings - 'world_nether' - Env: NETHER - Type: FLAT & seed: -4315406086328175024
2015-06-16 18:35:09 [INFO] [Multiverse-Core] Loading World & Settings - 'world_the_end' - Env: THE_END - Type: FLAT & seed: -4315406086328175024
2015-06-16 18:35:10 [INFO] [Multiverse-Core] Loading World & Settings - 'plotworld' - Env: NORMAL - Type: NORMAL & seed: 1483843031056246239 & generator: PlotMe
2015-06-16 18:35:10 [INFO] [Multiverse-Core] 4 - World(s) loaded.
2015-06-16 18:36:08 [INFO] [Multiverse-Core] - Version 2.4-b527 (API v14) Enabled - By Rigby, fernferret, lithium3141 and main--
2015-06-16 18:36:09 [INFO] [Multiverse-Core] Loading World & Settings - 'world' - Env: NORMAL - Type: FLAT & seed: -4315406086328175024
2015-06-16 18:36:11 [INFO] [Multiverse-Core] Loading World & Settings - 'world_nether' - Env: NETHER - Type: FLAT & seed: -4315406086328175024
2015-06-16 18:36:12 [INFO] [Multiverse-Core] Loading World & Settings - 'world_the_end' - Env: THE_END - Type: FLAT & seed: -4315406086328175024
2015-06-16 18:36:12 [INFO] [Multiverse-Core] Loading World & Settings - 'plotworld' - Env: NORMAL - Type: NORMAL & seed: 1483843031056246239 & generator: PlotMe
2015-06-16 18:36:13 [INFO] [Multiverse-Core] 4 - World(s) loaded.
2015-06-17 18:34:32 [INFO] [Multiverse-Core] - Version 2.4-b527 (API v14) Enabled - By Rigby, fernferret, lithium3141 and main--
2015-06-17 18:34:32 [INFO] [Multiverse-Core] Loading World & Settings - 'world' - Env: NORMAL - Type: FLAT & seed: -4315406086328175024
2015-06-17 18:34:32 [INFO] [Multiverse-Core] Loading World & Settings - 'world_nether' - Env: NETHER - Type: FLAT & seed: -4315406086328175024
2015-06-17 18:34:32 [INFO] [Multiverse-Core] Loading World & Settings - 'world_the_end' - Env: THE_END - Type: FLAT & seed: -4315406086328175024
2015-06-17 18:34:32 [INFO] [Multiverse-Core] Loading World & Settings - 'plotworld' - Env: NORMAL - Type: NORMAL & seed: 1483843031056246239 & generator: PlotMe
2015-06-17 18:34:33 [INFO] [Multiverse-Core] 4 - World(s) loaded.
2015-06-17 18:36:13 [INFO] [Multiverse-Core] - Version 2.4-b527 (API v14) Enabled - By Rigby, fernferret, lithium3141 and main--
2015-06-17 18:36:14 [INFO] [Multiverse-Core] Loading World & Settings - 'world' - Env: NORMAL - Type: FLAT & seed: -4315406086328175024
2015-06-17 18:36:16 [INFO] [Multiverse-Core] Loading World & Settings - 'world_nether' - Env: NETHER - Type: FLAT & seed: -4315406086328175024
2015-06-17 18:36:17 [INFO] [Multiverse-Core] Loading World & Settings - 'world_the_end' - Env: THE_END - Type: FLAT & seed: -4315406086328175024
2015-06-17 18:36:17 [INFO] [Multiverse-Core] Loading World & Settings - 'plotworld' - Env: NORMAL - Type: NORMAL & seed: 1483843031056246239 & generator: PlotMe
2015-06-17 18:36:18 [INFO] [Multiverse-Core] 4 - World(s) loaded.
2015-06-18 08:24:41 [INFO] [Multiverse-Core] - Version 2.4-b527 (API v14) Enabled - By Rigby, fernferret, lithium3141 and main--
2015-06-18 08:24:41 [INFO] [Multiverse-Core] Loading World & Settings - 'world' - Env: NORMAL - Type: FLAT & seed: -4315406086328175024
2015-06-18 08:24:42 [INFO] [Multiverse-Core] Loading World & Settings - 'world_nether' - Env: NETHER - Type: FLAT & seed: -4315406086328175024
2015-06-18 08:24:42 [INFO] [Multiverse-Core] Loading World & Settings - 'world_the_end' - Env: THE_END - Type: FLAT & seed: -4315406086328175024
2015-06-18 08:24:42 [INFO] [Multiverse-Core] Loading World & Settings - 'plotworld' - Env: NORMAL - Type: NORMAL & seed: 1483843031056246239 & generator: PlotMe
2015-06-18 08:24:42 [INFO] [Multiverse-Core] 4 - World(s) loaded.
2015-06-18 08:35:44 [INFO] [Multiverse-Core] - Version 2.4-b527 (API v14) Enabled - By Rigby, fernferret, lithium3141 and main--
2015-06-18 08:35:45 [INFO] [Multiverse-Core] Loading World & Settings - 'world' - Env: NORMAL - Type: FLAT & seed: -4315406086328175024
2015-06-18 08:35:48 [INFO] [Multiverse-Core] Loading World & Settings - 'world_nether' - Env: NETHER - Type: FLAT & seed: -4315406086328175024
2015-06-18 08:35:50 [INFO] [Multiverse-Core] Loading World & Settings - 'world_the_end' - Env: THE_END - Type: FLAT & seed: -4315406086328175024
2015-06-18 08:35:52 [INFO] [Multiverse-Core] Loading World & Settings - 'plotworld' - Env: NORMAL - Type: NORMAL & seed: 1483843031056246239 & generator: PlotMe
2015-06-18 08:35:53 [INFO] [Multiverse-Core] 4 - World(s) loaded.
2015-06-18 08:55:38 [WARNING] [Multiverse-Core] Hmm Multiverse does not know about this world but it's loaded in memory.
2015-06-18 08:55:38 [WARNING] [Multiverse-Core] To unload it using multiverse, use:
2015-06-18 08:55:38 [WARNING] [Multiverse-Core] /mv import Plotworld NORMAL
2015-06-18 08:55:44 [INFO] [Multiverse-Core] Multiverse does not know about plotme and it's not loaded by Bukkit.
2015-06-18 08:55:50 [INFO] [Multiverse-Core] World 'plotworld' was unloaded from memory.
2015-06-18 08:55:50 [INFO] [Multiverse-Core] World 'plotworld' was removed from config.yml
2015-06-18 08:59:31 [INFO] [Multiverse-Core] Multiverse does not know about plotworld and it's not loaded by Bukkit.
2015-06-18 08:59:50 [INFO] [Multiverse-Core] Loading World & Settings - 'plotworld' - Env: NORMAL - Type: null
2015-06-18 09:01:50 [INFO] [Multiverse-Core] - Version 2.4-b527 (API v14) Enabled - By Rigby, fernferret, lithium3141 and main--
2015-06-18 09:01:51 [INFO] [Multiverse-Core] Loading World & Settings - 'world' - Env: NORMAL - Type: FLAT & seed: -4315406086328175024
2015-06-18 09:01:53 [INFO] [Multiverse-Core] Loading World & Settings - 'world_nether' - Env: NETHER - Type: FLAT & seed: -4315406086328175024
2015-06-18 09:01:55 [INFO] [Multiverse-Core] Loading World & Settings - 'world_the_end' - Env: THE_END - Type: FLAT & seed: -4315406086328175024
2015-06-18 09:01:56 [INFO] [Multiverse-Core] Loading World & Settings - 'plotworld' - Env: NORMAL - Type: NORMAL & seed: 1483843031056246239
2015-06-18 09:01:56 [INFO] [Multiverse-Core] 4 - World(s) loaded.
2015-06-18 09:25:05 [INFO] [Multiverse-Core] - Version 2.4-b527 (API v14) Enabled - By Rigby, fernferret, lithium3141 and main--
2015-06-18 09:25:06 [INFO] [Multiverse-Core] Loading World & Settings - 'world' - Env: NORMAL - Type: FLAT & seed: -4315406086328175024
2015-06-18 09:25:08 [INFO] [Multiverse-Core] Loading World & Settings - 'world_nether' - Env: NETHER - Type: FLAT & seed: -4315406086328175024
2015-06-18 09:25:10 [INFO] [Multiverse-Core] Loading World & Settings - 'world_the_end' - Env: THE_END - Type: FLAT & seed: -4315406086328175024
2015-06-18 09:25:10 [INFO] [Multiverse-Core] Loading World & Settings - 'plotworld' - Env: NORMAL - Type: NORMAL & seed: 1483843031056246239
2015-06-18 09:25:10 [INFO] [Multiverse-Core] 4 - World(s) loaded.
2015-06-18 09:27:07 [INFO] [Multiverse-Core] - Version 2.4-b527 (API v14) Enabled - By Rigby, fernferret, lithium3141 and main--
2015-06-18 09:27:09 [INFO] [Multiverse-Core] Loading World & Settings - 'world' - Env: NORMAL - Type: FLAT & seed: -4315406086328175024
2015-06-18 09:27:10 [INFO] [Multiverse-Core] Loading World & Settings - 'world_nether' - Env: NETHER - Type: FLAT & seed: -4315406086328175024
2015-06-18 09:27:12 [INFO] [Multiverse-Core] Loading World & Settings - 'world_the_end' - Env: THE_END - Type: FLAT & seed: -4315406086328175024
2015-06-18 09:27:12 [INFO] [Multiverse-Core] Loading World & Settings - 'plotworld' - Env: NORMAL - Type: NORMAL & seed: 1483843031056246239
2015-06-18 09:27:13 [INFO] [Multiverse-Core] 4 - World(s) loaded.
2015-06-18 09:29:03 [INFO] [Multiverse-Core] - Version 2.4-b527 (API v14) Enabled - By Rigby, fernferret, lithium3141 and main--
2015-06-18 09:29:06 [INFO] [Multiverse-Core] Loading World & Settings - 'world' - Env: NORMAL - Type: FLAT & seed: -4315406086328175024
2015-06-18 09:29:07 [INFO] [Multiverse-Core] Loading World & Settings - 'world_nether' - Env: NETHER - Type: FLAT & seed: -4315406086328175024
2015-06-18 09:29:08 [INFO] [Multiverse-Core] Loading World & Settings - 'world_the_end' - Env: THE_END - Type: FLAT & seed: -4315406086328175024
2015-06-18 09:29:09 [INFO] [Multiverse-Core] Loading World & Settings - 'plotworld' - Env: NORMAL - Type: NORMAL & seed: 1483843031056246239
2015-06-18 09:29:10 [INFO] [Multiverse-Core] 4 - World(s) loaded.
2015-06-18 09:41:18 [INFO] [Multiverse-Core] - Version 2.4-b527 (API v14) Enabled - By Rigby, fernferret, lithium3141 and main--
2015-06-18 09:41:19 [INFO] [Multiverse-Core] Loading World & Settings - 'world' - Env: NORMAL - Type: FLAT & seed: -4315406086328175024
2015-06-18 09:41:19 [INFO] [Multiverse-Core] Loading World & Settings - 'world_nether' - Env: NETHER - Type: FLAT & seed: -4315406086328175024
2015-06-18 09:41:19 [INFO] [Multiverse-Core] Loading World & Settings - 'world_the_end' - Env: THE_END - Type: FLAT & seed: -4315406086328175024
2015-06-18 09:41:19 [INFO] [Multiverse-Core] Loading World & Settings - 'plotworld' - Env: NORMAL - Type: NORMAL & seed: 1483843031056246239
2015-06-18 09:41:20 [INFO] [Multiverse-Core] 4 - World(s) loaded.
2015-06-23 18:24:44 [INFO] [Multiverse-Core] - Version 2.4-b527 (API v14) Enabled - By Rigby, fernferret, lithium3141 and main--
2015-06-23 18:24:45 [INFO] [Multiverse-Core] Loading World & Settings - 'world' - Env: NORMAL - Type: FLAT & seed: -4315406086328175024
2015-06-23 18:24:45 [INFO] [Multiverse-Core] Loading World & Settings - 'world_nether' - Env: NETHER - Type: FLAT & seed: -4315406086328175024
2015-06-23 18:24:45 [INFO] [Multiverse-Core] Loading World & Settings - 'world_the_end' - Env: THE_END - Type: FLAT & seed: -4315406086328175024
2015-06-23 18:24:45 [INFO] [Multiverse-Core] Loading World & Settings - 'plotworld' - Env: NORMAL - Type: NORMAL & seed: 1483843031056246239
2015-06-23 18:24:47 [INFO] [Multiverse-Core] 4 - World(s) loaded.
2015-06-23 21:10:30 [INFO] [Multiverse-Core] - Version 2.4-b527 (API v14) Enabled - By Rigby, fernferret, lithium3141 and main--
2015-06-23 21:10:31 [INFO] [Multiverse-Core] Loading World & Settings - 'world' - Env: NORMAL - Type: FLAT & seed: -4315406086328175024
2015-06-23 21:10:31 [INFO] [Multiverse-Core] Loading World & Settings - 'world_nether' - Env: NETHER - Type: FLAT & seed: -4315406086328175024
2015-06-23 21:10:32 [INFO] [Multiverse-Core] Loading World & Settings - 'world_the_end' - Env: THE_END - Type: FLAT & seed: -4315406086328175024
2015-06-23 21:10:32 [INFO] [Multiverse-Core] Loading World & Settings - 'plotworld' - Env: NORMAL - Type: NORMAL & seed: 1483843031056246239
2015-06-23 21:10:32 [INFO] [Multiverse-Core] 4 - World(s) loaded.
2015-06-23 21:11:36 [INFO] [Multiverse-Core] - Version 2.4-b527 (API v14) Enabled - By Rigby, fernferret, lithium3141 and main--
2015-06-23 21:11:37 [INFO] [Multiverse-Core] Loading World & Settings - 'world' - Env: NORMAL - Type: FLAT & seed: -4315406086328175024
2015-06-23 21:11:38 [INFO] [Multiverse-Core] Loading World & Settings - 'world_nether' - Env: NETHER - Type: FLAT & seed: -4315406086328175024
2015-06-23 21:11:38 [INFO] [Multiverse-Core] Loading World & Settings - 'world_the_end' - Env: THE_END - Type: FLAT & seed: -4315406086328175024
2015-06-23 21:11:38 [INFO] [Multiverse-Core] Loading World & Settings - 'plotworld' - Env: NORMAL - Type: NORMAL & seed: 1483843031056246239
2015-06-23 21:11:39 [INFO] [Multiverse-Core] 4 - World(s) loaded.
2015-06-23 21:47:22 [INFO] [Multiverse-Core] - Version 2.4-b527 (API v14) Enabled - By Rigby, fernferret, lithium3141 and main--
2015-06-23 21:47:22 [INFO] [Multiverse-Core] Loading World & Settings - 'world' - Env: NORMAL - Type: FLAT & seed: -4315406086328175024
2015-06-23 21:47:23 [INFO] [Multiverse-Core] Loading World & Settings - 'world_nether' - Env: NETHER - Type: FLAT & seed: -4315406086328175024
2015-06-23 21:47:23 [INFO] [Multiverse-Core] Loading World & Settings - 'world_the_end' - Env: THE_END - Type: FLAT & seed: -4315406086328175024
2015-06-23 21:47:23 [INFO] [Multiverse-Core] Loading World & Settings - 'plotworld' - Env: NORMAL - Type: NORMAL & seed: 1483843031056246239
2015-06-23 21:47:24 [INFO] [Multiverse-Core] 4 - World(s) loaded.
2015-06-23 22:06:35 [INFO] [Multiverse-Core] - Version 2.4-b527 (API v14) Enabled - By Rigby, fernferret, lithium3141 and main--
2015-06-23 22:06:36 [INFO] [Multiverse-Core] Loading World & Settings - 'world' - Env: NORMAL - Type: FLAT & seed: -4315406086328175024
2015-06-23 22:06:36 [INFO] [Multiverse-Core] Loading World & Settings - 'world_nether' - Env: NETHER - Type: FLAT & seed: -4315406086328175024
2015-06-23 22:06:37 [INFO] [Multiverse-Core] Loading World & Settings - 'world_the_end' - Env: THE_END - Type: FLAT & seed: -4315406086328175024
2015-06-23 22:06:37 [INFO] [Multiverse-Core] Loading World & Settings - 'plotworld' - Env: NORMAL - Type: NORMAL & seed: 1483843031056246239
2015-06-23 22:06:37 [INFO] [Multiverse-Core] 4 - World(s) loaded.
2015-06-23 22:12:22 [INFO] [Multiverse-Core] - Version 2.4-b527 (API v14) Enabled - By Rigby, fernferret, lithium3141 and main--
2015-06-23 22:12:23 [INFO] [Multiverse-Core] Loading World & Settings - 'world' - Env: NORMAL - Type: FLAT & seed: -4315406086328175024
2015-06-23 22:12:24 [INFO] [Multiverse-Core] Loading World & Settings - 'world_nether' - Env: NETHER - Type: FLAT & seed: -4315406086328175024
2015-06-23 22:12:24 [INFO] [Multiverse-Core] Loading World & Settings - 'world_the_end' - Env: THE_END - Type: FLAT & seed: -4315406086328175024
2015-06-23 22:12:24 [INFO] [Multiverse-Core] Loading World & Settings - 'plotworld' - Env: NORMAL - Type: NORMAL & seed: 1483843031056246239
2015-06-23 22:12:25 [INFO] [Multiverse-Core] 4 - World(s) loaded.
2015-06-23 22:12:48 [INFO] [Multiverse-Core] - Version 2.4-b527 (API v14) Enabled - By Rigby, fernferret, lithium3141 and main--
2015-06-23 22:12:49 [INFO] [Multiverse-Core] Loading World & Settings - 'world' - Env: NORMAL - Type: FLAT & seed: -4315406086328175024
2015-06-23 22:12:49 [INFO] [Multiverse-Core] Loading World & Settings - 'world_nether' - Env: NETHER - Type: FLAT & seed: -4315406086328175024
2015-06-23 22:12:50 [INFO] [Multiverse-Core] Loading World & Settings - 'world_the_end' - Env: THE_END - Type: FLAT & seed: -4315406086328175024
2015-06-23 22:12:50 [INFO] [Multiverse-Core] Loading World & Settings - 'plotworld' - Env: NORMAL - Type: NORMAL & seed: 1483843031056246239
2015-06-23 22:12:50 [INFO] [Multiverse-Core] 4 - World(s) loaded.
2015-06-23 22:14:05 [INFO] [Multiverse-Core] - Version 2.4-b527 (API v14) Enabled - By Rigby, fernferret, lithium3141 and main--
2015-06-23 22:14:06 [INFO] [Multiverse-Core] Loading World & Settings - 'world' - Env: NORMAL - Type: FLAT & seed: -4315406086328175024
2015-06-23 22:14:06 [INFO] [Multiverse-Core] Loading World & Settings - 'world_nether' - Env: NETHER - Type: FLAT & seed: -4315406086328175024
2015-06-23 22:14:07 [INFO] [Multiverse-Core] Loading World & Settings - 'world_the_end' - Env: THE_END - Type: FLAT & seed: -4315406086328175024
2015-06-23 22:14:07 [INFO] [Multiverse-Core] Loading World & Settings - 'plotworld' - Env: NORMAL - Type: NORMAL & seed: 1483843031056246239
2015-06-23 22:14:07 [INFO] [Multiverse-Core] 4 - World(s) loaded.
2015-06-24 10:11:00 [INFO] [Multiverse-Core] - Version 2.4-b527 (API v14) Enabled - By Rigby, fernferret, lithium3141 and main--
2015-06-24 10:11:01 [INFO] [Multiverse-Core] Loading World & Settings - 'world' - Env: NORMAL - Type: FLAT & seed: -4315406086328175024
2015-06-24 10:11:01 [INFO] [Multiverse-Core] Loading World & Settings - 'world_nether' - Env: NETHER - Type: FLAT & seed: -4315406086328175024
2015-06-24 10:11:01 [INFO] [Multiverse-Core] Loading World & Settings - 'world_the_end' - Env: THE_END - Type: FLAT & seed: -4315406086328175024
2015-06-24 10:11:01 [INFO] [Multiverse-Core] Loading World & Settings - 'plotworld' - Env: NORMAL - Type: NORMAL & seed: 1483843031056246239
2015-06-24 10:11:02 [INFO] [Multiverse-Core] 4 - World(s) loaded.
2015-06-24 10:54:57 [INFO] [Multiverse-Core] - Version 2.4-b527 (API v14) Enabled - By Rigby, fernferret, lithium3141 and main--
2015-06-24 10:54:59 [INFO] [Multiverse-Core] Loading World & Settings - 'world' - Env: NORMAL - Type: FLAT & seed: -4315406086328175024
2015-06-24 10:55:01 [INFO] [Multiverse-Core] Loading World & Settings - 'world_nether' - Env: NETHER - Type: FLAT & seed: -4315406086328175024
2015-06-24 10:55:03 [INFO] [Multiverse-Core] Loading World & Settings - 'world_the_end' - Env: THE_END - Type: FLAT & seed: -4315406086328175024
2015-06-24 10:55:03 [INFO] [Multiverse-Core] Loading World & Settings - 'plotworld' - Env: NORMAL - Type: NORMAL & seed: 1483843031056246239
2015-06-24 10:55:04 [INFO] [Multiverse-Core] 4 - World(s) loaded.
2015-06-24 10:58:31 [INFO] [Multiverse-Core] - Version 2.4-b527 (API v14) Enabled - By Rigby, fernferret, lithium3141 and main--
2015-06-24 10:58:33 [INFO] [Multiverse-Core] Loading World & Settings - 'world' - Env: NORMAL - Type: FLAT & seed: -4315406086328175024
2015-06-24 10:58:34 [INFO] [Multiverse-Core] Loading World & Settings - 'world_nether' - Env: NETHER - Type: FLAT & seed: -4315406086328175024
2015-06-24 10:58:36 [INFO] [Multiverse-Core] Loading World & Settings - 'world_the_end' - Env: THE_END - Type: FLAT & seed: -4315406086328175024
2015-06-24 10:58:37 [INFO] [Multiverse-Core] Loading World & Settings - 'plotworld' - Env: NORMAL - Type: NORMAL & seed: 1483843031056246239
2015-06-24 10:58:38 [INFO] [Multiverse-Core] 4 - World(s) loaded.
2015-06-24 11:15:24 [INFO] [Multiverse-Core] - Version 2.4-b527 (API v14) Enabled - By Rigby, fernferret, lithium3141 and main--
2015-06-24 11:15:26 [INFO] [Multiverse-Core] Loading World & Settings - 'world' - Env: NORMAL - Type: FLAT & seed: -4315406086328175024
2015-06-24 11:15:28 [INFO] [Multiverse-Core] Loading World & Settings - 'world_nether' - Env: NETHER - Type: FLAT & seed: -4315406086328175024
2015-06-24 11:15:30 [INFO] [Multiverse-Core] Loading World & Settings - 'world_the_end' - Env: THE_END - Type: FLAT & seed: -4315406086328175024
2015-06-24 11:15:31 [INFO] [Multiverse-Core] Loading World & Settings - 'plotworld' - Env: NORMAL - Type: NORMAL & seed: 1483843031056246239
2015-06-24 11:15:33 [INFO] [Multiverse-Core] 4 - World(s) loaded.
2015-06-24 11:31:06 [INFO] [Multiverse-Core] - Version 2.4-b527 (API v14) Enabled - By Rigby, fernferret, lithium3141 and main--
2015-06-24 11:31:08 [INFO] [Multiverse-Core] Loading World & Settings - 'world' - Env: NORMAL - Type: FLAT & seed: -4315406086328175024
2015-06-24 11:31:10 [INFO] [Multiverse-Core] Loading World & Settings - 'world_nether' - Env: NETHER - Type: FLAT & seed: -4315406086328175024
2015-06-24 11:31:12 [INFO] [Multiverse-Core] Loading World & Settings - 'world_the_end' - Env: THE_END - Type: FLAT & seed: -4315406086328175024
2015-06-24 11:31:12 [INFO] [Multiverse-Core] Loading World & Settings - 'plotworld' - Env: NORMAL - Type: NORMAL & seed: 1483843031056246239
2015-06-24 11:31:13 [INFO] [Multiverse-Core] 4 - World(s) loaded.
2015-06-24 11:42:00 [INFO] [Multiverse-Core] - Version 2.4-b527 (API v14) Enabled - By Rigby, fernferret, lithium3141 and main--
2015-06-24 11:42:01 [INFO] [Multiverse-Core] Loading World & Settings - 'world' - Env: NORMAL - Type: FLAT & seed: -4315406086328175024
2015-06-24 11:42:03 [INFO] [Multiverse-Core] Loading World & Settings - 'world_nether' - Env: NETHER - Type: FLAT & seed: -4315406086328175024
2015-06-24 11:42:04 [INFO] [Multiverse-Core] Loading World & Settings - 'world_the_end' - Env: THE_END - Type: FLAT & seed: -4315406086328175024
2015-06-24 11:42:04 [INFO] [Multiverse-Core] Loading World & Settings - 'plotworld' - Env: NORMAL - Type: NORMAL & seed: 1483843031056246239
2015-06-24 11:42:05 [INFO] [Multiverse-Core] 4 - World(s) loaded.
2015-06-24 17:54:46 [INFO] [Multiverse-Core] - Version 2.4-b527 (API v14) Enabled - By Rigby, fernferret, lithium3141 and main--
2015-06-24 17:54:47 [INFO] [Multiverse-Core] Loading World & Settings - 'world' - Env: NORMAL - Type: FLAT & seed: -4315406086328175024
2015-06-24 17:54:47 [INFO] [Multiverse-Core] Loading World & Settings - 'world_nether' - Env: NETHER - Type: FLAT & seed: -4315406086328175024
2015-06-24 17:54:47 [INFO] [Multiverse-Core] Loading World & Settings - 'world_the_end' - Env: THE_END - Type: FLAT & seed: -4315406086328175024
2015-06-24 17:54:47 [INFO] [Multiverse-Core] Loading World & Settings - 'plotworld' - Env: NORMAL - Type: NORMAL & seed: 1483843031056246239
2015-06-24 17:54:49 [INFO] [Multiverse-Core] 4 - World(s) loaded.
2015-06-24 18:00:19 [INFO] [Multiverse-Core] - Version 2.4-b527 (API v14) Enabled - By Rigby, fernferret, lithium3141 and main--
2015-06-24 18:00:19 [INFO] [Multiverse-Core] Loading World & Settings - 'world' - Env: NORMAL - Type: FLAT & seed: -4315406086328175024
2015-06-24 18:00:20 [INFO] [Multiverse-Core] Loading World & Settings - 'world_nether' - Env: NETHER - Type: FLAT & seed: -4315406086328175024
2015-06-24 18:00:21 [INFO] [Multiverse-Core] Loading World & Settings - 'world_the_end' - Env: THE_END - Type: FLAT & seed: -4315406086328175024
2015-06-24 18:00:21 [INFO] [Multiverse-Core] Loading World & Settings - 'plotworld' - Env: NORMAL - Type: NORMAL & seed: 1483843031056246239
2015-06-24 18:00:22 [INFO] [Multiverse-Core] 4 - World(s) loaded.
2015-06-24 18:06:17 [INFO] [Multiverse-Core] - Version 2.4-b527 (API v14) Enabled - By Rigby, fernferret, lithium3141 and main--
2015-06-24 18:06:18 [INFO] [Multiverse-Core] Loading World & Settings - 'world' - Env: NORMAL - Type: FLAT & seed: -4315406086328175024
2015-06-24 18:06:19 [INFO] [Multiverse-Core] Loading World & Settings - 'world_nether' - Env: NETHER - Type: FLAT & seed: -4315406086328175024
2015-06-24 18:06:20 [INFO] [Multiverse-Core] Loading World & Settings - 'world_the_end' - Env: THE_END - Type: FLAT & seed: -4315406086328175024
2015-06-24 18:06:20 [INFO] [Multiverse-Core] Loading World & Settings - 'plotworld' - Env: NORMAL - Type: NORMAL & seed: 1483843031056246239
2015-06-24 18:06:20 [INFO] [Multiverse-Core] 4 - World(s) loaded.
2015-06-24 18:08:13 [INFO] [Multiverse-Core] - Version 2.4-b527 (API v14) Enabled - By Rigby, fernferret, lithium3141 and main--
2015-06-24 18:08:13 [INFO] [Multiverse-Core] Loading World & Settings - 'world' - Env: NORMAL - Type: FLAT & seed: -4315406086328175024
2015-06-24 18:08:14 [INFO] [Multiverse-Core] Loading World & Settings - 'world_nether' - Env: NETHER - Type: FLAT & seed: -4315406086328175024
2015-06-24 18:08:15 [INFO] [Multiverse-Core] Loading World & Settings - 'world_the_end' - Env: THE_END - Type: FLAT & seed: -4315406086328175024
2015-06-24 18:08:15 [INFO] [Multiverse-Core] Loading World & Settings - 'plotworld' - Env: NORMAL - Type: NORMAL & seed: 1483843031056246239
2015-06-24 18:08:16 [INFO] [Multiverse-Core] 4 - World(s) loaded.
2015-06-24 18:09:06 [INFO] [Multiverse-Core] - Version 2.4-b527 (API v14) Enabled - By Rigby, fernferret, lithium3141 and main--
2015-06-24 18:09:06 [INFO] [Multiverse-Core] Loading World & Settings - 'world' - Env: NORMAL - Type: FLAT & seed: -4315406086328175024
2015-06-24 18:09:07 [INFO] [Multiverse-Core] Loading World & Settings - 'world_nether' - Env: NETHER - Type: FLAT & seed: -4315406086328175024
2015-06-24 18:09:08 [INFO] [Multiverse-Core] Loading World & Settings - 'world_the_end' - Env: THE_END - Type: FLAT & seed: -4315406086328175024
2015-06-24 18:09:09 [INFO] [Multiverse-Core] Loading World & Settings - 'plotworld' - Env: NORMAL - Type: NORMAL & seed: 1483843031056246239
2015-06-24 18:09:10 [INFO] [Multiverse-Core] 4 - World(s) loaded.
2015-06-24 18:16:22 [INFO] [Multiverse-Core] - Version 2.4-b527 (API v14) Enabled - By Rigby, fernferret, lithium3141 and main--
2015-06-24 18:16:22 [INFO] [Multiverse-Core] Loading World & Settings - 'world' - Env: NORMAL - Type: FLAT & seed: -4315406086328175024
2015-06-24 18:16:22 [INFO] [Multiverse-Core] Loading World & Settings - 'world_nether' - Env: NETHER - Type: FLAT & seed: -4315406086328175024
2015-06-24 18:16:22 [INFO] [Multiverse-Core] Loading World & Settings - 'world_the_end' - Env: THE_END - Type: FLAT & seed: -4315406086328175024
2015-06-24 18:16:22 [INFO] [Multiverse-Core] Loading World & Settings - 'plotworld' - Env: NORMAL - Type: NORMAL & seed: 1483843031056246239
2015-06-24 18:16:24 [INFO] [Multiverse-Core] 4 - World(s) loaded.
2015-06-24 18:50:17 [INFO] [Multiverse-Core] - Version 2.4-b527 (API v14) Enabled - By Rigby, fernferret, lithium3141 and main--
2015-06-24 18:50:17 [INFO] [Multiverse-Core] Loading World & Settings - 'world' - Env: NORMAL - Type: FLAT & seed: -4315406086328175024
2015-06-24 18:50:17 [INFO] [Multiverse-Core] Loading World & Settings - 'world_nether' - Env: NETHER - Type: FLAT & seed: -4315406086328175024
2015-06-24 18:50:17 [INFO] [Multiverse-Core] Loading World & Settings - 'world_the_end' - Env: THE_END - Type: FLAT & seed: -4315406086328175024
2015-06-24 18:50:17 [INFO] [Multiverse-Core] Loading World & Settings - 'plotworld' - Env: NORMAL - Type: NORMAL & seed: 1483843031056246239
2015-06-24 18:50:19 [INFO] [Multiverse-Core] 4 - World(s) loaded.
2015-06-24 18:56:32 [INFO] [Multiverse-Core] - Version 2.4-b527 (API v14) Enabled - By Rigby, fernferret, lithium3141 and main--
2015-06-24 18:56:33 [INFO] [Multiverse-Core] Loading World & Settings - 'world' - Env: NORMAL - Type: FLAT & seed: -4315406086328175024
2015-06-24 18:56:34 [INFO] [Multiverse-Core] Loading World & Settings - 'world_nether' - Env: NETHER - Type: FLAT & seed: -4315406086328175024
2015-06-24 18:56:35 [INFO] [Multiverse-Core] Loading World & Settings - 'world_the_end' - Env: THE_END - Type: FLAT & seed: -4315406086328175024
2015-06-24 18:56:35 [INFO] [Multiverse-Core] Loading World & Settings - 'plotworld' - Env: NORMAL - Type: NORMAL & seed: 1483843031056246239
2015-06-24 18:56:36 [INFO] [Multiverse-Core] 4 - World(s) loaded.
2015-06-24 22:11:36 [INFO] [Multiverse-Core] - Version 2.4-b527 (API v14) Enabled - By Rigby, fernferret, lithium3141 and main--
2015-06-24 22:11:37 [INFO] [Multiverse-Core] Loading World & Settings - 'world' - Env: NORMAL - Type: FLAT & seed: -4315406086328175024
2015-06-24 22:11:37 [INFO] [Multiverse-Core] Loading World & Settings - 'world_nether' - Env: NETHER - Type: FLAT & seed: -4315406086328175024
2015-06-24 22:11:37 [INFO] [Multiverse-Core] Loading World & Settings - 'world_the_end' - Env: THE_END - Type: FLAT & seed: -4315406086328175024
2015-06-24 22:11:37 [INFO] [Multiverse-Core] Loading World & Settings - 'plotworld' - Env: NORMAL - Type: NORMAL & seed: 1483843031056246239
2015-06-24 22:11:38 [INFO] [Multiverse-Core] 4 - World(s) loaded.
2015-06-25 08:39:40 [INFO] [Multiverse-Core] - Version 2.4-b527 (API v14) Enabled - By Rigby, fernferret, lithium3141 and main--
2015-06-25 08:39:40 [INFO] [Multiverse-Core] Loading World & Settings - 'world' - Env: NORMAL - Type: FLAT & seed: -4315406086328175024
2015-06-25 08:39:40 [INFO] [Multiverse-Core] Loading World & Settings - 'world_nether' - Env: NETHER - Type: FLAT & seed: -4315406086328175024
2015-06-25 08:39:40 [INFO] [Multiverse-Core] Loading World & Settings - 'world_the_end' - Env: THE_END - Type: FLAT & seed: -4315406086328175024
2015-06-25 08:39:40 [INFO] [Multiverse-Core] Loading World & Settings - 'plotworld' - Env: NORMAL - Type: NORMAL & seed: 1483843031056246239
2015-06-25 08:39:42 [INFO] [Multiverse-Core] 4 - World(s) loaded.
2015-06-25 10:47:39 [INFO] [Multiverse-Core] - Version 2.4-b527 (API v14) Enabled - By Rigby, fernferret, lithium3141 and main--
2015-06-25 10:47:40 [INFO] [Multiverse-Core] Loading World & Settings - 'world' - Env: NORMAL - Type: FLAT & seed: -4315406086328175024
2015-06-25 10:47:43 [INFO] [Multiverse-Core] Loading World & Settings - 'world_nether' - Env: NETHER - Type: FLAT & seed: -4315406086328175024
2015-06-25 10:47:45 [INFO] [Multiverse-Core] Loading World & Settings - 'world_the_end' - Env: THE_END - Type: FLAT & seed: -4315406086328175024
2015-06-25 10:47:45 [INFO] [Multiverse-Core] Loading World & Settings - 'plotworld' - Env: NORMAL - Type: NORMAL & seed: 1483843031056246239
2015-06-25 10:47:46 [INFO] [Multiverse-Core] 4 - World(s) loaded.
2015-06-25 11:52:16 [INFO] [Multiverse-Core] - Version 2.4-b527 (API v14) Enabled - By Rigby, fernferret, lithium3141 and main--
2015-06-25 11:52:17 [INFO] [Multiverse-Core] Loading World & Settings - 'world' - Env: NORMAL - Type: FLAT & seed: -4315406086328175024
2015-06-25 11:52:18 [INFO] [Multiverse-Core] Loading World & Settings - 'world_nether' - Env: NETHER - Type: FLAT & seed: -4315406086328175024
2015-06-25 11:52:19 [INFO] [Multiverse-Core] Loading World & Settings - 'world_the_end' - Env: THE_END - Type: FLAT & seed: -4315406086328175024
2015-06-25 11:52:19 [INFO] [Multiverse-Core] Loading World & Settings - 'plotworld' - Env: NORMAL - Type: NORMAL & seed: 1483843031056246239
2015-06-25 11:52:19 [INFO] [Multiverse-Core] 4 - World(s) loaded.
2015-06-25 12:13:05 [INFO] [Multiverse-Core] - Version 2.4-b527 (API v14) Enabled - By Rigby, fernferret, lithium3141 and main--
2015-06-25 12:13:06 [INFO] [Multiverse-Core] Loading World & Settings - 'world' - Env: NORMAL - Type: FLAT & seed: -4315406086328175024
2015-06-25 12:13:06 [INFO] [Multiverse-Core] Loading World & Settings - 'world_nether' - Env: NETHER - Type: FLAT & seed: -4315406086328175024
2015-06-25 12:13:06 [INFO] [Multiverse-Core] Loading World & Settings - 'world_the_end' - Env: THE_END - Type: FLAT & seed: -4315406086328175024
2015-06-25 12:13:06 [INFO] [Multiverse-Core] Loading World & Settings - 'plotworld' - Env: NORMAL - Type: NORMAL & seed: 1483843031056246239
2015-06-25 12:13:07 [INFO] [Multiverse-Core] 4 - World(s) loaded.
2015-06-25 17:56:56 [INFO] [Multiverse-Core] - Version 2.4-b527 (API v14) Enabled - By Rigby, fernferret, lithium3141 and main--
2015-06-25 17:56:57 [INFO] [Multiverse-Core] Loading World & Settings - 'world' - Env: NORMAL - Type: FLAT & seed: -4315406086328175024
2015-06-25 17:56:57 [INFO] [Multiverse-Core] Loading World & Settings - 'world_nether' - Env: NETHER - Type: FLAT & seed: -4315406086328175024
2015-06-25 17:56:57 [INFO] [Multiverse-Core] Loading World & Settings - 'world_the_end' - Env: THE_END - Type: FLAT & seed: -4315406086328175024
2015-06-25 17:56:57 [INFO] [Multiverse-Core] Loading World & Settings - 'plotworld' - Env: NORMAL - Type: NORMAL & seed: 1483843031056246239
2015-06-25 17:56:59 [INFO] [Multiverse-Core] 4 - World(s) loaded.
2015-06-25 18:43:42 [INFO] [Multiverse-Core] - Version 2.4-b527 (API v14) Enabled - By Rigby, fernferret, lithium3141 and main--
2015-06-25 18:43:42 [INFO] [Multiverse-Core] Loading World & Settings - 'world' - Env: NORMAL - Type: FLAT & seed: -4315406086328175024
2015-06-25 18:43:42 [INFO] [Multiverse-Core] Loading World & Settings - 'world_nether' - Env: NETHER - Type: FLAT & seed: -4315406086328175024
2015-06-25 18:43:42 [INFO] [Multiverse-Core] Loading World & Settings - 'world_the_end' - Env: THE_END - Type: FLAT & seed: -4315406086328175024
2015-06-25 18:43:42 [INFO] [Multiverse-Core] Loading World & Settings - 'plotworld' - Env: NORMAL - Type: NORMAL & seed: 1483843031056246239
2015-06-25 18:43:43 [INFO] [Multiverse-Core] 4 - World(s) loaded.
2015-06-25 18:45:41 [INFO] [Multiverse-Core] - Version 2.4-b527 (API v14) Enabled - By Rigby, fernferret, lithium3141 and main--
2015-06-25 18:45:42 [INFO] [Multiverse-Core] Loading World & Settings - 'world' - Env: NORMAL - Type: FLAT & seed: -4315406086328175024
2015-06-25 18:45:42 [INFO] [Multiverse-Core] Loading World & Settings - 'world_nether' - Env: NETHER - Type: FLAT & seed: -4315406086328175024
2015-06-25 18:45:42 [INFO] [Multiverse-Core] Loading World & Settings - 'world_the_end' - Env: THE_END - Type: FLAT & seed: -4315406086328175024
2015-06-25 18:45:42 [INFO] [Multiverse-Core] Loading World & Settings - 'plotworld' - Env: NORMAL - Type: NORMAL & seed: 1483843031056246239
2015-06-25 18:45:43 [INFO] [Multiverse-Core] 4 - World(s) loaded.
2015-06-25 18:52:43 [INFO] [Multiverse-Core] - Version 2.4-b527 (API v14) Enabled - By Rigby, fernferret, lithium3141 and main--
2015-06-25 18:52:44 [INFO] [Multiverse-Core] Loading World & Settings - 'world' - Env: NORMAL - Type: FLAT & seed: -4315406086328175024
2015-06-25 18:52:45 [INFO] [Multiverse-Core] Loading World & Settings - 'world_nether' - Env: NETHER - Type: FLAT & seed: -4315406086328175024
2015-06-25 18:52:46 [INFO] [Multiverse-Core] Loading World & Settings - 'world_the_end' - Env: THE_END - Type: FLAT & seed: -4315406086328175024
2015-06-25 18:52:47 [INFO] [Multiverse-Core] Loading World & Settings - 'plotworld' - Env: NORMAL - Type: NORMAL & seed: 1483843031056246239
2015-06-25 18:52:47 [INFO] [Multiverse-Core] 4 - World(s) loaded.
2015-06-26 08:11:37 [INFO] [Multiverse-Core] - Version 2.4-b527 (API v14) Enabled - By Rigby, fernferret, lithium3141 and main--
2015-06-26 08:11:38 [INFO] [Multiverse-Core] Loading World & Settings - 'world' - Env: NORMAL - Type: FLAT & seed: -4315406086328175024
2015-06-26 08:11:38 [INFO] [Multiverse-Core] Loading World & Settings - 'world_nether' - Env: NETHER - Type: FLAT & seed: -4315406086328175024
2015-06-26 08:11:38 [INFO] [Multiverse-Core] Loading World & Settings - 'world_the_end' - Env: THE_END - Type: FLAT & seed: -4315406086328175024
2015-06-26 08:11:38 [INFO] [Multiverse-Core] Loading World & Settings - 'plotworld' - Env: NORMAL - Type: NORMAL & seed: 1483843031056246239
2015-06-26 08:11:40 [INFO] [Multiverse-Core] 4 - World(s) loaded.
2015-06-26 08:41:20 [INFO] [Multiverse-Core] - Version 2.4-b527 (API v14) Enabled - By Rigby, fernferret, lithium3141 and main--
2015-06-26 08:41:21 [INFO] [Multiverse-Core] Loading World & Settings - 'world' - Env: NORMAL - Type: FLAT & seed: -4315406086328175024
2015-06-26 08:41:23 [INFO] [Multiverse-Core] Loading World & Settings - 'world_nether' - Env: NETHER - Type: FLAT & seed: -4315406086328175024
2015-06-26 08:41:24 [INFO] [Multiverse-Core] Loading World & Settings - 'world_the_end' - Env: THE_END - Type: FLAT & seed: -4315406086328175024
2015-06-26 08:41:24 [INFO] [Multiverse-Core] Loading World & Settings - 'plotworld' - Env: NORMAL - Type: NORMAL & seed: 1483843031056246239
2015-06-26 08:41:25 [INFO] [Multiverse-Core] 4 - World(s) loaded.
2015-06-26 09:00:15 [INFO] [Multiverse-Core] - Version 2.4-b527 (API v14) Enabled - By Rigby, fernferret, lithium3141 and main--
2015-06-26 09:00:17 [INFO] [Multiverse-Core] Loading World & Settings - 'world' - Env: NORMAL - Type: FLAT & seed: -4315406086328175024
2015-06-26 09:00:20 [INFO] [Multiverse-Core] Loading World & Settings - 'world_nether' - Env: NETHER - Type: FLAT & seed: -4315406086328175024
2015-06-26 09:00:21 [INFO] [Multiverse-Core] Loading World & Settings - 'world_the_end' - Env: THE_END - Type: FLAT & seed: -4315406086328175024
2015-06-26 09:00:22 [INFO] [Multiverse-Core] Loading World & Settings - 'plotworld' - Env: NORMAL - Type: NORMAL & seed: 1483843031056246239
2015-06-26 09:00:23 [INFO] [Multiverse-Core] 4 - World(s) loaded.
2015-06-26 09:02:22 [INFO] [Multiverse-Core] - Version 2.4-b527 (API v14) Enabled - By Rigby, fernferret, lithium3141 and main--
2015-06-26 09:02:23 [INFO] [Multiverse-Core] Loading World & Settings - 'world' - Env: NORMAL - Type: FLAT & seed: -4315406086328175024
2015-06-26 09:02:25 [INFO] [Multiverse-Core] Loading World & Settings - 'world_nether' - Env: NETHER - Type: FLAT & seed: -4315406086328175024
2015-06-26 09:02:26 [INFO] [Multiverse-Core] Loading World & Settings - 'world_the_end' - Env: THE_END - Type: FLAT & seed: -4315406086328175024
2015-06-26 09:02:27 [INFO] [Multiverse-Core] Loading World & Settings - 'plotworld' - Env: NORMAL - Type: NORMAL & seed: 1483843031056246239
2015-06-26 09:02:27 [INFO] [Multiverse-Core] 4 - World(s) loaded.
2015-06-26 09:04:26 [INFO] [Multiverse-Core] - Version 2.4-b527 (API v14) Enabled - By Rigby, fernferret, lithium3141 and main--
2015-06-26 09:04:28 [INFO] [Multiverse-Core] Loading World & Settings - 'world' - Env: NORMAL - Type: FLAT & seed: -4315406086328175024
2015-06-26 09:04:29 [INFO] [Multiverse-Core] Loading World & Settings - 'world_nether' - Env: NETHER - Type: FLAT & seed: -4315406086328175024
2015-06-26 09:04:30 [INFO] [Multiverse-Core] Loading World & Settings - 'world_the_end' - Env: THE_END - Type: FLAT & seed: -4315406086328175024
2015-06-26 09:04:31 [INFO] [Multiverse-Core] Loading World & Settings - 'plotworld' - Env: NORMAL - Type: NORMAL & seed: 1483843031056246239
2015-06-26 09:04:32 [INFO] [Multiverse-Core] 4 - World(s) loaded.
2015-06-26 09:06:14 [INFO] [Multiverse-Core] - Version 2.4-b527 (API v14) Enabled - By Rigby, fernferret, lithium3141 and main--
2015-06-26 09:06:14 [INFO] [Multiverse-Core] Loading World & Settings - 'world' - Env: NORMAL - Type: FLAT & seed: -4315406086328175024
2015-06-26 09:06:15 [INFO] [Multiverse-Core] Loading World & Settings - 'world_nether' - Env: NETHER - Type: FLAT & seed: -4315406086328175024
2015-06-26 09:06:15 [INFO] [Multiverse-Core] Loading World & Settings - 'world_the_end' - Env: THE_END - Type: FLAT & seed: -4315406086328175024
2015-06-26 09:06:15 [INFO] [Multiverse-Core] Loading World & Settings - 'plotworld' - Env: NORMAL - Type: NORMAL & seed: 1483843031056246239
2015-06-26 09:06:16 [INFO] [Multiverse-Core] 4 - World(s) loaded.
2015-06-26 12:01:28 [INFO] [Multiverse-Core] - Version 2.4-b527 (API v14) Enabled - By Rigby, fernferret, lithium3141 and main--
2015-06-26 12:01:29 [INFO] [Multiverse-Core] Loading World & Settings - 'world' - Env: NORMAL - Type: FLAT & seed: -4315406086328175024
2015-06-26 12:01:29 [INFO] [Multiverse-Core] Loading World & Settings - 'world_nether' - Env: NETHER - Type: FLAT & seed: -4315406086328175024
2015-06-26 12:01:29 [INFO] [Multiverse-Core] Loading World & Settings - 'world_the_end' - Env: THE_END - Type: FLAT & seed: -4315406086328175024
2015-06-26 12:01:29 [INFO] [Multiverse-Core] Loading World & Settings - 'plotworld' - Env: NORMAL - Type: NORMAL & seed: 1483843031056246239
2015-06-26 12:01:30 [INFO] [Multiverse-Core] 4 - World(s) loaded.
2015-06-26 12:02:52 [INFO] [Multiverse-Core] - Version 2.4-b527 (API v14) Enabled - By Rigby, fernferret, lithium3141 and main--
2015-06-26 12:02:52 [INFO] [Multiverse-Core] Loading World & Settings - 'world' - Env: NORMAL - Type: FLAT & seed: -4315406086328175024
2015-06-26 12:02:54 [INFO] [Multiverse-Core] Loading World & Settings - 'world_nether' - Env: NETHER - Type: FLAT & seed: -4315406086328175024
2015-06-26 12:02:55 [INFO] [Multiverse-Core] Loading World & Settings - 'world_the_end' - Env: THE_END - Type: FLAT & seed: -4315406086328175024
2015-06-26 12:02:56 [INFO] [Multiverse-Core] Loading World & Settings - 'plotworld' - Env: NORMAL - Type: NORMAL & seed: 1483843031056246239
2015-06-26 12:02:56 [INFO] [Multiverse-Core] 4 - World(s) loaded.
2015-06-26 12:05:29 [INFO] [Multiverse-Core] - Version 2.4-b527 (API v14) Enabled - By Rigby, fernferret, lithium3141 and main--
2015-06-26 12:05:30 [INFO] [Multiverse-Core] Loading World & Settings - 'world' - Env: NORMAL - Type: FLAT & seed: -4315406086328175024
2015-06-26 12:05:31 [INFO] [Multiverse-Core] Loading World & Settings - 'world_nether' - Env: NETHER - Type: FLAT & seed: -4315406086328175024
2015-06-26 12:05:31 [INFO] [Multiverse-Core] Loading World & Settings - 'world_the_end' - Env: THE_END - Type: FLAT & seed: -4315406086328175024
2015-06-26 12:05:32 [INFO] [Multiverse-Core] Loading World & Settings - 'plotworld' - Env: NORMAL - Type: NORMAL & seed: 1483843031056246239
2015-06-26 12:05:32 [INFO] [Multiverse-Core] 4 - World(s) loaded.
2015-06-26 12:08:02 [INFO] [Multiverse-Core] - Version 2.4-b527 (API v14) Enabled - By Rigby, fernferret, lithium3141 and main--
2015-06-26 12:08:03 [INFO] [Multiverse-Core] Loading World & Settings - 'world' - Env: NORMAL - Type: FLAT & seed: -4315406086328175024
2015-06-26 12:08:04 [INFO] [Multiverse-Core] Loading World & Settings - 'world_nether' - Env: NETHER - Type: FLAT & seed: -4315406086328175024
2015-06-26 12:08:05 [INFO] [Multiverse-Core] Loading World & Settings - 'world_the_end' - Env: THE_END - Type: FLAT & seed: -4315406086328175024
2015-06-26 12:08:06 [INFO] [Multiverse-Core] Loading World & Settings - 'plotworld' - Env: NORMAL - Type: NORMAL & seed: 1483843031056246239
2015-06-26 12:08:06 [INFO] [Multiverse-Core] 4 - World(s) loaded.
2015-06-26 12:10:16 [INFO] [Multiverse-Core] - Version 2.4-b527 (API v14) Enabled - By Rigby, fernferret, lithium3141 and main--
2015-06-26 12:10:18 [INFO] [Multiverse-Core] Loading World & Settings - 'world' - Env: NORMAL - Type: FLAT & seed: -4315406086328175024
2015-06-26 12:10:18 [INFO] [Multiverse-Core] Loading World & Settings - 'world_nether' - Env: NETHER - Type: FLAT & seed: -4315406086328175024
2015-06-26 12:10:19 [INFO] [Multiverse-Core] Loading World & Settings - 'world_the_end' - Env: THE_END - Type: FLAT & seed: -4315406086328175024
2015-06-26 12:10:20 [INFO] [Multiverse-Core] Loading World & Settings - 'plotworld' - Env: NORMAL - Type: NORMAL & seed: 1483843031056246239
2015-06-26 12:10:20 [INFO] [Multiverse-Core] 4 - World(s) loaded.
2015-06-26 12:13:18 [INFO] [Multiverse-Core] - Version 2.4-b527 (API v14) Enabled - By Rigby, fernferret, lithium3141 and main--
2015-06-26 12:13:19 [INFO] [Multiverse-Core] Loading World & Settings - 'world' - Env: NORMAL - Type: FLAT & seed: -4315406086328175024
2015-06-26 12:13:20 [INFO] [Multiverse-Core] Loading World & Settings - 'world_nether' - Env: NETHER - Type: FLAT & seed: -4315406086328175024
2015-06-26 12:13:21 [INFO] [Multiverse-Core] Loading World & Settings - 'world_the_end' - Env: THE_END - Type: FLAT & seed: -4315406086328175024
2015-06-26 12:13:21 [INFO] [Multiverse-Core] Loading World & Settings - 'plotworld' - Env: NORMAL - Type: NORMAL & seed: 1483843031056246239
2015-06-26 12:13:22 [INFO] [Multiverse-Core] 4 - World(s) loaded.
2015-06-26 12:17:18 [INFO] [Multiverse-Core] - Version 2.4-b527 (API v14) Enabled - By Rigby, fernferret, lithium3141 and main--
2015-06-26 12:17:20 [INFO] [Multiverse-Core] Loading World & Settings - 'world' - Env: NORMAL - Type: FLAT & seed: -4315406086328175024
2015-06-26 12:17:21 [INFO] [Multiverse-Core] Loading World & Settings - 'world_nether' - Env: NETHER - Type: FLAT & seed: -4315406086328175024
2015-06-26 12:17:21 [INFO] [Multiverse-Core] Loading World & Settings - 'world_the_end' - Env: THE_END - Type: FLAT & seed: -4315406086328175024
2015-06-26 12:17:22 [INFO] [Multiverse-Core] Loading World & Settings - 'plotworld' - Env: NORMAL - Type: NORMAL & seed: 1483843031056246239
2015-06-26 12:17:22 [INFO] [Multiverse-Core] 4 - World(s) loaded.
2015-06-26 12:21:41 [INFO] [Multiverse-Core] - Version 2.4-b527 (API v14) Enabled - By Rigby, fernferret, lithium3141 and main--
2015-06-26 12:21:42 [INFO] [Multiverse-Core] Loading World & Settings - 'world' - Env: NORMAL - Type: FLAT & seed: -4315406086328175024
2015-06-26 12:21:43 [INFO] [Multiverse-Core] Loading World & Settings - 'world_nether' - Env: NETHER - Type: FLAT & seed: -4315406086328175024
2015-06-26 12:21:44 [INFO] [Multiverse-Core] Loading World & Settings - 'world_the_end' - Env: THE_END - Type: FLAT & seed: -4315406086328175024
2015-06-26 12:21:45 [INFO] [Multiverse-Core] Loading World & Settings - 'plotworld' - Env: NORMAL - Type: NORMAL & seed: 1483843031056246239
2015-06-26 12:21:45 [INFO] [Multiverse-Core] 4 - World(s) loaded.
2015-06-26 12:39:20 [INFO] [Multiverse-Core] - Version 2.4-b527 (API v14) Enabled - By Rigby, fernferret, lithium3141 and main--
2015-06-26 12:39:23 [INFO] [Multiverse-Core] Loading World & Settings - 'world' - Env: NORMAL - Type: FLAT & seed: -4315406086328175024
2015-06-26 12:39:24 [INFO] [Multiverse-Core] Loading World & Settings - 'world_nether' - Env: NETHER - Type: FLAT & seed: -4315406086328175024
2015-06-26 12:39:26 [INFO] [Multiverse-Core] Loading World & Settings - 'world_the_end' - Env: THE_END - Type: FLAT & seed: -4315406086328175024
2015-06-26 12:39:26 [INFO] [Multiverse-Core] Loading World & Settings - 'plotworld' - Env: NORMAL - Type: NORMAL & seed: 1483843031056246239
2015-06-26 12:39:27 [INFO] [Multiverse-Core] 4 - World(s) loaded.
2015-06-26 19:38:01 [INFO] [Multiverse-Core] - Version 2.4-b527 (API v14) Enabled - By Rigby, fernferret, lithium3141 and main--
2015-06-26 19:38:01 [INFO] [Multiverse-Core] Loading World & Settings - 'world' - Env: NORMAL - Type: FLAT & seed: -4315406086328175024
2015-06-26 19:38:02 [INFO] [Multiverse-Core] Loading World & Settings - 'world_nether' - Env: NETHER - Type: FLAT & seed: -4315406086328175024
2015-06-26 19:38:02 [INFO] [Multiverse-Core] Loading World & Settings - 'world_the_end' - Env: THE_END - Type: FLAT & seed: -4315406086328175024
2015-06-26 19:38:02 [INFO] [Multiverse-Core] Loading World & Settings - 'plotworld' - Env: NORMAL - Type: NORMAL & seed: 1483843031056246239
2015-06-26 19:38:04 [INFO] [Multiverse-Core] 4 - World(s) loaded.
2015-06-26 19:39:32 [INFO] [Multiverse-Core] - Version 2.4-b527 (API v14) Enabled - By Rigby, fernferret, lithium3141 and main--
2015-06-26 19:39:34 [INFO] [Multiverse-Core] Loading World & Settings - 'world' - Env: NORMAL - Type: FLAT & seed: -4315406086328175024
2015-06-26 19:39:36 [INFO] [Multiverse-Core] Loading World & Settings - 'world_nether' - Env: NETHER - Type: FLAT & seed: -4315406086328175024
2015-06-26 19:39:37 [INFO] [Multiverse-Core] Loading World & Settings - 'world_the_end' - Env: THE_END - Type: FLAT & seed: -4315406086328175024
2015-06-26 19:39:37 [INFO] [Multiverse-Core] Loading World & Settings - 'plotworld' - Env: NORMAL - Type: NORMAL & seed: 1483843031056246239
2015-06-26 19:39:38 [INFO] [Multiverse-Core] 4 - World(s) loaded.
2015-06-26 19:40:13 [INFO] [Multiverse-Core] - Version 2.4-b527 (API v14) Enabled - By Rigby, fernferret, lithium3141 and main--
2015-06-26 19:40:14 [INFO] [Multiverse-Core] Loading World & Settings - 'world' - Env: NORMAL - Type: FLAT & seed: -4315406086328175024
2015-06-26 19:41:06 [INFO] [Multiverse-Core] - Version 2.4-b527 (API v14) Enabled - By Rigby, fernferret, lithium3141 and main--
2015-06-26 19:41:07 [INFO] [Multiverse-Core] Loading World & Settings - 'world' - Env: NORMAL - Type: FLAT & seed: -4315406086328175024
2015-06-26 19:41:09 [INFO] [Multiverse-Core] Loading World & Settings - 'world_nether' - Env: NETHER - Type: FLAT & seed: -4315406086328175024
2015-06-26 19:41:10 [INFO] [Multiverse-Core] Loading World & Settings - 'world_the_end' - Env: THE_END - Type: FLAT & seed: -4315406086328175024
2015-06-26 19:41:10 [INFO] [Multiverse-Core] Loading World & Settings - 'plotworld' - Env: NORMAL - Type: NORMAL & seed: 1483843031056246239
2015-06-26 19:41:11 [INFO] [Multiverse-Core] 4 - World(s) loaded.
2015-06-26 19:48:09 [INFO] [Multiverse-Core] - Version 2.4-b527 (API v14) Enabled - By Rigby, fernferret, lithium3141 and main--
2015-06-26 19:48:11 [INFO] [Multiverse-Core] Loading World & Settings - 'world' - Env: NORMAL - Type: FLAT & seed: -4315406086328175024
2015-06-26 19:48:13 [INFO] [Multiverse-Core] Loading World & Settings - 'world_nether' - Env: NETHER - Type: FLAT & seed: -4315406086328175024
2015-06-26 19:48:14 [INFO] [Multiverse-Core] Loading World & Settings - 'world_the_end' - Env: THE_END - Type: FLAT & seed: -4315406086328175024
2015-06-26 19:48:15 [INFO] [Multiverse-Core] Loading World & Settings - 'plotworld' - Env: NORMAL - Type: NORMAL & seed: 1483843031056246239
2015-06-26 19:48:15 [INFO] [Multiverse-Core] 4 - World(s) loaded.
2015-06-26 19:50:46 [INFO] [Multiverse-Core] - Version 2.4-b527 (API v14) Enabled - By Rigby, fernferret, lithium3141 and main--
2015-06-26 19:50:48 [INFO] [Multiverse-Core] Loading World & Settings - 'world' - Env: NORMAL - Type: FLAT & seed: -4315406086328175024
2015-06-26 19:50:50 [INFO] [Multiverse-Core] Loading World & Settings - 'world_nether' - Env: NETHER - Type: FLAT & seed: -4315406086328175024
2015-06-26 19:50:51 [INFO] [Multiverse-Core] Loading World & Settings - 'world_the_end' - Env: THE_END - Type: FLAT & seed: -4315406086328175024
2015-06-26 19:50:52 [INFO] [Multiverse-Core] Loading World & Settings - 'plotworld' - Env: NORMAL - Type: NORMAL & seed: 1483843031056246239
2015-06-26 19:50:53 [INFO] [Multiverse-Core] 4 - World(s) loaded.
2015-06-27 01:23:02 [INFO] [Multiverse-Core] - Version 2.4-b527 (API v14) Enabled - By Rigby, fernferret, lithium3141 and main--
2015-06-27 01:23:02 [INFO] [Multiverse-Core] Loading World & Settings - 'world' - Env: NORMAL - Type: FLAT & seed: -4315406086328175024
2015-06-27 01:23:02 [INFO] [Multiverse-Core] Loading World & Settings - 'world_nether' - Env: NETHER - Type: FLAT & seed: -4315406086328175024
2015-06-27 01:23:02 [INFO] [Multiverse-Core] Loading World & Settings - 'world_the_end' - Env: THE_END - Type: FLAT & seed: -4315406086328175024
2015-06-27 01:23:02 [INFO] [Multiverse-Core] Loading World & Settings - 'plotworld' - Env: NORMAL - Type: NORMAL & seed: 1483843031056246239
2015-06-27 01:23:04 [INFO] [Multiverse-Core] 4 - World(s) loaded.
2015-06-27 01:23:54 [INFO] [Multiverse-Core] - Version 2.4-b527 (API v14) Enabled - By Rigby, fernferret, lithium3141 and main--
2015-06-27 01:23:55 [INFO] [Multiverse-Core] Loading World & Settings - 'world' - Env: NORMAL - Type: FLAT & seed: -4315406086328175024
2015-06-27 01:23:57 [INFO] [Multiverse-Core] Loading World & Settings - 'world_nether' - Env: NETHER - Type: FLAT & seed: -4315406086328175024
2015-06-27 01:23:58 [INFO] [Multiverse-Core] Loading World & Settings - 'world_the_end' - Env: THE_END - Type: FLAT & seed: -4315406086328175024
2015-06-27 01:23:58 [INFO] [Multiverse-Core] Loading World & Settings - 'plotworld' - Env: NORMAL - Type: NORMAL & seed: 1483843031056246239
2015-06-27 01:23:59 [INFO] [Multiverse-Core] 4 - World(s) loaded.
2015-06-27 01:33:10 [INFO] [Multiverse-Core] - Version 2.4-b527 (API v14) Enabled - By Rigby, fernferret, lithium3141 and main--
2015-06-27 01:33:11 [INFO] [Multiverse-Core] Loading World & Settings - 'world' - Env: NORMAL - Type: FLAT & seed: -4315406086328175024
2015-06-27 01:33:12 [INFO] [Multiverse-Core] Loading World & Settings - 'world_nether' - Env: NETHER - Type: FLAT & seed: -4315406086328175024
2015-06-27 01:33:13 [INFO] [Multiverse-Core] Loading World & Settings - 'world_the_end' - Env: THE_END - Type: FLAT & seed: -4315406086328175024
2015-06-27 01:33:13 [INFO] [Multiverse-Core] Loading World & Settings - 'plotworld' - Env: NORMAL - Type: NORMAL & seed: 1483843031056246239
2015-06-27 01:33:13 [INFO] [Multiverse-Core] 4 - World(s) loaded.
2015-06-27 10:03:32 [INFO] [Multiverse-Core] - Version 2.4-b527 (API v14) Enabled - By Rigby, fernferret, lithium3141 and main--
2015-06-27 10:03:33 [INFO] [Multiverse-Core] Loading World & Settings - 'world' - Env: NORMAL - Type: FLAT & seed: -4315406086328175024
2015-06-27 10:03:33 [INFO] [Multiverse-Core] Loading World & Settings - 'world_nether' - Env: NETHER - Type: FLAT & seed: -4315406086328175024
2015-06-27 10:03:33 [INFO] [Multiverse-Core] Loading World & Settings - 'world_the_end' - Env: THE_END - Type: FLAT & seed: -4315406086328175024
2015-06-27 10:03:33 [INFO] [Multiverse-Core] Loading World & Settings - 'plotworld' - Env: NORMAL - Type: NORMAL & seed: 1483843031056246239
2015-06-27 10:03:34 [INFO] [Multiverse-Core] 4 - World(s) loaded.
2015-06-27 11:16:14 [INFO] [Multiverse-Core] - Version 2.4-b527 (API v14) Enabled - By Rigby, fernferret, lithium3141 and main--
2015-06-27 11:16:16 [INFO] [Multiverse-Core] Loading World & Settings - 'world' - Env: NORMAL - Type: FLAT & seed: -4315406086328175024
2015-06-27 11:16:17 [INFO] [Multiverse-Core] Loading World & Settings - 'world_nether' - Env: NETHER - Type: FLAT & seed: -4315406086328175024
2015-06-27 11:16:19 [INFO] [Multiverse-Core] Loading World & Settings - 'world_the_end' - Env: THE_END - Type: FLAT & seed: -4315406086328175024
2015-06-27 11:16:19 [INFO] [Multiverse-Core] Loading World & Settings - 'plotworld' - Env: NORMAL - Type: NORMAL & seed: 1483843031056246239
2015-06-27 11:16:20 [INFO] [Multiverse-Core] 4 - World(s) loaded.
2015-06-27 11:17:30 [INFO] [Multiverse-Core] - Version 2.4-b527 (API v14) Enabled - By Rigby, fernferret, lithium3141 and main--
2015-06-27 11:17:32 [INFO] [Multiverse-Core] Loading World & Settings - 'world' - Env: NORMAL - Type: FLAT & seed: -4315406086328175024
2015-06-27 11:17:34 [INFO] [Multiverse-Core] Loading World & Settings - 'world_nether' - Env: NETHER - Type: FLAT & seed: -4315406086328175024
2015-06-27 11:17:36 [INFO] [Multiverse-Core] Loading World & Settings - 'world_the_end' - Env: THE_END - Type: FLAT & seed: -4315406086328175024
2015-06-27 11:17:36 [INFO] [Multiverse-Core] Loading World & Settings - 'plotworld' - Env: NORMAL - Type: NORMAL & seed: 1483843031056246239
2015-06-27 11:17:37 [INFO] [Multiverse-Core] 4 - World(s) loaded.
2015-06-27 11:18:11 [INFO] [Multiverse-Core] - Version 2.4-b527 (API v14) Enabled - By Rigby, fernferret, lithium3141 and main--
2015-06-27 11:18:12 [INFO] [Multiverse-Core] Loading World & Settings - 'world' - Env: NORMAL - Type: FLAT & seed: -4315406086328175024
2015-06-27 11:18:13 [INFO] [Multiverse-Core] Loading World & Settings - 'world_nether' - Env: NETHER - Type: FLAT & seed: -4315406086328175024
2015-06-27 11:18:14 [INFO] [Multiverse-Core] Loading World & Settings - 'world_the_end' - Env: THE_END - Type: FLAT & seed: -4315406086328175024
2015-06-27 11:18:14 [INFO] [Multiverse-Core] Loading World & Settings - 'plotworld' - Env: NORMAL - Type: NORMAL & seed: 1483843031056246239
2015-06-27 11:18:14 [INFO] [Multiverse-Core] 4 - World(s) loaded.
2015-06-27 11:25:14 [INFO] [Multiverse-Core] - Version 2.4-b527 (API v14) Enabled - By Rigby, fernferret, lithium3141 and main--
2015-06-27 11:25:16 [INFO] [Multiverse-Core] Loading World & Settings - 'world' - Env: NORMAL - Type: FLAT & seed: -4315406086328175024
2015-06-27 11:25:17 [INFO] [Multiverse-Core] Loading World & Settings - 'world_nether' - Env: NETHER - Type: FLAT & seed: -4315406086328175024
2015-06-27 11:25:19 [INFO] [Multiverse-Core] Loading World & Settings - 'world_the_end' - Env: THE_END - Type: FLAT & seed: -4315406086328175024
2015-06-27 11:25:19 [INFO] [Multiverse-Core] Loading World & Settings - 'plotworld' - Env: NORMAL - Type: NORMAL & seed: 1483843031056246239
2015-06-27 11:25:20 [INFO] [Multiverse-Core] 4 - World(s) loaded.
2015-06-27 11:29:32 [INFO] [Multiverse-Core] - Version 2.4-b527 (API v14) Enabled - By Rigby, fernferret, lithium3141 and main--
2015-06-27 11:29:33 [INFO] [Multiverse-Core] Loading World & Settings - 'world' - Env: NORMAL - Type: FLAT & seed: -4315406086328175024
2015-06-27 11:29:34 [INFO] [Multiverse-Core] Loading World & Settings - 'world_nether' - Env: NETHER - Type: FLAT & seed: -4315406086328175024
2015-06-27 11:29:35 [INFO] [Multiverse-Core] Loading World & Settings - 'world_the_end' - Env: THE_END - Type: FLAT & seed: -4315406086328175024
2015-06-27 11:29:36 [INFO] [Multiverse-Core] Loading World & Settings - 'plotworld' - Env: NORMAL - Type: NORMAL & seed: 1483843031056246239
2015-06-27 11:29:36 [INFO] [Multiverse-Core] 4 - World(s) loaded.
2015-06-27 11:29:55 [INFO] [Multiverse-Core] - Version 2.4-b527 (API v14) Enabled - By Rigby, fernferret, lithium3141 and main--
2015-06-27 11:29:56 [INFO] [Multiverse-Core] Loading World & Settings - 'world' - Env: NORMAL - Type: FLAT & seed: -4315406086328175024
2015-06-27 11:29:56 [INFO] [Multiverse-Core] Loading World & Settings - 'world_nether' - Env: NETHER - Type: FLAT & seed: -4315406086328175024
2015-06-27 11:29:56 [INFO] [Multiverse-Core] Loading World & Settings - 'world_the_end' - Env: THE_END - Type: FLAT & seed: -4315406086328175024
2015-06-27 11:29:56 [INFO] [Multiverse-Core] Loading World & Settings - 'plotworld' - Env: NORMAL - Type: NORMAL & seed: 1483843031056246239
2015-06-27 11:29:56 [INFO] [Multiverse-Core] 4 - World(s) loaded.
2015-06-27 11:35:21 [INFO] [Multiverse-Core] - Version 2.4-b527 (API v14) Enabled - By Rigby, fernferret, lithium3141 and main--
2015-06-27 11:35:22 [INFO] [Multiverse-Core] Loading World & Settings - 'world' - Env: NORMAL - Type: FLAT & seed: -4315406086328175024
2015-06-27 11:35:23 [INFO] [Multiverse-Core] Loading World & Settings - 'world_nether' - Env: NETHER - Type: FLAT & seed: -4315406086328175024
2015-06-27 11:35:24 [INFO] [Multiverse-Core] Loading World & Settings - 'world_the_end' - Env: THE_END - Type: FLAT & seed: -4315406086328175024
2015-06-27 11:35:24 [INFO] [Multiverse-Core] Loading World & Settings - 'plotworld' - Env: NORMAL - Type: NORMAL & seed: 1483843031056246239
2015-06-27 11:35:25 [INFO] [Multiverse-Core] 4 - World(s) loaded.
2015-06-27 11:51:51 [INFO] [Multiverse-Core] - Version 2.4-b527 (API v14) Enabled - By Rigby, fernferret, lithium3141 and main--
2015-06-27 11:51:51 [INFO] [Multiverse-Core] Loading World & Settings - 'world' - Env: NORMAL - Type: FLAT & seed: -4315406086328175024
2015-06-27 11:51:52 [INFO] [Multiverse-Core] Loading World & Settings - 'world_nether' - Env: NETHER - Type: FLAT & seed: -4315406086328175024
2015-06-27 11:51:53 [INFO] [Multiverse-Core] Loading World & Settings - 'world_the_end' - Env: THE_END - Type: FLAT & seed: -4315406086328175024
2015-06-27 11:51:53 [INFO] [Multiverse-Core] Loading World & Settings - 'plotworld' - Env: NORMAL - Type: NORMAL & seed: 1483843031056246239
2015-06-27 11:51:54 [INFO] [Multiverse-Core] 4 - World(s) loaded.
2015-06-27 13:57:32 [INFO] [Multiverse-Core] - Version 2.4-b527 (API v14) Enabled - By Rigby, fernferret, lithium3141 and main--
2015-06-27 13:57:33 [INFO] [Multiverse-Core] Loading World & Settings - 'world' - Env: NORMAL - Type: FLAT & seed: -4315406086328175024
2015-06-27 13:57:33 [INFO] [Multiverse-Core] Loading World & Settings - 'world_nether' - Env: NETHER - Type: FLAT & seed: -4315406086328175024
2015-06-27 13:57:35 [INFO] [Multiverse-Core] Loading World & Settings - 'world_the_end' - Env: THE_END - Type: FLAT & seed: -4315406086328175024
2015-06-27 13:57:35 [INFO] [Multiverse-Core] Loading World & Settings - 'plotworld' - Env: NORMAL - Type: NORMAL & seed: 1483843031056246239
2015-06-27 13:57:35 [INFO] [Multiverse-Core] 4 - World(s) loaded.
2015-06-27 18:31:17 [INFO] [Multiverse-Core] - Version 2.4-b527 (API v14) Enabled - By Rigby, fernferret, lithium3141 and main--
2015-06-27 18:31:18 [INFO] [Multiverse-Core] Loading World & Settings - 'world' - Env: NORMAL - Type: FLAT & seed: -4315406086328175024
2015-06-27 18:31:18 [INFO] [Multiverse-Core] Loading World & Settings - 'world_nether' - Env: NETHER - Type: FLAT & seed: -4315406086328175024
2015-06-27 18:31:18 [INFO] [Multiverse-Core] Loading World & Settings - 'world_the_end' - Env: THE_END - Type: FLAT & seed: -4315406086328175024
2015-06-27 18:31:18 [INFO] [Multiverse-Core] Loading World & Settings - 'plotworld' - Env: NORMAL - Type: NORMAL & seed: 1483843031056246239
2015-06-27 18:31:20 [INFO] [Multiverse-Core] 4 - World(s) loaded.
2015-06-27 22:35:47 [INFO] [Multiverse-Core] - Version 2.4-b527 (API v14) Enabled - By Rigby, fernferret, lithium3141 and main--
2015-06-27 22:35:47 [INFO] [Multiverse-Core] Loading World & Settings - 'world' - Env: NORMAL - Type: FLAT & seed: -4315406086328175024
2015-06-27 22:35:47 [INFO] [Multiverse-Core] Loading World & Settings - 'world_nether' - Env: NETHER - Type: FLAT & seed: -4315406086328175024
2015-06-27 22:35:47 [INFO] [Multiverse-Core] Loading World & Settings - 'world_the_end' - Env: THE_END - Type: FLAT & seed: -4315406086328175024
2015-06-27 22:35:47 [INFO] [Multiverse-Core] Loading World & Settings - 'plotworld' - Env: NORMAL - Type: NORMAL & seed: 1483843031056246239
2015-06-27 22:35:49 [INFO] [Multiverse-Core] 4 - World(s) loaded.
2015-06-28 17:31:46 [INFO] [Multiverse-Core] - Version 2.4-b527 (API v14) Enabled - By Rigby, fernferret, lithium3141 and main--
2015-06-28 17:31:47 [INFO] [Multiverse-Core] Loading World & Settings - 'world' - Env: NORMAL - Type: FLAT & seed: -4315406086328175024
2015-06-28 17:31:47 [INFO] [Multiverse-Core] Loading World & Settings - 'world_nether' - Env: NETHER - Type: FLAT & seed: -4315406086328175024
2015-06-28 17:31:47 [INFO] [Multiverse-Core] Loading World & Settings - 'world_the_end' - Env: THE_END - Type: FLAT & seed: -4315406086328175024
2015-06-28 17:31:47 [INFO] [Multiverse-Core] Loading World & Settings - 'plotworld' - Env: NORMAL - Type: NORMAL & seed: 1483843031056246239
2015-06-28 17:31:48 [INFO] [Multiverse-Core] 4 - World(s) loaded.
2015-06-28 17:55:41 [INFO] [Multiverse-Core] - Version 2.4-b527 (API v14) Enabled - By Rigby, fernferret, lithium3141 and main--
2015-06-28 17:55:42 [INFO] [Multiverse-Core] Loading World & Settings - 'world' - Env: NORMAL - Type: FLAT & seed: -4315406086328175024
2015-06-28 17:55:42 [INFO] [Multiverse-Core] Loading World & Settings - 'world_nether' - Env: NETHER - Type: FLAT & seed: -4315406086328175024
2015-06-28 17:55:42 [INFO] [Multiverse-Core] Loading World & Settings - 'world_the_end' - Env: THE_END - Type: FLAT & seed: -4315406086328175024
2015-06-28 17:55:42 [INFO] [Multiverse-Core] Loading World & Settings - 'plotworld' - Env: NORMAL - Type: NORMAL & seed: 1483843031056246239
2015-06-28 17:55:43 [INFO] [Multiverse-Core] 4 - World(s) loaded.
2015-06-29 09:27:32 [INFO] [Multiverse-Core] - Version 2.4-b527 (API v14) Enabled - By Rigby, fernferret, lithium3141 and main--
2015-06-29 09:27:33 [INFO] [Multiverse-Core] Loading World & Settings - 'world' - Env: NORMAL - Type: FLAT & seed: -4315406086328175024
2015-06-29 09:27:33 [INFO] [Multiverse-Core] Loading World & Settings - 'world_nether' - Env: NETHER - Type: FLAT & seed: -4315406086328175024
2015-06-29 09:27:33 [INFO] [Multiverse-Core] Loading World & Settings - 'world_the_end' - Env: THE_END - Type: FLAT & seed: -4315406086328175024
2015-06-29 09:27:33 [INFO] [Multiverse-Core] Loading World & Settings - 'plotworld' - Env: NORMAL - Type: NORMAL & seed: 1483843031056246239
2015-06-29 09:27:34 [INFO] [Multiverse-Core] 4 - World(s) loaded.
2015-06-29 17:43:56 [INFO] [Multiverse-Core] - Version 2.4-b527 (API v14) Enabled - By Rigby, fernferret, lithium3141 and main--
2015-06-29 17:43:56 [INFO] [Multiverse-Core] Loading World & Settings - 'world' - Env: NORMAL - Type: FLAT & seed: -4315406086328175024
2015-06-29 17:43:56 [INFO] [Multiverse-Core] Loading World & Settings - 'world_nether' - Env: NETHER - Type: FLAT & seed: -4315406086328175024
2015-06-29 17:43:56 [INFO] [Multiverse-Core] Loading World & Settings - 'world_the_end' - Env: THE_END - Type: FLAT & seed: -4315406086328175024
2015-06-29 17:43:56 [INFO] [Multiverse-Core] Loading World & Settings - 'plotworld' - Env: NORMAL - Type: NORMAL & seed: 1483843031056246239
2015-06-29 17:43:58 [INFO] [Multiverse-Core] 4 - World(s) loaded.
2015-06-29 21:42:40 [INFO] [Multiverse-Core] - Version 2.4-b527 (API v14) Enabled - By Rigby, fernferret, lithium3141 and main--
2015-06-29 21:42:40 [INFO] [Multiverse-Core] Loading World & Settings - 'world' - Env: NORMAL - Type: FLAT & seed: -4315406086328175024
2015-06-29 21:42:40 [INFO] [Multiverse-Core] Loading World & Settings - 'world_nether' - Env: NETHER - Type: FLAT & seed: -4315406086328175024
2015-06-29 21:42:41 [INFO] [Multiverse-Core] Loading World & Settings - 'world_the_end' - Env: THE_END - Type: FLAT & seed: -4315406086328175024
2015-06-29 21:42:41 [INFO] [Multiverse-Core] Loading World & Settings - 'plotworld' - Env: NORMAL - Type: NORMAL & seed: 1483843031056246239
2015-06-29 21:42:43 [INFO] [Multiverse-Core] 4 - World(s) loaded.
2015-06-29 21:46:21 [INFO] [Multiverse-Core] - Version 2.4-b527 (API v14) Enabled - By Rigby, fernferret, lithium3141 and main--
2015-06-29 21:46:22 [INFO] [Multiverse-Core] Loading World & Settings - 'world' - Env: NORMAL - Type: FLAT & seed: -4315406086328175024
2015-06-29 21:46:22 [INFO] [Multiverse-Core] Loading World & Settings - 'world_nether' - Env: NETHER - Type: FLAT & seed: -4315406086328175024
2015-06-29 21:46:22 [INFO] [Multiverse-Core] Loading World & Settings - 'world_the_end' - Env: THE_END - Type: FLAT & seed: -4315406086328175024
2015-06-29 21:46:22 [INFO] [Multiverse-Core] Loading World & Settings - 'plotworld' - Env: NORMAL - Type: NORMAL & seed: 1483843031056246239
2015-06-29 21:46:23 [INFO] [Multiverse-Core] 4 - World(s) loaded.
2015-06-29 22:24:09 [INFO] [Multiverse-Core] - Version 2.4-b527 (API v14) Enabled - By Rigby, fernferret, lithium3141 and main--
2015-06-29 22:24:09 [INFO] [Multiverse-Core] Loading World & Settings - 'world' - Env: NORMAL - Type: FLAT & seed: -4315406086328175024
2015-06-29 22:24:09 [INFO] [Multiverse-Core] Loading World & Settings - 'world_nether' - Env: NETHER - Type: FLAT & seed: -4315406086328175024
2015-06-29 22:24:09 [INFO] [Multiverse-Core] Loading World & Settings - 'world_the_end' - Env: THE_END - Type: FLAT & seed: -4315406086328175024
2015-06-29 22:24:09 [INFO] [Multiverse-Core] Loading World & Settings - 'plotworld' - Env: NORMAL - Type: NORMAL & seed: 1483843031056246239
2015-06-29 22:24:10 [INFO] [Multiverse-Core] 4 - World(s) loaded.
2015-06-30 08:19:08 [INFO] [Multiverse-Core] - Version 2.4-b527 (API v14) Enabled - By Rigby, fernferret, lithium3141 and main--
2015-06-30 08:19:09 [INFO] [Multiverse-Core] Loading World & Settings - 'world' - Env: NORMAL - Type: FLAT & seed: -4315406086328175024
2015-06-30 08:19:09 [INFO] [Multiverse-Core] Loading World & Settings - 'world_nether' - Env: NETHER - Type: FLAT & seed: -4315406086328175024
2015-06-30 08:19:09 [INFO] [Multiverse-Core] Loading World & Settings - 'world_the_end' - Env: THE_END - Type: FLAT & seed: -4315406086328175024
2015-06-30 08:19:09 [INFO] [Multiverse-Core] Loading World & Settings - 'plotworld' - Env: NORMAL - Type: NORMAL & seed: 1483843031056246239
2015-06-30 08:19:10 [INFO] [Multiverse-Core] 4 - World(s) loaded.
2015-06-30 08:50:10 [INFO] [Multiverse-Core] - Version 2.4-b527 (API v14) Enabled - By Rigby, fernferret, lithium3141 and main--
2015-06-30 08:50:11 [INFO] [Multiverse-Core] Loading World & Settings - 'world' - Env: NORMAL - Type: FLAT & seed: -4315406086328175024
2015-06-30 08:50:11 [INFO] [Multiverse-Core] Loading World & Settings - 'world_nether' - Env: NETHER - Type: FLAT & seed: -4315406086328175024
2015-06-30 08:50:12 [INFO] [Multiverse-Core] Loading World & Settings - 'world_the_end' - Env: THE_END - Type: FLAT & seed: -4315406086328175024
2015-06-30 08:50:13 [INFO] [Multiverse-Core] Loading World & Settings - 'plotworld' - Env: NORMAL - Type: NORMAL & seed: 1483843031056246239
2015-06-30 08:50:13 [INFO] [Multiverse-Core] 4 - World(s) loaded.
2015-06-30 10:13:04 [INFO] [Multiverse-Core] - Version 2.4-b527 (API v14) Enabled - By Rigby, fernferret, lithium3141 and main--
2015-06-30 10:13:04 [INFO] [Multiverse-Core] Loading World & Settings - 'world' - Env: NORMAL - Type: FLAT & seed: -4315406086328175024
2015-06-30 10:13:04 [INFO] [Multiverse-Core] Loading World & Settings - 'world_nether' - Env: NETHER - Type: FLAT & seed: -4315406086328175024
2015-06-30 10:13:04 [INFO] [Multiverse-Core] Loading World & Settings - 'world_the_end' - Env: THE_END - Type: FLAT & seed: -4315406086328175024
2015-06-30 10:13:04 [INFO] [Multiverse-Core] Loading World & Settings - 'plotworld' - Env: NORMAL - Type: NORMAL & seed: 1483843031056246239
2015-06-30 10:13:06 [INFO] [Multiverse-Core] 4 - World(s) loaded.
2015-06-30 20:24:05 [INFO] [Multiverse-Core] - Version 2.4-b527 (API v14) Enabled - By Rigby, fernferret, lithium3141 and main--
2015-06-30 20:24:05 [INFO] [Multiverse-Core] Loading World & Settings - 'world' - Env: NORMAL - Type: FLAT & seed: -4315406086328175024
2015-06-30 20:24:06 [INFO] [Multiverse-Core] Loading World & Settings - 'world_nether' - Env: NETHER - Type: FLAT & seed: -4315406086328175024
2015-06-30 20:24:06 [INFO] [Multiverse-Core] Loading World & Settings - 'world_the_end' - Env: THE_END - Type: FLAT & seed: -4315406086328175024
2015-06-30 20:24:06 [INFO] [Multiverse-Core] Loading World & Settings - 'plotworld' - Env: NORMAL - Type: NORMAL & seed: 1483843031056246239
2015-06-30 20:24:06 [INFO] [Multiverse-Core] 4 - World(s) loaded.
2015-06-30 21:04:10 [INFO] [Multiverse-Core] - Version 2.4-b527 (API v14) Enabled - By Rigby, fernferret, lithium3141 and main--
2015-06-30 21:04:11 [INFO] [Multiverse-Core] Loading World & Settings - 'world' - Env: NORMAL - Type: FLAT & seed: -4315406086328175024
2015-06-30 21:04:12 [INFO] [Multiverse-Core] Loading World & Settings - 'world_nether' - Env: NETHER - Type: FLAT & seed: -4315406086328175024
2015-06-30 21:04:13 [INFO] [Multiverse-Core] Loading World & Settings - 'world_the_end' - Env: THE_END - Type: FLAT & seed: -4315406086328175024
2015-06-30 21:04:14 [INFO] [Multiverse-Core] Loading World & Settings - 'plotworld' - Env: NORMAL - Type: NORMAL & seed: 1483843031056246239
2015-06-30 21:04:14 [INFO] [Multiverse-Core] 4 - World(s) loaded.
2015-07-01 08:55:08 [INFO] [Multiverse-Core] - Version 2.4-b527 (API v14) Enabled - By Rigby, fernferret, lithium3141 and main--
2015-07-01 08:55:09 [INFO] [Multiverse-Core] Loading World & Settings - 'world' - Env: NORMAL - Type: FLAT & seed: -4315406086328175024
2015-07-01 08:55:09 [INFO] [Multiverse-Core] Loading World & Settings - 'world_nether' - Env: NETHER - Type: FLAT & seed: -4315406086328175024
2015-07-01 08:55:09 [INFO] [Multiverse-Core] Loading World & Settings - 'world_the_end' - Env: THE_END - Type: FLAT & seed: -4315406086328175024
2015-07-01 08:55:09 [INFO] [Multiverse-Core] Loading World & Settings - 'plotworld' - Env: NORMAL - Type: NORMAL & seed: 1483843031056246239
2015-07-01 08:55:11 [INFO] [Multiverse-Core] 4 - World(s) loaded.
2015-07-01 10:43:05 [INFO] [Multiverse-Core] - Version 2.4-b527 (API v14) Enabled - By Rigby, fernferret, lithium3141 and main--
2015-07-01 10:43:05 [INFO] [Multiverse-Core] Loading World & Settings - 'world' - Env: NORMAL - Type: FLAT & seed: -4315406086328175024
2015-07-01 10:43:05 [INFO] [Multiverse-Core] Loading World & Settings - 'world_nether' - Env: NETHER - Type: FLAT & seed: -4315406086328175024
2015-07-01 10:43:05 [INFO] [Multiverse-Core] Loading World & Settings - 'world_the_end' - Env: THE_END - Type: FLAT & seed: -4315406086328175024
2015-07-01 10:43:05 [INFO] [Multiverse-Core] Loading World & Settings - 'plotworld' - Env: NORMAL - Type: NORMAL & seed: 1483843031056246239
2015-07-01 10:43:07 [INFO] [Multiverse-Core] 4 - World(s) loaded.
2015-07-01 19:12:21 [INFO] [Multiverse-Core] - Version 2.4-b527 (API v14) Enabled - By Rigby, fernferret, lithium3141 and main--
2015-07-01 19:12:21 [INFO] [Multiverse-Core] Loading World & Settings - 'world' - Env: NORMAL - Type: FLAT & seed: -4315406086328175024
2015-07-01 19:12:22 [INFO] [Multiverse-Core] Loading World & Settings - 'world_nether' - Env: NETHER - Type: FLAT & seed: -4315406086328175024
2015-07-01 19:12:23 [INFO] [Multiverse-Core] Loading World & Settings - 'world_the_end' - Env: THE_END - Type: FLAT & seed: -4315406086328175024
2015-07-01 19:12:23 [INFO] [Multiverse-Core] Loading World & Settings - 'plotworld' - Env: NORMAL - Type: NORMAL & seed: 1483843031056246239
2015-07-01 19:12:23 [INFO] [Multiverse-Core] 4 - World(s) loaded.
2015-07-02 10:04:39 [INFO] [Multiverse-Core] - Version 2.4-b527 (API v14) Enabled - By Rigby, fernferret, lithium3141 and main--
2015-07-02 10:04:39 [INFO] [Multiverse-Core] Loading World & Settings - 'world' - Env: NORMAL - Type: FLAT & seed: -4315406086328175024
2015-07-02 10:04:39 [INFO] [Multiverse-Core] Loading World & Settings - 'world_nether' - Env: NETHER - Type: FLAT & seed: -4315406086328175024
2015-07-02 10:04:39 [INFO] [Multiverse-Core] Loading World & Settings - 'world_the_end' - Env: THE_END - Type: FLAT & seed: -4315406086328175024
2015-07-02 10:04:39 [INFO] [Multiverse-Core] Loading World & Settings - 'plotworld' - Env: NORMAL - Type: NORMAL & seed: 1483843031056246239
2015-07-02 10:04:41 [INFO] [Multiverse-Core] 4 - World(s) loaded.
2015-07-02 10:44:33 [INFO] [Multiverse-Core] - Version 2.4-b527 (API v14) Enabled - By Rigby, fernferret, lithium3141 and main--
2015-07-02 10:44:34 [INFO] [Multiverse-Core] Loading World & Settings - 'world' - Env: NORMAL - Type: FLAT & seed: -4315406086328175024
2015-07-02 10:44:34 [INFO] [Multiverse-Core] Loading World & Settings - 'world_nether' - Env: NETHER - Type: FLAT & seed: -4315406086328175024
2015-07-02 10:44:34 [INFO] [Multiverse-Core] Loading World & Settings - 'world_the_end' - Env: THE_END - Type: FLAT & seed: -4315406086328175024
2015-07-02 10:44:34 [INFO] [Multiverse-Core] Loading World & Settings - 'plotworld' - Env: NORMAL - Type: NORMAL & seed: 1483843031056246239
2015-07-02 10:44:35 [INFO] [Multiverse-Core] 4 - World(s) loaded.
2015-07-02 11:23:42 [INFO] [Multiverse-Core] - Version 2.4-b527 (API v14) Enabled - By Rigby, fernferret, lithium3141 and main--
2015-07-02 11:23:43 [INFO] [Multiverse-Core] Loading World & Settings - 'world' - Env: NORMAL - Type: FLAT & seed: -4315406086328175024
2015-07-02 11:23:43 [INFO] [Multiverse-Core] Loading World & Settings - 'world_nether' - Env: NETHER - Type: FLAT & seed: -4315406086328175024
2015-07-02 11:23:43 [INFO] [Multiverse-Core] Loading World & Settings - 'world_the_end' - Env: THE_END - Type: FLAT & seed: -4315406086328175024
2015-07-02 11:23:43 [INFO] [Multiverse-Core] Loading World & Settings - 'plotworld' - Env: NORMAL - Type: NORMAL & seed: 1483843031056246239
2015-07-02 11:23:44 [INFO] [Multiverse-Core] 4 - World(s) loaded.
2015-07-02 16:22:23 [INFO] [Multiverse-Core] - Version 2.4-b527 (API v14) Enabled - By Rigby, fernferret, lithium3141 and main--
2015-07-02 16:22:24 [INFO] [Multiverse-Core] Loading World & Settings - 'world' - Env: NORMAL - Type: FLAT & seed: -4315406086328175024
2015-07-02 16:22:24 [INFO] [Multiverse-Core] Loading World & Settings - 'world_nether' - Env: NETHER - Type: FLAT & seed: -4315406086328175024
2015-07-02 16:22:24 [INFO] [Multiverse-Core] Loading World & Settings - 'world_the_end' - Env: THE_END - Type: FLAT & seed: -4315406086328175024
2015-07-02 16:22:24 [INFO] [Multiverse-Core] Loading World & Settings - 'plotworld' - Env: NORMAL - Type: NORMAL & seed: 1483843031056246239
2015-07-02 16:22:26 [INFO] [Multiverse-Core] 4 - World(s) loaded.
2015-07-02 17:02:48 [INFO] [Multiverse-Core] - Version 2.4-b527 (API v14) Enabled - By Rigby, fernferret, lithium3141 and main--
2015-07-02 17:02:48 [INFO] [Multiverse-Core] Loading World & Settings - 'world' - Env: NORMAL - Type: FLAT & seed: -4315406086328175024
2015-07-02 17:02:48 [INFO] [Multiverse-Core] Loading World & Settings - 'world_nether' - Env: NETHER - Type: FLAT & seed: -4315406086328175024
2015-07-02 17:02:48 [INFO] [Multiverse-Core] Loading World & Settings - 'world_the_end' - Env: THE_END - Type: FLAT & seed: -4315406086328175024
2015-07-02 17:02:48 [INFO] [Multiverse-Core] Loading World & Settings - 'plotworld' - Env: NORMAL - Type: NORMAL & seed: 1483843031056246239
2015-07-02 17:02:49 [INFO] [Multiverse-Core] 4 - World(s) loaded.
2015-07-24 20:59:22 [INFO] [Multiverse-Core] - Version 2.4-b527 (API v14) Enabled - By Rigby, fernferret, lithium3141 and main--
2015-07-24 20:59:23 [INFO] [Multiverse-Core] Loading World & Settings - 'world' - Env: NORMAL - Type: FLAT & seed: -4315406086328175024
2015-07-24 20:59:23 [INFO] [Multiverse-Core] Loading World & Settings - 'world_nether' - Env: NETHER - Type: FLAT & seed: -4315406086328175024
2015-07-24 20:59:23 [INFO] [Multiverse-Core] Loading World & Settings - 'world_the_end' - Env: THE_END - Type: FLAT & seed: -4315406086328175024
2015-07-24 20:59:23 [INFO] [Multiverse-Core] Loading World & Settings - 'plotworld' - Env: NORMAL - Type: NORMAL & seed: 1483843031056246239
2015-07-24 20:59:25 [INFO] [Multiverse-Core] 4 - World(s) loaded.
2015-07-26 16:37:31 [INFO] [Multiverse-Core] - Version 2.4-b527 (API v14) Enabled - By Rigby, fernferret, lithium3141 and main--
2015-07-26 16:37:32 [INFO] [Multiverse-Core] Loading World & Settings - 'world' - Env: NORMAL - Type: FLAT & seed: -4315406086328175024
2015-07-26 16:37:32 [INFO] [Multiverse-Core] Loading World & Settings - 'world_nether' - Env: NETHER - Type: FLAT & seed: -4315406086328175024
2015-07-26 16:37:32 [INFO] [Multiverse-Core] Loading World & Settings - 'world_the_end' - Env: THE_END - Type: FLAT & seed: -4315406086328175024
2015-07-26 16:37:32 [INFO] [Multiverse-Core] Loading World & Settings - 'plotworld' - Env: NORMAL - Type: NORMAL & seed: 1483843031056246239
2015-07-26 16:37:33 [INFO] [Multiverse-Core] 4 - World(s) loaded.
2015-07-26 17:40:17 [INFO] [Multiverse-Core] - Version 2.4-b527 (API v14) Enabled - By Rigby, fernferret, lithium3141 and main--
2015-07-26 17:40:18 [INFO] [Multiverse-Core] Loading World & Settings - 'world' - Env: NORMAL - Type: FLAT & seed: -4315406086328175024
2015-07-26 17:40:18 [INFO] [Multiverse-Core] Loading World & Settings - 'world_nether' - Env: NETHER - Type: FLAT & seed: -4315406086328175024
2015-07-26 17:40:18 [INFO] [Multiverse-Core] Loading World & Settings - 'world_the_end' - Env: THE_END - Type: FLAT & seed: -4315406086328175024
2015-07-26 17:40:18 [INFO] [Multiverse-Core] Loading World & Settings - 'plotworld' - Env: NORMAL - Type: NORMAL & seed: 1483843031056246239
2015-07-26 17:40:20 [INFO] [Multiverse-Core] 4 - World(s) loaded.
2015-09-05 18:06:08 [INFO] [Multiverse-Core] - Version 2.4-b527 (API v14) Enabled - By Rigby, fernferret, lithium3141 and main--
2015-09-05 18:06:08 [INFO] [Multiverse-Core] Loading World & Settings - 'world' - Env: NORMAL - Type: FLAT & seed: -4315406086328175024
2015-09-05 18:06:08 [INFO] [Multiverse-Core] Loading World & Settings - 'world_nether' - Env: NETHER - Type: FLAT & seed: -4315406086328175024
2015-09-05 18:06:08 [INFO] [Multiverse-Core] Loading World & Settings - 'world_the_end' - Env: THE_END - Type: FLAT & seed: -4315406086328175024
2015-09-05 18:06:08 [INFO] [Multiverse-Core] Loading World & Settings - 'plotworld' - Env: NORMAL - Type: NORMAL & seed: 1483843031056246239
2015-09-05 18:06:10 [INFO] [Multiverse-Core] 4 - World(s) loaded.
2015-09-07 21:02:01 [INFO] [Multiverse-Core] - Version 2.4-b527 (API v14) Enabled - By Rigby, fernferret, lithium3141 and main--
2015-09-07 21:02:02 [INFO] [Multiverse-Core] Loading World & Settings - 'world' - Env: NORMAL - Type: FLAT & seed: -4315406086328175024
2015-09-07 21:02:02 [INFO] [Multiverse-Core] Loading World & Settings - 'world_nether' - Env: NETHER - Type: FLAT & seed: -4315406086328175024
2015-09-07 21:02:02 [INFO] [Multiverse-Core] Loading World & Settings - 'world_the_end' - Env: THE_END - Type: FLAT & seed: -4315406086328175024
2015-09-07 21:02:02 [INFO] [Multiverse-Core] Loading World & Settings - 'plotworld' - Env: NORMAL - Type: NORMAL & seed: 1483843031056246239
2015-09-07 21:02:04 [INFO] [Multiverse-Core] 4 - World(s) loaded.
2015-10-30 08:42:53 [INFO] [Multiverse-Core] - Version 2.4-b527 (API v14) Enabled - By Rigby, fernferret, lithium3141 and main--
2015-10-30 08:42:54 [INFO] [Multiverse-Core] Loading World & Settings - 'world' - Env: NORMAL - Type: FLAT & seed: -4315406086328175024
2015-10-30 08:42:54 [INFO] [Multiverse-Core] Loading World & Settings - 'world_nether' - Env: NETHER - Type: FLAT & seed: -4315406086328175024
2015-10-30 08:42:54 [INFO] [Multiverse-Core] Loading World & Settings - 'world_the_end' - Env: THE_END - Type: FLAT & seed: -4315406086328175024
2015-10-30 08:42:54 [INFO] [Multiverse-Core] Loading World & Settings - 'plotworld' - Env: NORMAL - Type: NORMAL & seed: 1483843031056246239
2015-10-30 08:42:54 [INFO] [Multiverse-Core] 4 - World(s) loaded.
2015-10-30 09:08:45 [INFO] [Multiverse-Core] - Version 2.4-b527 (API v14) Enabled - By Rigby, fernferret, lithium3141 and main--
2015-10-30 09:08:46 [INFO] [Multiverse-Core] Loading World & Settings - 'world' - Env: NORMAL - Type: FLAT & seed: -4315406086328175024
2015-10-30 09:08:47 [INFO] [Multiverse-Core] Loading World & Settings - 'world_nether' - Env: NETHER - Type: FLAT & seed: -4315406086328175024
2015-10-30 09:08:47 [INFO] [Multiverse-Core] Loading World & Settings - 'world_the_end' - Env: THE_END - Type: FLAT & seed: -4315406086328175024
2015-10-30 09:08:48 [INFO] [Multiverse-Core] Loading World & Settings - 'plotworld' - Env: NORMAL - Type: NORMAL & seed: 1483843031056246239
2015-10-30 09:08:48 [INFO] [Multiverse-Core] 4 - World(s) loaded.
2015-10-30 09:11:36 [INFO] [Multiverse-Core] - Version 2.4-b527 (API v14) Enabled - By Rigby, fernferret, lithium3141 and main--
2015-10-30 09:11:37 [INFO] [Multiverse-Core] Loading World & Settings - 'world' - Env: NORMAL - Type: FLAT & seed: -4315406086328175024
2015-10-30 09:11:37 [INFO] [Multiverse-Core] Loading World & Settings - 'world_nether' - Env: NETHER - Type: FLAT & seed: -4315406086328175024
2015-10-30 09:11:38 [INFO] [Multiverse-Core] Loading World & Settings - 'world_the_end' - Env: THE_END - Type: FLAT & seed: -4315406086328175024
2015-10-30 09:11:38 [INFO] [Multiverse-Core] Loading World & Settings - 'plotworld' - Env: NORMAL - Type: NORMAL & seed: 1483843031056246239
2015-10-30 09:11:38 [INFO] [Multiverse-Core] 4 - World(s) loaded.
2015-10-30 09:13:13 [INFO] [Multiverse-Core] - Version 2.4-b527 (API v14) Enabled - By Rigby, fernferret, lithium3141 and main--
2015-10-30 09:13:14 [INFO] [Multiverse-Core] Loading World & Settings - 'world' - Env: NORMAL - Type: FLAT & seed: -4315406086328175024
2015-10-30 09:13:14 [INFO] [Multiverse-Core] Loading World & Settings - 'world_nether' - Env: NETHER - Type: FLAT & seed: -4315406086328175024
2015-10-30 09:13:15 [INFO] [Multiverse-Core] Loading World & Settings - 'world_the_end' - Env: THE_END - Type: FLAT & seed: -4315406086328175024
2015-10-30 09:13:15 [INFO] [Multiverse-Core] Loading World & Settings - 'plotworld' - Env: NORMAL - Type: NORMAL & seed: 1483843031056246239
2015-10-30 09:13:16 [INFO] [Multiverse-Core] 4 - World(s) loaded.
2015-10-30 09:35:43 [INFO] [Multiverse-Core] - Version 2.4-b527 (API v14) Enabled - By Rigby, fernferret, lithium3141 and main--
2015-10-30 09:35:43 [INFO] [Multiverse-Core] Loading World & Settings - 'world' - Env: NORMAL - Type: FLAT & seed: -4315406086328175024
2015-10-30 09:35:44 [INFO] [Multiverse-Core] Loading World & Settings - 'world_nether' - Env: NETHER - Type: FLAT & seed: -4315406086328175024
2015-10-30 09:35:45 [INFO] [Multiverse-Core] Loading World & Settings - 'world_the_end' - Env: THE_END - Type: FLAT & seed: -4315406086328175024
2015-10-30 09:35:45 [INFO] [Multiverse-Core] Loading World & Settings - 'plotworld' - Env: NORMAL - Type: NORMAL & seed: 1483843031056246239
2015-10-30 09:35:46 [INFO] [Multiverse-Core] 4 - World(s) loaded.
2015-10-30 10:08:54 [INFO] [Multiverse-Core] - Version 2.4-b527 (API v14) Enabled - By Rigby, fernferret, lithium3141 and main--
2015-10-30 10:08:54 [INFO] [Multiverse-Core] Loading World & Settings - 'world' - Env: NORMAL - Type: FLAT & seed: -4315406086328175024
2015-10-30 10:08:54 [INFO] [Multiverse-Core] Loading World & Settings - 'world_nether' - Env: NETHER - Type: FLAT & seed: -4315406086328175024
2015-10-30 10:08:54 [INFO] [Multiverse-Core] Loading World & Settings - 'world_the_end' - Env: THE_END - Type: FLAT & seed: -4315406086328175024
2015-10-30 10:08:54 [INFO] [Multiverse-Core] Loading World & Settings - 'plotworld' - Env: NORMAL - Type: NORMAL & seed: 1483843031056246239
2015-10-30 10:08:55 [INFO] [Multiverse-Core] 4 - World(s) loaded.
2015-10-30 10:17:06 [INFO] [Multiverse-Core] - Version 2.4-b527 (API v14) Enabled - By Rigby, fernferret, lithium3141 and main--
2015-10-30 10:17:07 [INFO] [Multiverse-Core] Loading World & Settings - 'world' - Env: NORMAL - Type: FLAT & seed: -4315406086328175024
2015-10-30 10:17:07 [INFO] [Multiverse-Core] Loading World & Settings - 'world_nether' - Env: NETHER - Type: FLAT & seed: -4315406086328175024
2015-10-30 10:17:07 [INFO] [Multiverse-Core] Loading World & Settings - 'world_the_end' - Env: THE_END - Type: FLAT & seed: -4315406086328175024
2015-10-30 10:17:07 [INFO] [Multiverse-Core] Loading World & Settings - 'plotworld' - Env: NORMAL - Type: NORMAL & seed: 1483843031056246239
2015-10-30 10:17:08 [INFO] [Multiverse-Core] 4 - World(s) loaded.
2015-10-30 10:19:55 [INFO] [Multiverse-Core] - Version 2.4-b527 (API v14) Enabled - By Rigby, fernferret, lithium3141 and main--
2015-10-30 10:19:55 [INFO] [Multiverse-Core] Loading World & Settings - 'world' - Env: NORMAL - Type: FLAT & seed: -4315406086328175024
2015-10-30 10:19:55 [INFO] [Multiverse-Core] Loading World & Settings - 'world_nether' - Env: NETHER - Type: FLAT & seed: -4315406086328175024
2015-10-30 10:19:55 [INFO] [Multiverse-Core] Loading World & Settings - 'world_the_end' - Env: THE_END - Type: FLAT & seed: -4315406086328175024
2015-10-30 10:19:55 [INFO] [Multiverse-Core] Loading World & Settings - 'plotworld' - Env: NORMAL - Type: NORMAL & seed: 1483843031056246239
2015-10-30 10:19:56 [INFO] [Multiverse-Core] 4 - World(s) loaded.
2015-10-30 10:21:47 [INFO] [Multiverse-Core] - Version 2.4-b527 (API v14) Enabled - By Rigby, fernferret, lithium3141 and main--
2015-10-30 10:21:47 [INFO] [Multiverse-Core] Loading World & Settings - 'world' - Env: NORMAL - Type: FLAT & seed: -4315406086328175024
2015-10-30 10:21:48 [INFO] [Multiverse-Core] Loading World & Settings - 'world_nether' - Env: NETHER - Type: FLAT & seed: -4315406086328175024
2015-10-30 10:21:48 [INFO] [Multiverse-Core] Loading World & Settings - 'world_the_end' - Env: THE_END - Type: FLAT & seed: -4315406086328175024
2015-10-30 10:21:48 [INFO] [Multiverse-Core] Loading World & Settings - 'plotworld' - Env: NORMAL - Type: NORMAL & seed: 1483843031056246239
2015-10-30 10:21:48 [INFO] [Multiverse-Core] 4 - World(s) loaded.
2015-10-30 10:26:43 [INFO] [Multiverse-Core] - Version 2.4-b527 (API v14) Enabled - By Rigby, fernferret, lithium3141 and main--
2015-10-30 10:26:44 [INFO] [Multiverse-Core] Loading World & Settings - 'world' - Env: NORMAL - Type: FLAT & seed: -4315406086328175024
2015-10-30 10:26:45 [INFO] [Multiverse-Core] Loading World & Settings - 'world_nether' - Env: NETHER - Type: FLAT & seed: -4315406086328175024
2015-10-30 10:26:45 [INFO] [Multiverse-Core] Loading World & Settings - 'world_the_end' - Env: THE_END - Type: FLAT & seed: -4315406086328175024
2015-10-30 10:26:45 [INFO] [Multiverse-Core] Loading World & Settings - 'plotworld' - Env: NORMAL - Type: NORMAL & seed: 1483843031056246239
2015-10-30 10:26:45 [INFO] [Multiverse-Core] 4 - World(s) loaded.
2015-10-30 10:54:49 [INFO] [Multiverse-Core] - Version 2.4-b527 (API v14) Enabled - By Rigby, fernferret, lithium3141 and main--
2015-10-30 10:54:49 [INFO] [Multiverse-Core] Loading World & Settings - 'world' - Env: NORMAL - Type: FLAT & seed: -4315406086328175024
2015-10-30 10:54:49 [INFO] [Multiverse-Core] Loading World & Settings - 'world_nether' - Env: NETHER - Type: FLAT & seed: -4315406086328175024
2015-10-30 10:54:49 [INFO] [Multiverse-Core] Loading World & Settings - 'world_the_end' - Env: THE_END - Type: FLAT & seed: -4315406086328175024
2015-10-30 10:54:49 [INFO] [Multiverse-Core] Loading World & Settings - 'plotworld' - Env: NORMAL - Type: NORMAL & seed: 1483843031056246239
2015-10-30 10:54:50 [INFO] [Multiverse-Core] 4 - World(s) loaded.
2015-10-30 11:06:26 [INFO] [Multiverse-Core] - Version 2.4-b527 (API v14) Enabled - By Rigby, fernferret, lithium3141 and main--
2015-10-30 11:06:27 [INFO] [Multiverse-Core] Loading World & Settings - 'world' - Env: NORMAL - Type: FLAT & seed: -4315406086328175024
2015-10-30 11:06:28 [INFO] [Multiverse-Core] Loading World & Settings - 'world_nether' - Env: NETHER - Type: FLAT & seed: -4315406086328175024
2015-10-30 11:06:29 [INFO] [Multiverse-Core] Loading World & Settings - 'world_the_end' - Env: THE_END - Type: FLAT & seed: -4315406086328175024
2015-10-30 11:06:29 [INFO] [Multiverse-Core] Loading World & Settings - 'plotworld' - Env: NORMAL - Type: NORMAL & seed: 1483843031056246239
2015-10-30 11:06:30 [INFO] [Multiverse-Core] 4 - World(s) loaded.
2015-10-30 11:57:25 [INFO] [Multiverse-Core] - Version 2.4-b527 (API v14) Enabled - By Rigby, fernferret, lithium3141 and main--
2015-10-30 11:57:25 [INFO] [Multiverse-Core] Loading World & Settings - 'world' - Env: NORMAL - Type: FLAT & seed: -4315406086328175024
2015-10-30 11:57:26 [INFO] [Multiverse-Core] Loading World & Settings - 'world_nether' - Env: NETHER - Type: FLAT & seed: -4315406086328175024
2015-10-30 11:57:27 [INFO] [Multiverse-Core] Loading World & Settings - 'world_the_end' - Env: THE_END - Type: FLAT & seed: -4315406086328175024
2015-10-30 11:57:27 [INFO] [Multiverse-Core] Loading World & Settings - 'plotworld' - Env: NORMAL - Type: NORMAL & seed: 1483843031056246239
2015-10-30 11:57:28 [INFO] [Multiverse-Core] 4 - World(s) loaded.
2015-10-30 11:58:46 [INFO] [Multiverse-Core] - Version 2.4-b527 (API v14) Enabled - By Rigby, fernferret, lithium3141 and main--
2015-10-30 11:58:46 [INFO] [Multiverse-Core] Loading World & Settings - 'world' - Env: NORMAL - Type: FLAT & seed: -4315406086328175024
2015-10-30 11:58:46 [INFO] [Multiverse-Core] Loading World & Settings - 'world_nether' - Env: NETHER - Type: FLAT & seed: -4315406086328175024
2015-10-30 11:58:46 [INFO] [Multiverse-Core] Loading World & Settings - 'world_the_end' - Env: THE_END - Type: FLAT & seed: -4315406086328175024
2015-10-30 11:58:46 [INFO] [Multiverse-Core] Loading World & Settings - 'plotworld' - Env: NORMAL - Type: NORMAL & seed: 1483843031056246239
2015-10-30 11:58:47 [INFO] [Multiverse-Core] 4 - World(s) loaded.
2015-10-30 14:43:56 [INFO] [Multiverse-Core] - Version 2.4-b527 (API v14) Enabled - By Rigby, fernferret, lithium3141 and main--
2015-10-30 14:43:57 [INFO] [Multiverse-Core] Loading World & Settings - 'world' - Env: NORMAL - Type: FLAT & seed: -4315406086328175024
2015-10-30 14:43:57 [INFO] [Multiverse-Core] Loading World & Settings - 'world_nether' - Env: NETHER - Type: FLAT & seed: -4315406086328175024
2015-10-30 14:43:58 [INFO] [Multiverse-Core] Loading World & Settings - 'world_the_end' - Env: THE_END - Type: FLAT & seed: -4315406086328175024
2015-10-30 14:43:59 [INFO] [Multiverse-Core] Loading World & Settings - 'plotworld' - Env: NORMAL - Type: NORMAL & seed: 1483843031056246239
2015-10-30 14:43:59 [INFO] [Multiverse-Core] 4 - World(s) loaded.
2015-10-30 15:26:20 [INFO] [Multiverse-Core] - Version 2.4-b527 (API v14) Enabled - By Rigby, fernferret, lithium3141 and main--
2015-10-30 15:26:21 [INFO] [Multiverse-Core] Loading World & Settings - 'world' - Env: NORMAL - Type: FLAT & seed: -4315406086328175024
2015-10-30 15:26:22 [INFO] [Multiverse-Core] Loading World & Settings - 'world_nether' - Env: NETHER - Type: FLAT & seed: -4315406086328175024
2015-10-30 15:26:23 [INFO] [Multiverse-Core] Loading World & Settings - 'world_the_end' - Env: THE_END - Type: FLAT & seed: -4315406086328175024
2015-10-30 15:26:23 [INFO] [Multiverse-Core] Loading World & Settings - 'plotworld' - Env: NORMAL - Type: NORMAL & seed: 1483843031056246239
2015-10-30 15:26:24 [INFO] [Multiverse-Core] 4 - World(s) loaded.
2015-10-30 16:40:44 [INFO] [Multiverse-Core] - Version 2.4-b527 (API v14) Enabled - By Rigby, fernferret, lithium3141 and main--
2015-10-30 16:40:44 [INFO] [Multiverse-Core] Loading World & Settings - 'world' - Env: NORMAL - Type: FLAT & seed: -4315406086328175024
2015-10-30 16:40:44 [INFO] [Multiverse-Core] Loading World & Settings - 'world_nether' - Env: NETHER - Type: FLAT & seed: -4315406086328175024
2015-10-30 16:40:44 [INFO] [Multiverse-Core] Loading World & Settings - 'world_the_end' - Env: THE_END - Type: FLAT & seed: -4315406086328175024
2015-10-30 16:40:45 [INFO] [Multiverse-Core] Loading World & Settings - 'plotworld' - Env: NORMAL - Type: NORMAL & seed: 1483843031056246239
2015-10-30 16:40:45 [INFO] [Multiverse-Core] 4 - World(s) loaded.
2015-10-30 17:28:40 [INFO] [Multiverse-Core] - Version 2.4-b527 (API v14) Enabled - By Rigby, fernferret, lithium3141 and main--
2015-10-30 17:28:41 [INFO] [Multiverse-Core] Loading World & Settings - 'world' - Env: NORMAL - Type: FLAT & seed: -4315406086328175024
2015-10-30 17:28:41 [INFO] [Multiverse-Core] Loading World & Settings - 'world_nether' - Env: NETHER - Type: FLAT & seed: -4315406086328175024
2015-10-30 17:28:41 [INFO] [Multiverse-Core] Loading World & Settings - 'world_the_end' - Env: THE_END - Type: FLAT & seed: -4315406086328175024
2015-10-30 17:28:41 [INFO] [Multiverse-Core] Loading World & Settings - 'plotworld' - Env: NORMAL - Type: NORMAL & seed: 1483843031056246239
2015-10-30 17:28:41 [INFO] [Multiverse-Core] 4 - World(s) loaded.
2015-10-30 17:31:18 [INFO] [Multiverse-Core] - Version 2.4-b527 (API v14) Enabled - By Rigby, fernferret, lithium3141 and main--
2015-10-30 17:31:18 [INFO] [Multiverse-Core] Loading World & Settings - 'world' - Env: NORMAL - Type: FLAT & seed: -4315406086328175024
2015-10-30 17:31:18 [INFO] [Multiverse-Core] Loading World & Settings - 'world_nether' - Env: NETHER - Type: FLAT & seed: -4315406086328175024
2015-10-30 17:31:18 [INFO] [Multiverse-Core] Loading World & Settings - 'world_the_end' - Env: THE_END - Type: FLAT & seed: -4315406086328175024
2015-10-30 17:31:18 [INFO] [Multiverse-Core] Loading World & Settings - 'plotworld' - Env: NORMAL - Type: NORMAL & seed: 1483843031056246239
2015-10-30 17:31:19 [INFO] [Multiverse-Core] 4 - World(s) loaded.
2015-10-30 20:50:17 [INFO] [Multiverse-Core] - Version 2.4-b527 (API v14) Enabled - By Rigby, fernferret, lithium3141 and main--
2015-10-30 20:50:18 [INFO] [Multiverse-Core] Loading World & Settings - 'world' - Env: NORMAL - Type: FLAT & seed: -4315406086328175024
2015-10-30 20:50:18 [INFO] [Multiverse-Core] Loading World & Settings - 'world_nether' - Env: NETHER - Type: FLAT & seed: -4315406086328175024
2015-10-30 20:50:18 [INFO] [Multiverse-Core] Loading World & Settings - 'world_the_end' - Env: THE_END - Type: FLAT & seed: -4315406086328175024
2015-10-30 20:50:18 [INFO] [Multiverse-Core] Loading World & Settings - 'plotworld' - Env: NORMAL - Type: NORMAL & seed: 1483843031056246239
2015-10-30 20:50:19 [INFO] [Multiverse-Core] 4 - World(s) loaded.
2015-10-30 21:31:31 [INFO] [Multiverse-Core] - Version 2.4-b527 (API v14) Enabled - By Rigby, fernferret, lithium3141 and main--
2015-10-30 21:31:31 [INFO] [Multiverse-Core] Loading World & Settings - 'world' - Env: NORMAL - Type: FLAT & seed: -4315406086328175024
2015-10-30 21:31:31 [INFO] [Multiverse-Core] Loading World & Settings - 'world_nether' - Env: NETHER - Type: FLAT & seed: -4315406086328175024
2015-10-30 21:31:31 [INFO] [Multiverse-Core] Loading World & Settings - 'world_the_end' - Env: THE_END - Type: FLAT & seed: -4315406086328175024
2015-10-30 21:31:31 [INFO] [Multiverse-Core] Loading World & Settings - 'plotworld' - Env: NORMAL - Type: NORMAL & seed: 1483843031056246239
2015-10-30 21:31:32 [INFO] [Multiverse-Core] 4 - World(s) loaded.
2015-11-04 11:31:58 [INFO] [Multiverse-Core] - Version 2.4-b527 (API v14) Enabled - By Rigby, fernferret, lithium3141 and main--
2015-11-04 11:31:58 [INFO] [Multiverse-Core] Loading World & Settings - 'world' - Env: NORMAL - Type: FLAT & seed: -4315406086328175024
2015-11-04 11:31:58 [INFO] [Multiverse-Core] Loading World & Settings - 'world_nether' - Env: NETHER - Type: FLAT & seed: -4315406086328175024
2015-11-04 11:31:58 [INFO] [Multiverse-Core] Loading World & Settings - 'world_the_end' - Env: THE_END - Type: FLAT & seed: -4315406086328175024
2015-11-04 11:31:58 [INFO] [Multiverse-Core] Loading World & Settings - 'plotworld' - Env: NORMAL - Type: NORMAL & seed: 1483843031056246239
2015-11-04 11:31:59 [INFO] [Multiverse-Core] 4 - World(s) loaded.
2015-11-04 12:13:24 [INFO] [Multiverse-Core] - Version 2.4-b527 (API v14) Enabled - By Rigby, fernferret, lithium3141 and main--
2015-11-04 12:13:25 [INFO] [Multiverse-Core] Loading World & Settings - 'world' - Env: NORMAL - Type: FLAT & seed: -4315406086328175024
2015-11-04 12:13:26 [INFO] [Multiverse-Core] Loading World & Settings - 'world_nether' - Env: NETHER - Type: FLAT & seed: -4315406086328175024
2015-11-04 12:13:27 [INFO] [Multiverse-Core] Loading World & Settings - 'world_the_end' - Env: THE_END - Type: FLAT & seed: -4315406086328175024
2015-11-04 12:13:28 [INFO] [Multiverse-Core] Loading World & Settings - 'plotworld' - Env: NORMAL - Type: NORMAL & seed: 1483843031056246239
2015-11-04 12:13:29 [INFO] [Multiverse-Core] 4 - World(s) loaded.
2015-11-04 12:15:00 [INFO] [Multiverse-Core] - Version 2.4-b527 (API v14) Enabled - By Rigby, fernferret, lithium3141 and main--
2015-11-04 12:15:01 [INFO] [Multiverse-Core] Loading World & Settings - 'world' - Env: NORMAL - Type: FLAT & seed: -4315406086328175024
2015-11-04 12:15:01 [INFO] [Multiverse-Core] Loading World & Settings - 'world_nether' - Env: NETHER - Type: FLAT & seed: -4315406086328175024
2015-11-04 12:15:01 [INFO] [Multiverse-Core] Loading World & Settings - 'world_the_end' - Env: THE_END - Type: FLAT & seed: -4315406086328175024
2015-11-04 12:15:01 [INFO] [Multiverse-Core] Loading World & Settings - 'plotworld' - Env: NORMAL - Type: NORMAL & seed: 1483843031056246239
2015-11-04 12:15:02 [INFO] [Multiverse-Core] 4 - World(s) loaded.
2015-11-04 12:56:52 [INFO] [Multiverse-Core] - Version 2.4-b527 (API v14) Enabled - By Rigby, fernferret, lithium3141 and main--
2015-11-04 12:56:52 [INFO] [Multiverse-Core] Loading World & Settings - 'world' - Env: NORMAL - Type: FLAT & seed: -4315406086328175024
2015-11-04 12:56:52 [INFO] [Multiverse-Core] Loading World & Settings - 'world_nether' - Env: NETHER - Type: FLAT & seed: -4315406086328175024
2015-11-04 12:56:52 [INFO] [Multiverse-Core] Loading World & Settings - 'world_the_end' - Env: THE_END - Type: FLAT & seed: -4315406086328175024
2015-11-04 12:56:52 [INFO] [Multiverse-Core] Loading World & Settings - 'plotworld' - Env: NORMAL - Type: NORMAL & seed: 1483843031056246239
2015-11-04 12:56:53 [INFO] [Multiverse-Core] 4 - World(s) loaded.
2015-11-04 12:57:35 [INFO] [Multiverse-Core] Loading World & Settings - 'world' - Env: NORMAL - Type: FLAT & seed: -4315406086328175024
2015-11-04 12:57:36 [INFO] [Multiverse-Core] Loading World & Settings - 'world_nether' - Env: NETHER - Type: FLAT & seed: -4315406086328175024
2015-11-04 12:57:36 [INFO] [Multiverse-Core] Loading World & Settings - 'world_the_end' - Env: THE_END - Type: FLAT & seed: -4315406086328175024
2015-11-04 12:57:37 [INFO] [Multiverse-Core] Loading World & Settings - 'plotworld' - Env: NORMAL - Type: NORMAL & seed: 1483843031056246239
2015-11-04 12:57:37 [INFO] [Multiverse-Core] 4 - World(s) loaded.
2015-11-04 12:58:25 [INFO] [Multiverse-Core] World 'plotworld' was unloaded from memory.
2015-11-04 12:58:25 [INFO] [Multiverse-Core] World 'plotworld' was removed from config.yml
2015-11-04 12:58:45 [INFO] [Multiverse-Core] Loading World & Settings - 'world' - Env: NORMAL - Type: FLAT & seed: -4315406086328175024
2015-11-04 12:58:46 [INFO] [Multiverse-Core] Loading World & Settings - 'world_nether' - Env: NETHER - Type: FLAT & seed: -4315406086328175024
2015-11-04 12:58:47 [INFO] [Multiverse-Core] Loading World & Settings - 'world_the_end' - Env: THE_END - Type: FLAT & seed: -4315406086328175024
2015-11-04 12:58:48 [INFO] [Multiverse-Core] 3 - World(s) loaded.
2015-11-04 13:01:36 [INFO] [Multiverse-Core] - Version 2.4-b527 (API v14) Enabled - By Rigby, fernferret, lithium3141 and main--
2015-11-04 13:01:37 [INFO] [Multiverse-Core] Loading World & Settings - 'world' - Env: NORMAL - Type: FLAT & seed: -4315406086328175024
2015-11-04 13:01:37 [INFO] [Multiverse-Core] Loading World & Settings - 'world_nether' - Env: NETHER - Type: FLAT & seed: -4315406086328175024
2015-11-04 13:01:37 [INFO] [Multiverse-Core] Loading World & Settings - 'world_the_end' - Env: THE_END - Type: FLAT & seed: -4315406086328175024
2015-11-04 13:01:37 [INFO] [Multiverse-Core] 3 - World(s) loaded.
2015-11-04 13:03:00 [INFO] [Multiverse-Core] Loading World & Settings - 'plotworld' - Env: NORMAL - Type: null & generator: PlotMe
2015-11-04 13:06:16 [INFO] [Multiverse-Core] - Version 2.4-b527 (API v14) Enabled - By Rigby, fernferret, lithium3141 and main--
2015-11-04 13:06:16 [INFO] [Multiverse-Core] Loading World & Settings - 'world' - Env: NORMAL - Type: FLAT & seed: -4315406086328175024
2015-11-04 13:06:16 [INFO] [Multiverse-Core] Loading World & Settings - 'world_nether' - Env: NETHER - Type: FLAT & seed: -4315406086328175024
2015-11-04 13:06:16 [INFO] [Multiverse-Core] Loading World & Settings - 'world_the_end' - Env: THE_END - Type: FLAT & seed: -4315406086328175024
2015-11-04 13:06:16 [INFO] [Multiverse-Core] Loading World & Settings - 'plotworld' - Env: NORMAL - Type: NORMAL & seed: 1483843031056246239 & generator: PlotMe
2015-11-04 13:06:18 [INFO] [Multiverse-Core] 4 - World(s) loaded.
2015-11-04 16:34:40 [INFO] [Multiverse-Core] - Version 2.4-b527 (API v14) Enabled - By Rigby, fernferret, lithium3141 and main--
2015-11-04 16:34:42 [INFO] [Multiverse-Core] Loading World & Settings - 'world' - Env: NORMAL - Type: FLAT & seed: -4315406086328175024
2015-11-04 16:34:42 [INFO] [Multiverse-Core] Loading World & Settings - 'world_nether' - Env: NETHER - Type: FLAT & seed: -4315406086328175024
2015-11-04 16:34:43 [INFO] [Multiverse-Core] Loading World & Settings - 'world_the_end' - Env: THE_END - Type: FLAT & seed: -4315406086328175024
2015-11-04 16:34:44 [INFO] [Multiverse-Core] Loading World & Settings - 'plotworld' - Env: NORMAL - Type: NORMAL & seed: 1483843031056246239 & generator: PlotMe
2015-11-04 16:34:45 [INFO] [Multiverse-Core] 4 - World(s) loaded.
2015-11-04 16:47:15 [INFO] [Multiverse-Core] - Version 2.4-b527 (API v14) Enabled - By Rigby, fernferret, lithium3141 and main--
2015-11-04 16:47:17 [INFO] [Multiverse-Core] Loading World & Settings - 'world' - Env: NORMAL - Type: FLAT & seed: -4315406086328175024
2015-11-04 16:47:18 [INFO] [Multiverse-Core] Loading World & Settings - 'world_nether' - Env: NETHER - Type: FLAT & seed: -4315406086328175024
2015-11-04 16:47:18 [INFO] [Multiverse-Core] Loading World & Settings - 'world_the_end' - Env: THE_END - Type: FLAT & seed: -4315406086328175024
2015-11-04 16:47:19 [INFO] [Multiverse-Core] Loading World & Settings - 'plotworld' - Env: NORMAL - Type: NORMAL & seed: 1483843031056246239 & generator: PlotMe
2015-11-04 16:47:19 [INFO] [Multiverse-Core] 4 - World(s) loaded.
2015-11-04 16:52:52 [INFO] [Multiverse-Core] - Version 2.4-b527 (API v14) Enabled - By Rigby, fernferret, lithium3141 and main--
2015-11-04 16:52:56 [INFO] [Multiverse-Core] Loading World & Settings - 'world' - Env: NORMAL - Type: FLAT & seed: -4315406086328175024
2015-11-04 16:52:57 [INFO] [Multiverse-Core] Loading World & Settings - 'world_nether' - Env: NETHER - Type: FLAT & seed: -4315406086328175024
2015-11-04 16:52:57 [INFO] [Multiverse-Core] Loading World & Settings - 'world_the_end' - Env: THE_END - Type: FLAT & seed: -4315406086328175024
2015-11-04 16:52:58 [INFO] [Multiverse-Core] Loading World & Settings - 'plotworld' - Env: NORMAL - Type: NORMAL & seed: 1483843031056246239 & generator: PlotMe
2015-11-04 16:52:58 [INFO] [Multiverse-Core] 4 - World(s) loaded.
2015-11-04 18:38:35 [INFO] [Multiverse-Core] - Version 2.4-b527 (API v14) Enabled - By Rigby, fernferret, lithium3141 and main--
2015-11-04 18:38:37 [INFO] [Multiverse-Core] Loading World & Settings - 'world' - Env: NORMAL - Type: FLAT & seed: -4315406086328175024
2015-11-04 18:38:38 [INFO] [Multiverse-Core] Loading World & Settings - 'world_nether' - Env: NETHER - Type: FLAT & seed: -4315406086328175024
2015-11-04 18:38:38 [INFO] [Multiverse-Core] Loading World & Settings - 'world_the_end' - Env: THE_END - Type: FLAT & seed: -4315406086328175024
2015-11-04 18:38:39 [INFO] [Multiverse-Core] Loading World & Settings - 'plotworld' - Env: NORMAL - Type: NORMAL & seed: 1483843031056246239 & generator: PlotMe
2015-11-04 18:38:39 [INFO] [Multiverse-Core] 4 - World(s) loaded.
2015-11-04 18:42:49 [INFO] [Multiverse-Core] - Version 2.4-b527 (API v14) Enabled - By Rigby, fernferret, lithium3141 and main--
2015-11-04 18:42:51 [INFO] [Multiverse-Core] Loading World & Settings - 'world' - Env: NORMAL - Type: FLAT & seed: -4315406086328175024
2015-11-04 18:42:52 [INFO] [Multiverse-Core] Loading World & Settings - 'world_nether' - Env: NETHER - Type: FLAT & seed: -4315406086328175024
2015-11-04 18:42:52 [INFO] [Multiverse-Core] Loading World & Settings - 'world_the_end' - Env: THE_END - Type: FLAT & seed: -4315406086328175024
2015-11-04 18:42:53 [INFO] [Multiverse-Core] Loading World & Settings - 'plotworld' - Env: NORMAL - Type: NORMAL & seed: 1483843031056246239 & generator: PlotMe
2015-11-04 18:42:53 [INFO] [Multiverse-Core] 4 - World(s) loaded.
2015-11-04 18:43:36 [INFO] [Multiverse-Core] - Version 2.4-b527 (API v14) Enabled - By Rigby, fernferret, lithium3141 and main--
2015-11-04 18:43:37 [INFO] [Multiverse-Core] Loading World & Settings - 'world' - Env: NORMAL - Type: FLAT & seed: -4315406086328175024
2015-11-04 18:43:37 [INFO] [Multiverse-Core] Loading World & Settings - 'world_nether' - Env: NETHER - Type: FLAT & seed: -4315406086328175024
2015-11-04 18:43:37 [INFO] [Multiverse-Core] Loading World & Settings - 'world_the_end' - Env: THE_END - Type: FLAT & seed: -4315406086328175024
2015-11-04 18:43:37 [INFO] [Multiverse-Core] Loading World & Settings - 'plotworld' - Env: NORMAL - Type: NORMAL & seed: 1483843031056246239 & generator: PlotMe
2015-11-04 18:43:37 [INFO] [Multiverse-Core] 4 - World(s) loaded.
2015-11-04 18:49:57 [INFO] [Multiverse-Core] - Version 2.4-b527 (API v14) Enabled - By Rigby, fernferret, lithium3141 and main--
2015-11-04 18:49:57 [INFO] [Multiverse-Core] Loading World & Settings - 'world' - Env: NORMAL - Type: FLAT & seed: -4315406086328175024
2015-11-04 18:49:58 [INFO] [Multiverse-Core] Loading World & Settings - 'world_nether' - Env: NETHER - Type: FLAT & seed: -4315406086328175024
2015-11-04 18:49:58 [INFO] [Multiverse-Core] Loading World & Settings - 'world_the_end' - Env: THE_END - Type: FLAT & seed: -4315406086328175024
2015-11-04 18:49:58 [INFO] [Multiverse-Core] Loading World & Settings - 'plotworld' - Env: NORMAL - Type: NORMAL & seed: 1483843031056246239 & generator: PlotMe
2015-11-04 18:49:58 [INFO] [Multiverse-Core] 4 - World(s) loaded.
2015-11-04 18:51:33 [INFO] [Multiverse-Core] - Version 2.4-b527 (API v14) Enabled - By Rigby, fernferret, lithium3141 and main--
2015-11-04 18:51:33 [INFO] [Multiverse-Core] Loading World & Settings - 'world' - Env: NORMAL - Type: FLAT & seed: -4315406086328175024
2015-11-04 18:51:33 [INFO] [Multiverse-Core] Loading World & Settings - 'world_nether' - Env: NETHER - Type: FLAT & seed: -4315406086328175024
2015-11-04 18:51:33 [INFO] [Multiverse-Core] Loading World & Settings - 'world_the_end' - Env: THE_END - Type: FLAT & seed: -4315406086328175024
2015-11-04 18:51:33 [INFO] [Multiverse-Core] Loading World & Settings - 'plotworld' - Env: NORMAL - Type: NORMAL & seed: 1483843031056246239 & generator: PlotMe
2015-11-04 18:51:34 [INFO] [Multiverse-Core] 4 - World(s) loaded.
2015-11-04 18:57:10 [INFO] [Multiverse-Core] - Version 2.4-b527 (API v14) Enabled - By Rigby, fernferret, lithium3141 and main--
2015-11-04 18:57:10 [INFO] [Multiverse-Core] Loading World & Settings - 'world' - Env: NORMAL - Type: FLAT & seed: -4315406086328175024
2015-11-04 18:57:10 [INFO] [Multiverse-Core] Loading World & Settings - 'world_nether' - Env: NETHER - Type: FLAT & seed: -4315406086328175024
2015-11-04 18:57:10 [INFO] [Multiverse-Core] Loading World & Settings - 'world_the_end' - Env: THE_END - Type: FLAT & seed: -4315406086328175024
2015-11-04 18:57:10 [INFO] [Multiverse-Core] Loading World & Settings - 'plotworld' - Env: NORMAL - Type: NORMAL & seed: 1483843031056246239 & generator: PlotMe
2015-11-04 18:57:11 [INFO] [Multiverse-Core] 4 - World(s) loaded.
2015-11-04 19:01:05 [INFO] [Multiverse-Core] - Version 2.4-b527 (API v14) Enabled - By Rigby, fernferret, lithium3141 and main--
2015-11-04 19:01:05 [INFO] [Multiverse-Core] Loading World & Settings - 'world' - Env: NORMAL - Type: FLAT & seed: -4315406086328175024
2015-11-04 19:01:05 [INFO] [Multiverse-Core] Loading World & Settings - 'world_nether' - Env: NETHER - Type: FLAT & seed: -4315406086328175024
2015-11-04 19:01:05 [INFO] [Multiverse-Core] Loading World & Settings - 'world_the_end' - Env: THE_END - Type: FLAT & seed: -4315406086328175024
2015-11-04 19:01:05 [INFO] [Multiverse-Core] Loading World & Settings - 'plotworld' - Env: NORMAL - Type: NORMAL & seed: 1483843031056246239 & generator: PlotMe
2015-11-04 19:01:06 [INFO] [Multiverse-Core] 4 - World(s) loaded.
2015-11-04 19:07:35 [INFO] [Multiverse-Core] - Version 2.4-b527 (API v14) Enabled - By Rigby, fernferret, lithium3141 and main--
2015-11-04 19:07:36 [INFO] [Multiverse-Core] Loading World & Settings - 'world' - Env: NORMAL - Type: FLAT & seed: -4315406086328175024
2015-11-04 19:07:37 [INFO] [Multiverse-Core] Loading World & Settings - 'world_nether' - Env: NETHER - Type: FLAT & seed: -4315406086328175024
2015-11-04 19:07:37 [INFO] [Multiverse-Core] Loading World & Settings - 'world_the_end' - Env: THE_END - Type: FLAT & seed: -4315406086328175024
2015-11-04 19:07:38 [INFO] [Multiverse-Core] Loading World & Settings - 'plotworld' - Env: NORMAL - Type: NORMAL & seed: 1483843031056246239 & generator: PlotMe
2015-11-04 19:07:38 [INFO] [Multiverse-Core] 4 - World(s) loaded.
2015-11-04 21:03:01 [INFO] [Multiverse-Core] - Version 2.4-b527 (API v14) Enabled - By Rigby, fernferret, lithium3141 and main--
2015-11-04 21:03:01 [INFO] [Multiverse-Core] Loading World & Settings - 'world' - Env: NORMAL - Type: FLAT & seed: -4315406086328175024
2015-11-04 21:03:01 [INFO] [Multiverse-Core] Loading World & Settings - 'world_nether' - Env: NETHER - Type: FLAT & seed: -4315406086328175024
2015-11-04 21:03:01 [INFO] [Multiverse-Core] Loading World & Settings - 'world_the_end' - Env: THE_END - Type: FLAT & seed: -4315406086328175024
2015-11-04 21:03:02 [INFO] [Multiverse-Core] Loading World & Settings - 'plotworld' - Env: NORMAL - Type: NORMAL & seed: 1483843031056246239 & generator: PlotMe
2015-11-04 21:03:02 [INFO] [Multiverse-Core] 4 - World(s) loaded.
2015-11-04 22:40:43 [INFO] [Multiverse-Core] - Version 2.4-b527 (API v14) Enabled - By Rigby, fernferret, lithium3141 and main--
2015-11-04 22:40:43 [INFO] [Multiverse-Core] Loading World & Settings - 'world' - Env: NORMAL - Type: FLAT & seed: -4315406086328175024
2015-11-04 22:40:43 [INFO] [Multiverse-Core] Loading World & Settings - 'world_nether' - Env: NETHER - Type: FLAT & seed: -4315406086328175024
2015-11-04 22:40:43 [INFO] [Multiverse-Core] Loading World & Settings - 'world_the_end' - Env: THE_END - Type: FLAT & seed: -4315406086328175024
2015-11-04 22:40:43 [INFO] [Multiverse-Core] Loading World & Settings - 'plotworld' - Env: NORMAL - Type: NORMAL & seed: 1483843031056246239 & generator: PlotMe
2015-11-04 22:40:44 [INFO] [Multiverse-Core] 4 - World(s) loaded.
2015-11-04 22:47:26 [INFO] [Multiverse-Core] - Version 2.4-b527 (API v14) Enabled - By Rigby, fernferret, lithium3141 and main--
2015-11-04 22:47:27 [INFO] [Multiverse-Core] Loading World & Settings - 'world' - Env: NORMAL - Type: FLAT & seed: -4315406086328175024
2015-11-04 22:47:27 [INFO] [Multiverse-Core] Loading World & Settings - 'world_nether' - Env: NETHER - Type: FLAT & seed: -4315406086328175024
2015-11-04 22:47:27 [INFO] [Multiverse-Core] Loading World & Settings - 'world_the_end' - Env: THE_END - Type: FLAT & seed: -4315406086328175024
2015-11-04 22:47:27 [INFO] [Multiverse-Core] Loading World & Settings - 'plotworld' - Env: NORMAL - Type: NORMAL & seed: 1483843031056246239 & generator: PlotMe
2015-11-04 22:47:27 [INFO] [Multiverse-Core] 4 - World(s) loaded.
2015-11-04 22:50:15 [INFO] [Multiverse-Core] - Version 2.4-b527 (API v14) Enabled - By Rigby, fernferret, lithium3141 and main--
2015-11-04 22:50:15 [INFO] [Multiverse-Core] Loading World & Settings - 'world' - Env: NORMAL - Type: FLAT & seed: -4315406086328175024
2015-11-04 22:50:15 [INFO] [Multiverse-Core] Loading World & Settings - 'world_nether' - Env: NETHER - Type: FLAT & seed: -4315406086328175024
2015-11-04 22:50:15 [INFO] [Multiverse-Core] Loading World & Settings - 'world_the_end' - Env: THE_END - Type: FLAT & seed: -4315406086328175024
2015-11-04 22:50:15 [INFO] [Multiverse-Core] Loading World & Settings - 'plotworld' - Env: NORMAL - Type: NORMAL & seed: 1483843031056246239 & generator: PlotMe
2015-11-04 22:50:16 [INFO] [Multiverse-Core] 4 - World(s) loaded.
2015-11-04 22:53:31 [INFO] [Multiverse-Core] - Version 2.4-b527 (API v14) Enabled - By Rigby, fernferret, lithium3141 and main--
2015-11-04 22:53:32 [INFO] [Multiverse-Core] Loading World & Settings - 'world' - Env: NORMAL - Type: FLAT & seed: -4315406086328175024
2015-11-04 22:53:32 [INFO] [Multiverse-Core] Loading World & Settings - 'world_nether' - Env: NETHER - Type: FLAT & seed: -4315406086328175024
2015-11-04 22:53:32 [INFO] [Multiverse-Core] Loading World & Settings - 'world_the_end' - Env: THE_END - Type: FLAT & seed: -4315406086328175024
2015-11-04 22:53:32 [INFO] [Multiverse-Core] Loading World & Settings - 'plotworld' - Env: NORMAL - Type: NORMAL & seed: 1483843031056246239 & generator: PlotMe
2015-11-04 22:53:32 [INFO] [Multiverse-Core] 4 - World(s) loaded.
2015-11-05 12:18:18 [INFO] [Multiverse-Core] - Version 2.4-b527 (API v14) Enabled - By Rigby, fernferret, lithium3141 and main--
2015-11-05 12:18:18 [INFO] [Multiverse-Core] Loading World & Settings - 'world' - Env: NORMAL - Type: FLAT & seed: -4315406086328175024
2015-11-05 12:18:18 [INFO] [Multiverse-Core] Loading World & Settings - 'world_nether' - Env: NETHER - Type: FLAT & seed: -4315406086328175024
2015-11-05 12:18:18 [INFO] [Multiverse-Core] Loading World & Settings - 'world_the_end' - Env: THE_END - Type: FLAT & seed: -4315406086328175024
2015-11-05 12:18:18 [INFO] [Multiverse-Core] Loading World & Settings - 'plotworld' - Env: NORMAL - Type: NORMAL & seed: 1483843031056246239 & generator: PlotMe
2015-11-05 12:18:19 [INFO] [Multiverse-Core] 4 - World(s) loaded.
2015-11-05 12:42:38 [INFO] [Multiverse-Core] - Version 2.4-b527 (API v14) Enabled - By Rigby, fernferret, lithium3141 and main--
2015-11-05 12:42:39 [INFO] [Multiverse-Core] Loading World & Settings - 'world' - Env: NORMAL - Type: FLAT & seed: -4315406086328175024
2015-11-05 12:42:39 [INFO] [Multiverse-Core] Loading World & Settings - 'world_nether' - Env: NETHER - Type: FLAT & seed: -4315406086328175024
2015-11-05 12:42:39 [INFO] [Multiverse-Core] Loading World & Settings - 'world_the_end' - Env: THE_END - Type: FLAT & seed: -4315406086328175024
2015-11-05 12:42:39 [INFO] [Multiverse-Core] Loading World & Settings - 'plotworld' - Env: NORMAL - Type: NORMAL & seed: 1483843031056246239 & generator: PlotMe
2015-11-05 12:42:39 [INFO] [Multiverse-Core] 4 - World(s) loaded.
2015-11-05 12:47:30 [INFO] [Multiverse-Core] - Version 2.4-b527 (API v14) Enabled - By Rigby, fernferret, lithium3141 and main--
2015-11-05 12:47:31 [INFO] [Multiverse-Core] Loading World & Settings - 'world' - Env: NORMAL - Type: FLAT & seed: -4315406086328175024
2015-11-05 12:47:31 [INFO] [Multiverse-Core] Loading World & Settings - 'world_nether' - Env: NETHER - Type: FLAT & seed: -4315406086328175024
2015-11-05 12:47:31 [INFO] [Multiverse-Core] Loading World & Settings - 'world_the_end' - Env: THE_END - Type: FLAT & seed: -4315406086328175024
2015-11-05 12:47:31 [INFO] [Multiverse-Core] Loading World & Settings - 'plotworld' - Env: NORMAL - Type: NORMAL & seed: 1483843031056246239 & generator: PlotMe
2015-11-05 12:47:31 [INFO] [Multiverse-Core] 4 - World(s) loaded.
2015-11-05 12:54:15 [INFO] [Multiverse-Core] - Version 2.4-b527 (API v14) Enabled - By Rigby, fernferret, lithium3141 and main--
2015-11-05 12:54:15 [INFO] [Multiverse-Core] Loading World & Settings - 'world' - Env: NORMAL - Type: FLAT & seed: -4315406086328175024
2015-11-05 12:54:15 [INFO] [Multiverse-Core] Loading World & Settings - 'world_nether' - Env: NETHER - Type: FLAT & seed: -4315406086328175024
2015-11-05 12:54:15 [INFO] [Multiverse-Core] Loading World & Settings - 'world_the_end' - Env: THE_END - Type: FLAT & seed: -4315406086328175024
2015-11-05 12:54:15 [INFO] [Multiverse-Core] Loading World & Settings - 'plotworld' - Env: NORMAL - Type: NORMAL & seed: 1483843031056246239 & generator: PlotMe
2015-11-05 12:54:16 [INFO] [Multiverse-Core] 4 - World(s) loaded.
2015-11-05 13:04:36 [INFO] [Multiverse-Core] - Version 2.4-b527 (API v14) Enabled - By Rigby, fernferret, lithium3141 and main--
2015-11-05 13:04:36 [INFO] [Multiverse-Core] Loading World & Settings - 'world' - Env: NORMAL - Type: FLAT & seed: -4315406086328175024
2015-11-05 13:04:36 [INFO] [Multiverse-Core] Loading World & Settings - 'world_nether' - Env: NETHER - Type: FLAT & seed: -4315406086328175024
2015-11-05 13:04:36 [INFO] [Multiverse-Core] Loading World & Settings - 'world_the_end' - Env: THE_END - Type: FLAT & seed: -4315406086328175024
2015-11-05 13:04:36 [INFO] [Multiverse-Core] Loading World & Settings - 'plotworld' - Env: NORMAL - Type: NORMAL & seed: 1483843031056246239 & generator: PlotMe
2015-11-05 13:04:37 [INFO] [Multiverse-Core] 4 - World(s) loaded.
2015-11-05 14:11:28 [INFO] [Multiverse-Core] - Version 2.4-b527 (API v14) Enabled - By Rigby, fernferret, lithium3141 and main--
2015-11-05 14:11:29 [INFO] [Multiverse-Core] Loading World & Settings - 'world' - Env: NORMAL - Type: FLAT & seed: -4315406086328175024
2015-11-05 14:11:29 [INFO] [Multiverse-Core] Loading World & Settings - 'world_nether' - Env: NETHER - Type: FLAT & seed: -4315406086328175024
2015-11-05 14:11:29 [INFO] [Multiverse-Core] Loading World & Settings - 'world_the_end' - Env: THE_END - Type: FLAT & seed: -4315406086328175024
2015-11-05 14:11:29 [INFO] [Multiverse-Core] Loading World & Settings - 'plotworld' - Env: NORMAL - Type: NORMAL & seed: 1483843031056246239 & generator: PlotMe
2015-11-05 14:11:29 [INFO] [Multiverse-Core] 4 - World(s) loaded.
2015-11-05 14:12:58 [INFO] [Multiverse-Core] - Version 2.4-b527 (API v14) Enabled - By Rigby, fernferret, lithium3141 and main--
2015-11-05 14:12:58 [INFO] [Multiverse-Core] Loading World & Settings - 'world' - Env: NORMAL - Type: FLAT & seed: -4315406086328175024
2015-11-05 14:12:58 [INFO] [Multiverse-Core] Loading World & Settings - 'world_nether' - Env: NETHER - Type: FLAT & seed: -4315406086328175024
2015-11-05 14:12:58 [INFO] [Multiverse-Core] Loading World & Settings - 'world_the_end' - Env: THE_END - Type: FLAT & seed: -4315406086328175024
2015-11-05 14:12:58 [INFO] [Multiverse-Core] Loading World & Settings - 'plotworld' - Env: NORMAL - Type: NORMAL & seed: 1483843031056246239 & generator: PlotMe
2015-11-05 14:12:59 [INFO] [Multiverse-Core] 4 - World(s) loaded.
2015-11-05 14:58:13 [INFO] [Multiverse-Core] - Version 2.4-b527 (API v14) Enabled - By Rigby, fernferret, lithium3141 and main--
2015-11-05 14:58:13 [INFO] [Multiverse-Core] Loading World & Settings - 'world' - Env: NORMAL - Type: FLAT & seed: -4315406086328175024
2015-11-05 14:58:14 [INFO] [Multiverse-Core] Loading World & Settings - 'world_nether' - Env: NETHER - Type: FLAT & seed: -4315406086328175024
2015-11-05 14:58:14 [INFO] [Multiverse-Core] Loading World & Settings - 'world_the_end' - Env: THE_END - Type: FLAT & seed: -4315406086328175024
2015-11-05 14:58:14 [INFO] [Multiverse-Core] Loading World & Settings - 'plotworld' - Env: NORMAL - Type: NORMAL & seed: 1483843031056246239 & generator: PlotMe
2015-11-05 14:58:15 [INFO] [Multiverse-Core] 4 - World(s) loaded.
2015-11-05 15:02:49 [INFO] [Multiverse-Core] - Version 2.4-b527 (API v14) Enabled - By Rigby, fernferret, lithium3141 and main--
2015-11-05 15:02:50 [INFO] [Multiverse-Core] Loading World & Settings - 'world' - Env: NORMAL - Type: FLAT & seed: -4315406086328175024
2015-11-05 15:02:50 [INFO] [Multiverse-Core] Loading World & Settings - 'world_nether' - Env: NETHER - Type: FLAT & seed: -4315406086328175024
2015-11-05 15:02:50 [INFO] [Multiverse-Core] Loading World & Settings - 'world_the_end' - Env: THE_END - Type: FLAT & seed: -4315406086328175024
2015-11-05 15:02:50 [INFO] [Multiverse-Core] Loading World & Settings - 'plotworld' - Env: NORMAL - Type: NORMAL & seed: 1483843031056246239 & generator: PlotMe
2015-11-05 15:02:50 [INFO] [Multiverse-Core] 4 - World(s) loaded.
2015-11-05 15:15:01 [INFO] [Multiverse-Core] - Version 2.4-b527 (API v14) Enabled - By Rigby, fernferret, lithium3141 and main--
2015-11-05 15:15:01 [INFO] [Multiverse-Core] Loading World & Settings - 'world' - Env: NORMAL - Type: FLAT & seed: -4315406086328175024
2015-11-05 15:15:01 [INFO] [Multiverse-Core] Loading World & Settings - 'world_nether' - Env: NETHER - Type: FLAT & seed: -4315406086328175024
2015-11-05 15:15:01 [INFO] [Multiverse-Core] Loading World & Settings - 'world_the_end' - Env: THE_END - Type: FLAT & seed: -4315406086328175024
2015-11-05 15:15:01 [INFO] [Multiverse-Core] Loading World & Settings - 'plotworld' - Env: NORMAL - Type: NORMAL & seed: 1483843031056246239 & generator: PlotMe
2015-11-05 15:15:02 [INFO] [Multiverse-Core] 4 - World(s) loaded.
2015-11-05 15:17:48 [INFO] [Multiverse-Core] - Version 2.4-b527 (API v14) Enabled - By Rigby, fernferret, lithium3141 and main--
2015-11-05 15:17:48 [INFO] [Multiverse-Core] Loading World & Settings - 'world' - Env: NORMAL - Type: FLAT & seed: -4315406086328175024
2015-11-05 15:17:48 [INFO] [Multiverse-Core] Loading World & Settings - 'world_nether' - Env: NETHER - Type: FLAT & seed: -4315406086328175024
2015-11-05 15:17:48 [INFO] [Multiverse-Core] Loading World & Settings - 'world_the_end' - Env: THE_END - Type: FLAT & seed: -4315406086328175024
2015-11-05 15:17:48 [INFO] [Multiverse-Core] Loading World & Settings - 'plotworld' - Env: NORMAL - Type: NORMAL & seed: 1483843031056246239 & generator: PlotMe
2015-11-05 15:17:49 [INFO] [Multiverse-Core] 4 - World(s) loaded.
2015-11-05 15:19:54 [INFO] [Multiverse-Core] - Version 2.4-b527 (API v14) Enabled - By Rigby, fernferret, lithium3141 and main--
2015-11-05 15:19:54 [INFO] [Multiverse-Core] Loading World & Settings - 'world' - Env: NORMAL - Type: FLAT & seed: -4315406086328175024
2015-11-05 15:19:54 [INFO] [Multiverse-Core] Loading World & Settings - 'world_nether' - Env: NETHER - Type: FLAT & seed: -4315406086328175024
2015-11-05 15:19:54 [INFO] [Multiverse-Core] Loading World & Settings - 'world_the_end' - Env: THE_END - Type: FLAT & seed: -4315406086328175024
2015-11-05 15:19:54 [INFO] [Multiverse-Core] Loading World & Settings - 'plotworld' - Env: NORMAL - Type: NORMAL & seed: 1483843031056246239 & generator: PlotMe
2015-11-05 15:19:55 [INFO] [Multiverse-Core] 4 - World(s) loaded.
2015-11-05 15:22:50 [INFO] [Multiverse-Core] - Version 2.4-b527 (API v14) Enabled - By Rigby, fernferret, lithium3141 and main--
2015-11-05 15:22:50 [INFO] [Multiverse-Core] Loading World & Settings - 'world' - Env: NORMAL - Type: FLAT & seed: -4315406086328175024
2015-11-05 15:22:50 [INFO] [Multiverse-Core] Loading World & Settings - 'world_nether' - Env: NETHER - Type: FLAT & seed: -4315406086328175024
2015-11-05 15:22:50 [INFO] [Multiverse-Core] Loading World & Settings - 'world_the_end' - Env: THE_END - Type: FLAT & seed: -4315406086328175024
2015-11-05 15:22:50 [INFO] [Multiverse-Core] Loading World & Settings - 'plotworld' - Env: NORMAL - Type: NORMAL & seed: 1483843031056246239 & generator: PlotMe
2015-11-05 15:22:51 [INFO] [Multiverse-Core] 4 - World(s) loaded.
2015-11-05 15:33:16 [INFO] [Multiverse-Core] - Version 2.4-b527 (API v14) Enabled - By Rigby, fernferret, lithium3141 and main--
2015-11-05 15:33:17 [INFO] [Multiverse-Core] Loading World & Settings - 'world' - Env: NORMAL - Type: FLAT & seed: -4315406086328175024
2015-11-05 15:33:17 [INFO] [Multiverse-Core] Loading World & Settings - 'world_nether' - Env: NETHER - Type: FLAT & seed: -4315406086328175024
2015-11-05 15:33:17 [INFO] [Multiverse-Core] Loading World & Settings - 'world_the_end' - Env: THE_END - Type: FLAT & seed: -4315406086328175024
2015-11-05 15:33:17 [INFO] [Multiverse-Core] Loading World & Settings - 'plotworld' - Env: NORMAL - Type: NORMAL & seed: 1483843031056246239 & generator: PlotMe
2015-11-05 15:33:17 [INFO] [Multiverse-Core] 4 - World(s) loaded.
2015-11-05 15:39:47 [INFO] [Multiverse-Core] - Version 2.4-b527 (API v14) Enabled - By Rigby, fernferret, lithium3141 and main--
2015-11-05 15:39:49 [INFO] [Multiverse-Core] Loading World & Settings - 'world' - Env: NORMAL - Type: FLAT & seed: -4315406086328175024
2015-11-05 15:39:49 [INFO] [Multiverse-Core] Loading World & Settings - 'world_nether' - Env: NETHER - Type: FLAT & seed: -4315406086328175024
2015-11-05 15:39:50 [INFO] [Multiverse-Core] Loading World & Settings - 'world_the_end' - Env: THE_END - Type: FLAT & seed: -4315406086328175024
2015-11-05 15:39:50 [INFO] [Multiverse-Core] Loading World & Settings - 'plotworld' - Env: NORMAL - Type: NORMAL & seed: 1483843031056246239 & generator: PlotMe
2015-11-05 15:39:51 [INFO] [Multiverse-Core] 4 - World(s) loaded.
2015-11-05 15:44:29 [INFO] [Multiverse-Core] - Version 2.4-b527 (API v14) Enabled - By Rigby, fernferret, lithium3141 and main--
2015-11-05 15:44:29 [INFO] [Multiverse-Core] Loading World & Settings - 'world' - Env: NORMAL - Type: FLAT & seed: -4315406086328175024
2015-11-05 15:44:29 [INFO] [Multiverse-Core] Loading World & Settings - 'world_nether' - Env: NETHER - Type: FLAT & seed: -4315406086328175024
2015-11-05 15:44:29 [INFO] [Multiverse-Core] Loading World & Settings - 'world_the_end' - Env: THE_END - Type: FLAT & seed: -4315406086328175024
2015-11-05 15:44:29 [INFO] [Multiverse-Core] Loading World & Settings - 'plotworld' - Env: NORMAL - Type: NORMAL & seed: 1483843031056246239 & generator: PlotMe
2015-11-05 15:44:30 [INFO] [Multiverse-Core] 4 - World(s) loaded.
2015-11-05 15:47:34 [INFO] [Multiverse-Core] - Version 2.4-b527 (API v14) Enabled - By Rigby, fernferret, lithium3141 and main--
2015-11-05 15:47:35 [INFO] [Multiverse-Core] Loading World & Settings - 'world' - Env: NORMAL - Type: FLAT & seed: -4315406086328175024
2015-11-05 15:47:35 [INFO] [Multiverse-Core] Loading World & Settings - 'world_nether' - Env: NETHER - Type: FLAT & seed: -4315406086328175024
2015-11-05 15:47:35 [INFO] [Multiverse-Core] Loading World & Settings - 'world_the_end' - Env: THE_END - Type: FLAT & seed: -4315406086328175024
2015-11-05 15:47:35 [INFO] [Multiverse-Core] Loading World & Settings - 'plotworld' - Env: NORMAL - Type: NORMAL & seed: 1483843031056246239 & generator: PlotMe
2015-11-05 15:47:35 [INFO] [Multiverse-Core] 4 - World(s) loaded.
2015-11-05 16:00:16 [INFO] [Multiverse-Core] - Version 2.4-b527 (API v14) Enabled - By Rigby, fernferret, lithium3141 and main--
2015-11-05 16:00:16 [INFO] [Multiverse-Core] Loading World & Settings - 'world' - Env: NORMAL - Type: FLAT & seed: -4315406086328175024
2015-11-05 16:00:16 [INFO] [Multiverse-Core] Loading World & Settings - 'world_nether' - Env: NETHER - Type: FLAT & seed: -4315406086328175024
2015-11-05 16:00:16 [INFO] [Multiverse-Core] Loading World & Settings - 'world_the_end' - Env: THE_END - Type: FLAT & seed: -4315406086328175024
2015-11-05 16:00:16 [INFO] [Multiverse-Core] Loading World & Settings - 'plotworld' - Env: NORMAL - Type: NORMAL & seed: 1483843031056246239 & generator: PlotMe
2015-11-05 16:00:17 [INFO] [Multiverse-Core] 4 - World(s) loaded.
2015-11-05 16:07:47 [INFO] [Multiverse-Core] - Version 2.4-b527 (API v14) Enabled - By Rigby, fernferret, lithium3141 and main--
2015-11-05 16:07:47 [INFO] [Multiverse-Core] Loading World & Settings - 'world' - Env: NORMAL - Type: FLAT & seed: -4315406086328175024
2015-11-05 16:07:47 [INFO] [Multiverse-Core] Loading World & Settings - 'world_nether' - Env: NETHER - Type: FLAT & seed: -4315406086328175024
2015-11-05 16:07:47 [INFO] [Multiverse-Core] Loading World & Settings - 'world_the_end' - Env: THE_END - Type: FLAT & seed: -4315406086328175024
2015-11-05 16:07:47 [INFO] [Multiverse-Core] Loading World & Settings - 'plotworld' - Env: NORMAL - Type: NORMAL & seed: 1483843031056246239 & generator: PlotMe
2015-11-05 16:07:48 [INFO] [Multiverse-Core] 4 - World(s) loaded.
2015-11-05 16:20:10 [INFO] [Multiverse-Core] - Version 2.4-b527 (API v14) Enabled - By Rigby, fernferret, lithium3141 and main--
2015-11-05 16:20:11 [INFO] [Multiverse-Core] Loading World & Settings - 'world' - Env: NORMAL - Type: FLAT & seed: -4315406086328175024
2015-11-05 16:20:11 [INFO] [Multiverse-Core] Loading World & Settings - 'world_nether' - Env: NETHER - Type: FLAT & seed: -4315406086328175024
2015-11-05 16:20:11 [INFO] [Multiverse-Core] Loading World & Settings - 'world_the_end' - Env: THE_END - Type: FLAT & seed: -4315406086328175024
2015-11-05 16:20:11 [INFO] [Multiverse-Core] Loading World & Settings - 'plotworld' - Env: NORMAL - Type: NORMAL & seed: 1483843031056246239 & generator: PlotMe
2015-11-05 16:20:11 [INFO] [Multiverse-Core] 4 - World(s) loaded.
2015-11-05 16:29:52 [INFO] [Multiverse-Core] - Version 2.4-b527 (API v14) Enabled - By Rigby, fernferret, lithium3141 and main--
2015-11-05 16:29:53 [INFO] [Multiverse-Core] Loading World & Settings - 'world' - Env: NORMAL - Type: FLAT & seed: -4315406086328175024
2015-11-05 16:29:53 [INFO] [Multiverse-Core] Loading World & Settings - 'world_nether' - Env: NETHER - Type: FLAT & seed: -4315406086328175024
2015-11-05 16:29:53 [INFO] [Multiverse-Core] Loading World & Settings - 'world_the_end' - Env: THE_END - Type: FLAT & seed: -4315406086328175024
2015-11-05 16:29:53 [INFO] [Multiverse-Core] Loading World & Settings - 'plotworld' - Env: NORMAL - Type: NORMAL & seed: 1483843031056246239 & generator: PlotMe
2015-11-05 16:29:53 [INFO] [Multiverse-Core] 4 - World(s) loaded.
2015-11-05 16:53:38 [INFO] [Multiverse-Core] - Version 2.4-b527 (API v14) Enabled - By Rigby, fernferret, lithium3141 and main--
2015-11-05 16:53:39 [INFO] [Multiverse-Core] Loading World & Settings - 'world' - Env: NORMAL - Type: FLAT & seed: -4315406086328175024
2015-11-05 16:53:39 [INFO] [Multiverse-Core] Loading World & Settings - 'world_nether' - Env: NETHER - Type: FLAT & seed: -4315406086328175024
2015-11-05 16:53:39 [INFO] [Multiverse-Core] Loading World & Settings - 'world_the_end' - Env: THE_END - Type: FLAT & seed: -4315406086328175024
2015-11-05 16:53:39 [INFO] [Multiverse-Core] Loading World & Settings - 'plotworld' - Env: NORMAL - Type: NORMAL & seed: 1483843031056246239 & generator: PlotMe
2015-11-05 16:53:39 [INFO] [Multiverse-Core] 4 - World(s) loaded.
2015-11-05 17:01:52 [INFO] [Multiverse-Core] - Version 2.4-b527 (API v14) Enabled - By Rigby, fernferret, lithium3141 and main--
2015-11-05 17:01:53 [INFO] [Multiverse-Core] Loading World & Settings - 'world' - Env: NORMAL - Type: FLAT & seed: -4315406086328175024
2015-11-05 17:01:53 [INFO] [Multiverse-Core] Loading World & Settings - 'world_nether' - Env: NETHER - Type: FLAT & seed: -4315406086328175024
2015-11-05 17:01:53 [INFO] [Multiverse-Core] Loading World & Settings - 'world_the_end' - Env: THE_END - Type: FLAT & seed: -4315406086328175024
2015-11-05 17:01:53 [INFO] [Multiverse-Core] Loading World & Settings - 'plotworld' - Env: NORMAL - Type: NORMAL & seed: 1483843031056246239 & generator: PlotMe
2015-11-05 17:01:53 [INFO] [Multiverse-Core] 4 - World(s) loaded.
2015-11-05 17:15:48 [INFO] [Multiverse-Core] - Version 2.4-b527 (API v14) Enabled - By Rigby, fernferret, lithium3141 and main--
2015-11-05 17:15:48 [INFO] [Multiverse-Core] Loading World & Settings - 'world' - Env: NORMAL - Type: FLAT & seed: -4315406086328175024
2015-11-05 17:15:48 [INFO] [Multiverse-Core] Loading World & Settings - 'world_nether' - Env: NETHER - Type: FLAT & seed: -4315406086328175024
2015-11-05 17:15:49 [INFO] [Multiverse-Core] Loading World & Settings - 'world_the_end' - Env: THE_END - Type: FLAT & seed: -4315406086328175024
2015-11-05 17:15:49 [INFO] [Multiverse-Core] Loading World & Settings - 'plotworld' - Env: NORMAL - Type: NORMAL & seed: 1483843031056246239 & generator: PlotMe
2015-11-05 17:15:49 [INFO] [Multiverse-Core] 4 - World(s) loaded.
2015-11-05 17:18:55 [INFO] [Multiverse-Core] - Version 2.4-b527 (API v14) Enabled - By Rigby, fernferret, lithium3141 and main--
2015-11-05 17:18:55 [INFO] [Multiverse-Core] Loading World & Settings - 'world' - Env: NORMAL - Type: FLAT & seed: -4315406086328175024
2015-11-05 17:18:55 [INFO] [Multiverse-Core] Loading World & Settings - 'world_nether' - Env: NETHER - Type: FLAT & seed: -4315406086328175024
2015-11-05 17:18:55 [INFO] [Multiverse-Core] Loading World & Settings - 'world_the_end' - Env: THE_END - Type: FLAT & seed: -4315406086328175024
2015-11-05 17:18:55 [INFO] [Multiverse-Core] Loading World & Settings - 'plotworld' - Env: NORMAL - Type: NORMAL & seed: 1483843031056246239 & generator: PlotMe
2015-11-05 17:18:56 [INFO] [Multiverse-Core] 4 - World(s) loaded.
2015-11-05 17:22:32 [INFO] [Multiverse-Core] - Version 2.4-b527 (API v14) Enabled - By Rigby, fernferret, lithium3141 and main--
2015-11-05 17:22:32 [INFO] [Multiverse-Core] Loading World & Settings - 'world' - Env: NORMAL - Type: FLAT & seed: -4315406086328175024
2015-11-05 17:22:33 [INFO] [Multiverse-Core] Loading World & Settings - 'world_nether' - Env: NETHER - Type: FLAT & seed: -4315406086328175024
2015-11-05 17:22:33 [INFO] [Multiverse-Core] Loading World & Settings - 'world_the_end' - Env: THE_END - Type: FLAT & seed: -4315406086328175024
2015-11-05 17:22:33 [INFO] [Multiverse-Core] Loading World & Settings - 'plotworld' - Env: NORMAL - Type: NORMAL & seed: 1483843031056246239 & generator: PlotMe
2015-11-05 17:22:33 [INFO] [Multiverse-Core] 4 - World(s) loaded.
2015-11-05 17:25:24 [INFO] [Multiverse-Core] - Version 2.4-b527 (API v14) Enabled - By Rigby, fernferret, lithium3141 and main--
2015-11-05 17:25:25 [INFO] [Multiverse-Core] Loading World & Settings - 'world' - Env: NORMAL - Type: FLAT & seed: -4315406086328175024
2015-11-05 17:25:25 [INFO] [Multiverse-Core] Loading World & Settings - 'world_nether' - Env: NETHER - Type: FLAT & seed: -4315406086328175024
2015-11-05 17:25:25 [INFO] [Multiverse-Core] Loading World & Settings - 'world_the_end' - Env: THE_END - Type: FLAT & seed: -4315406086328175024
2015-11-05 17:25:25 [INFO] [Multiverse-Core] Loading World & Settings - 'plotworld' - Env: NORMAL - Type: NORMAL & seed: 1483843031056246239 & generator: PlotMe
2015-11-05 17:25:25 [INFO] [Multiverse-Core] 4 - World(s) loaded.
2015-11-05 17:39:09 [INFO] [Multiverse-Core] - Version 2.4-b527 (API v14) Enabled - By Rigby, fernferret, lithium3141 and main--
2015-11-05 17:39:09 [INFO] [Multiverse-Core] Loading World & Settings - 'world' - Env: NORMAL - Type: FLAT & seed: -4315406086328175024
2015-11-05 17:39:10 [INFO] [Multiverse-Core] Loading World & Settings - 'world_nether' - Env: NETHER - Type: FLAT & seed: -4315406086328175024
2015-11-05 17:39:10 [INFO] [Multiverse-Core] Loading World & Settings - 'world_the_end' - Env: THE_END - Type: FLAT & seed: -4315406086328175024
2015-11-05 17:39:10 [INFO] [Multiverse-Core] Loading World & Settings - 'plotworld' - Env: NORMAL - Type: NORMAL & seed: 1483843031056246239 & generator: PlotMe
2015-11-05 17:39:10 [INFO] [Multiverse-Core] 4 - World(s) loaded.
2015-11-05 17:49:43 [INFO] [Multiverse-Core] - Version 2.4-b527 (API v14) Enabled - By Rigby, fernferret, lithium3141 and main--
2015-11-05 17:49:43 [INFO] [Multiverse-Core] Loading World & Settings - 'world' - Env: NORMAL - Type: FLAT & seed: -4315406086328175024
2015-11-05 17:49:43 [INFO] [Multiverse-Core] Loading World & Settings - 'world_nether' - Env: NETHER - Type: FLAT & seed: -4315406086328175024
2015-11-05 17:49:43 [INFO] [Multiverse-Core] Loading World & Settings - 'world_the_end' - Env: THE_END - Type: FLAT & seed: -4315406086328175024
2015-11-05 17:49:43 [INFO] [Multiverse-Core] Loading World & Settings - 'plotworld' - Env: NORMAL - Type: NORMAL & seed: 1483843031056246239 & generator: PlotMe
2015-11-05 17:49:44 [INFO] [Multiverse-Core] 4 - World(s) loaded.
2015-11-05 18:20:42 [INFO] [Multiverse-Core] - Version 2.4-b527 (API v14) Enabled - By Rigby, fernferret, lithium3141 and main--
2015-11-05 18:20:43 [INFO] [Multiverse-Core] Loading World & Settings - 'world' - Env: NORMAL - Type: FLAT & seed: -4315406086328175024
2015-11-05 18:20:43 [INFO] [Multiverse-Core] Loading World & Settings - 'world_nether' - Env: NETHER - Type: FLAT & seed: -4315406086328175024
2015-11-05 18:20:43 [INFO] [Multiverse-Core] Loading World & Settings - 'world_the_end' - Env: THE_END - Type: FLAT & seed: -4315406086328175024
2015-11-05 18:20:43 [INFO] [Multiverse-Core] Loading World & Settings - 'plotworld' - Env: NORMAL - Type: NORMAL & seed: 1483843031056246239 & generator: PlotMe
2015-11-05 18:20:43 [INFO] [Multiverse-Core] 4 - World(s) loaded.
2015-11-05 18:53:01 [INFO] [Multiverse-Core] - Version 2.4-b527 (API v14) Enabled - By Rigby, fernferret, lithium3141 and main--
2015-11-05 18:53:02 [INFO] [Multiverse-Core] Loading World & Settings - 'world' - Env: NORMAL - Type: FLAT & seed: -4315406086328175024
2015-11-05 18:53:02 [INFO] [Multiverse-Core] Loading World & Settings - 'world_nether' - Env: NETHER - Type: FLAT & seed: -4315406086328175024
2015-11-05 18:53:02 [INFO] [Multiverse-Core] Loading World & Settings - 'world_the_end' - Env: THE_END - Type: FLAT & seed: -4315406086328175024
2015-11-05 18:53:02 [INFO] [Multiverse-Core] Loading World & Settings - 'plotworld' - Env: NORMAL - Type: NORMAL & seed: 1483843031056246239 & generator: PlotMe
2015-11-05 18:53:03 [INFO] [Multiverse-Core] 4 - World(s) loaded.
2015-11-05 19:44:23 [INFO] [Multiverse-Core] - Version 2.4-b527 (API v14) Enabled - By Rigby, fernferret, lithium3141 and main--
2015-11-05 19:44:24 [INFO] [Multiverse-Core] Loading World & Settings - 'world' - Env: NORMAL - Type: FLAT & seed: -4315406086328175024
2015-11-05 19:44:24 [INFO] [Multiverse-Core] Loading World & Settings - 'world_nether' - Env: NETHER - Type: FLAT & seed: -4315406086328175024
2015-11-05 19:44:24 [INFO] [Multiverse-Core] Loading World & Settings - 'world_the_end' - Env: THE_END - Type: FLAT & seed: -4315406086328175024
2015-11-05 19:44:24 [INFO] [Multiverse-Core] Loading World & Settings - 'plotworld' - Env: NORMAL - Type: NORMAL & seed: 1483843031056246239 & generator: PlotMe
2015-11-05 19:44:32 [INFO] [Multiverse-Core] 4 - World(s) loaded.
2015-11-05 20:42:21 [INFO] [Multiverse-Core] - Version 2.4-b527 (API v14) Enabled - By Rigby, fernferret, lithium3141 and main--
2015-11-05 20:42:21 [INFO] [Multiverse-Core] Loading World & Settings - 'world' - Env: NORMAL - Type: FLAT & seed: -4315406086328175024
2015-11-05 20:42:21 [INFO] [Multiverse-Core] Loading World & Settings - 'world_nether' - Env: NETHER - Type: FLAT & seed: -4315406086328175024
2015-11-05 20:42:21 [INFO] [Multiverse-Core] Loading World & Settings - 'world_the_end' - Env: THE_END - Type: FLAT & seed: -4315406086328175024
2015-11-05 20:42:21 [INFO] [Multiverse-Core] Loading World & Settings - 'plotworld' - Env: NORMAL - Type: NORMAL & seed: 1483843031056246239 & generator: PlotMe
2015-11-05 20:42:22 [INFO] [Multiverse-Core] 4 - World(s) loaded.
2015-11-05 21:32:08 [INFO] [Multiverse-Core] - Version 2.4-b527 (API v14) Enabled - By Rigby, fernferret, lithium3141 and main--
2015-11-05 21:32:11 [INFO] [Multiverse-Core] Loading World & Settings - 'world' - Env: NORMAL - Type: FLAT & seed: -4315406086328175024
2015-11-05 21:41:06 [INFO] [Multiverse-Core] - Version 2.4-b527 (API v14) Enabled - By Rigby, fernferret, lithium3141 and main--
2015-11-05 21:41:06 [INFO] [Multiverse-Core] Loading World & Settings - 'world' - Env: NORMAL - Type: FLAT & seed: -4315406086328175024
2015-11-05 21:41:06 [INFO] [Multiverse-Core] Loading World & Settings - 'world_nether' - Env: NETHER - Type: FLAT & seed: -4315406086328175024
2015-11-05 21:41:06 [INFO] [Multiverse-Core] Loading World & Settings - 'world_the_end' - Env: THE_END - Type: FLAT & seed: -4315406086328175024
2015-11-05 21:41:06 [INFO] [Multiverse-Core] Loading World & Settings - 'plotworld' - Env: NORMAL - Type: NORMAL & seed: 1483843031056246239 & generator: PlotMe
2015-11-05 21:41:07 [INFO] [Multiverse-Core] 4 - World(s) loaded.
2015-11-05 21:47:08 [INFO] [Multiverse-Core] - Version 2.4-b527 (API v14) Enabled - By Rigby, fernferret, lithium3141 and main--
2015-11-05 21:47:09 [INFO] [Multiverse-Core] Loading World & Settings - 'world' - Env: NORMAL - Type: FLAT & seed: -4315406086328175024
2015-11-05 21:47:09 [INFO] [Multiverse-Core] Loading World & Settings - 'world_nether' - Env: NETHER - Type: FLAT & seed: -4315406086328175024
2015-11-05 21:47:09 [INFO] [Multiverse-Core] Loading World & Settings - 'world_the_end' - Env: THE_END - Type: FLAT & seed: -4315406086328175024
2015-11-05 21:47:09 [INFO] [Multiverse-Core] Loading World & Settings - 'plotworld' - Env: NORMAL - Type: NORMAL & seed: 1483843031056246239 & generator: PlotMe
2015-11-05 21:47:09 [INFO] [Multiverse-Core] 4 - World(s) loaded.
2015-11-05 21:59:21 [INFO] [Multiverse-Core] - Version 2.4-b527 (API v14) Enabled - By Rigby, fernferret, lithium3141 and main--
2015-11-05 21:59:21 [INFO] [Multiverse-Core] Loading World & Settings - 'world' - Env: NORMAL - Type: FLAT & seed: -4315406086328175024
2015-11-05 22:05:49 [INFO] [Multiverse-Core] - Version 2.4-b527 (API v14) Enabled - By Rigby, fernferret, lithium3141 and main--
2015-11-05 22:05:50 [INFO] [Multiverse-Core] Loading World & Settings - 'world' - Env: NORMAL - Type: FLAT & seed: -4315406086328175024
2015-11-05 22:05:50 [INFO] [Multiverse-Core] Loading World & Settings - 'world_nether' - Env: NETHER - Type: FLAT & seed: -4315406086328175024
2015-11-05 22:05:50 [INFO] [Multiverse-Core] Loading World & Settings - 'world_the_end' - Env: THE_END - Type: FLAT & seed: -4315406086328175024
2015-11-05 22:05:50 [INFO] [Multiverse-Core] Loading World & Settings - 'plotworld' - Env: NORMAL - Type: NORMAL & seed: 1483843031056246239 & generator: PlotMe
2015-11-05 22:05:51 [INFO] [Multiverse-Core] 4 - World(s) loaded.
2015-11-05 22:11:02 [INFO] [Multiverse-Core] - Version 2.4-b527 (API v14) Enabled - By Rigby, fernferret, lithium3141 and main--
2015-11-05 22:11:03 [INFO] [Multiverse-Core] Loading World & Settings - 'world' - Env: NORMAL - Type: FLAT & seed: -4315406086328175024
2015-11-05 22:11:03 [INFO] [Multiverse-Core] Loading World & Settings - 'world_nether' - Env: NETHER - Type: FLAT & seed: -4315406086328175024
2015-11-05 22:11:03 [INFO] [Multiverse-Core] Loading World & Settings - 'world_the_end' - Env: THE_END - Type: FLAT & seed: -4315406086328175024
2015-11-05 22:11:03 [INFO] [Multiverse-Core] Loading World & Settings - 'plotworld' - Env: NORMAL - Type: NORMAL & seed: 1483843031056246239 & generator: PlotMe
2015-11-05 22:11:03 [INFO] [Multiverse-Core] 4 - World(s) loaded.
2015-11-05 23:35:50 [INFO] [Multiverse-Core] - Version 2.4-b527 (API v14) Enabled - By Rigby, fernferret, lithium3141 and main--
2015-11-05 23:35:51 [INFO] [Multiverse-Core] Loading World & Settings - 'world' - Env: NORMAL - Type: FLAT & seed: -4315406086328175024
2015-11-05 23:35:51 [INFO] [Multiverse-Core] Loading World & Settings - 'world_nether' - Env: NETHER - Type: FLAT & seed: -4315406086328175024
2015-11-05 23:35:51 [INFO] [Multiverse-Core] Loading World & Settings - 'world_the_end' - Env: THE_END - Type: FLAT & seed: -4315406086328175024
2015-11-05 23:35:51 [INFO] [Multiverse-Core] Loading World & Settings - 'plotworld' - Env: NORMAL - Type: NORMAL & seed: 1483843031056246239 & generator: PlotMe
2015-11-05 23:35:51 [INFO] [Multiverse-Core] 4 - World(s) loaded.
2015-11-06 11:56:33 [INFO] [Multiverse-Core] - Version 2.4-b527 (API v14) Enabled - By Rigby, fernferret, lithium3141 and main--
2015-11-06 11:56:33 [INFO] [Multiverse-Core] Loading World & Settings - 'world' - Env: NORMAL - Type: FLAT & seed: -4315406086328175024
2015-11-06 11:56:33 [INFO] [Multiverse-Core] Loading World & Settings - 'world_nether' - Env: NETHER - Type: FLAT & seed: -4315406086328175024
2015-11-06 11:56:33 [INFO] [Multiverse-Core] Loading World & Settings - 'world_the_end' - Env: THE_END - Type: FLAT & seed: -4315406086328175024
2015-11-06 11:56:33 [INFO] [Multiverse-Core] Loading World & Settings - 'plotworld' - Env: NORMAL - Type: NORMAL & seed: 1483843031056246239 & generator: PlotMe
2015-11-06 11:56:35 [INFO] [Multiverse-Core] 4 - World(s) loaded.
2015-11-06 11:59:13 [INFO] [Multiverse-Core] - Version 2.4-b527 (API v14) Enabled - By Rigby, fernferret, lithium3141 and main--
2015-11-06 11:59:13 [INFO] [Multiverse-Core] Loading World & Settings - 'world' - Env: NORMAL - Type: FLAT & seed: -4315406086328175024
2015-11-06 11:59:13 [INFO] [Multiverse-Core] Loading World & Settings - 'world_nether' - Env: NETHER - Type: FLAT & seed: -4315406086328175024
2015-11-06 11:59:14 [INFO] [Multiverse-Core] Loading World & Settings - 'world_the_end' - Env: THE_END - Type: FLAT & seed: -4315406086328175024
2015-11-06 11:59:14 [INFO] [Multiverse-Core] Loading World & Settings - 'plotworld' - Env: NORMAL - Type: NORMAL & seed: 1483843031056246239 & generator: PlotMe
2015-11-06 11:59:14 [INFO] [Multiverse-Core] 4 - World(s) loaded.
2015-11-06 12:32:45 [INFO] [Multiverse-Core] - Version 2.4-b527 (API v14) Enabled - By Rigby, fernferret, lithium3141 and main--
2015-11-06 12:32:53 [INFO] [Multiverse-Core] Loading World & Settings - 'world' - Env: NORMAL - Type: FLAT & seed: -4315406086328175024
2015-11-06 12:32:54 [INFO] [Multiverse-Core] Loading World & Settings - 'world_nether' - Env: NETHER - Type: FLAT & seed: -4315406086328175024
2015-11-06 12:32:55 [INFO] [Multiverse-Core] Loading World & Settings - 'world_the_end' - Env: THE_END - Type: FLAT & seed: -4315406086328175024
2015-11-06 12:32:56 [INFO] [Multiverse-Core] Loading World & Settings - 'plotworld' - Env: NORMAL - Type: NORMAL & seed: 1483843031056246239 & generator: PlotMe
2015-11-06 12:32:56 [INFO] [Multiverse-Core] 4 - World(s) loaded.
2015-11-06 12:34:11 [INFO] [Multiverse-Core] - Version 2.4-b527 (API v14) Enabled - By Rigby, fernferret, lithium3141 and main--
2015-11-06 12:34:11 [INFO] [Multiverse-Core] Loading World & Settings - 'world' - Env: NORMAL - Type: FLAT & seed: -4315406086328175024
2015-11-06 12:34:11 [INFO] [Multiverse-Core] Loading World & Settings - 'world_nether' - Env: NETHER - Type: FLAT & seed: -4315406086328175024
2015-11-06 12:34:12 [INFO] [Multiverse-Core] Loading World & Settings - 'world_the_end' - Env: THE_END - Type: FLAT & seed: -4315406086328175024
2015-11-06 12:34:12 [INFO] [Multiverse-Core] Loading World & Settings - 'plotworld' - Env: NORMAL - Type: NORMAL & seed: 1483843031056246239 & generator: PlotMe
2015-11-06 12:34:12 [INFO] [Multiverse-Core] 4 - World(s) loaded.
2015-11-06 13:12:44 [INFO] [Multiverse-Core] - Version 2.4-b527 (API v14) Enabled - By Rigby, fernferret, lithium3141 and main--
2015-11-06 13:12:45 [INFO] [Multiverse-Core] Loading World & Settings - 'world' - Env: NORMAL - Type: FLAT & seed: -4315406086328175024
2015-11-06 13:12:45 [INFO] [Multiverse-Core] Loading World & Settings - 'world_nether' - Env: NETHER - Type: FLAT & seed: -4315406086328175024
2015-11-06 13:12:45 [INFO] [Multiverse-Core] Loading World & Settings - 'world_the_end' - Env: THE_END - Type: FLAT & seed: -4315406086328175024
2015-11-06 13:12:45 [INFO] [Multiverse-Core] Loading World & Settings - 'plotworld' - Env: NORMAL - Type: NORMAL & seed: 1483843031056246239 & generator: PlotMe
2015-11-06 13:12:46 [INFO] [Multiverse-Core] 4 - World(s) loaded.
2015-11-06 13:22:19 [INFO] [Multiverse-Core] - Version 2.4-b527 (API v14) Enabled - By Rigby, fernferret, lithium3141 and main--
2015-11-06 13:22:20 [INFO] [Multiverse-Core] Loading World & Settings - 'world' - Env: NORMAL - Type: FLAT & seed: -4315406086328175024
2015-11-06 13:22:20 [INFO] [Multiverse-Core] Loading World & Settings - 'world_nether' - Env: NETHER - Type: FLAT & seed: -4315406086328175024
2015-11-06 13:22:20 [INFO] [Multiverse-Core] Loading World & Settings - 'world_the_end' - Env: THE_END - Type: FLAT & seed: -4315406086328175024
2015-11-06 13:22:20 [INFO] [Multiverse-Core] Loading World & Settings - 'plotworld' - Env: NORMAL - Type: NORMAL & seed: 1483843031056246239 & generator: PlotMe
2015-11-06 13:22:20 [INFO] [Multiverse-Core] 4 - World(s) loaded.
2015-11-06 15:03:22 [INFO] [Multiverse-Core] - Version 2.4-b527 (API v14) Enabled - By Rigby, fernferret, lithium3141 and main--
2015-11-06 15:03:23 [INFO] [Multiverse-Core] Loading World & Settings - 'world' - Env: NORMAL - Type: FLAT & seed: -4315406086328175024
2015-11-06 15:03:23 [INFO] [Multiverse-Core] Loading World & Settings - 'world_nether' - Env: NETHER - Type: FLAT & seed: -4315406086328175024
2015-11-06 15:03:23 [INFO] [Multiverse-Core] Loading World & Settings - 'world_the_end' - Env: THE_END - Type: FLAT & seed: -4315406086328175024
2015-11-06 15:03:23 [INFO] [Multiverse-Core] Loading World & Settings - 'plotworld' - Env: NORMAL - Type: NORMAL & seed: 1483843031056246239 & generator: PlotMe
2015-11-06 15:03:24 [INFO] [Multiverse-Core] 4 - World(s) loaded.
2015-11-06 15:46:45 [INFO] [Multiverse-Core] - Version 2.4-b527 (API v14) Enabled - By Rigby, fernferret, lithium3141 and main--
2015-11-06 15:46:48 [INFO] [Multiverse-Core] Loading World & Settings - 'world' - Env: NORMAL - Type: FLAT & seed: -4315406086328175024
2015-11-06 15:46:49 [INFO] [Multiverse-Core] Loading World & Settings - 'world_nether' - Env: NETHER - Type: FLAT & seed: -4315406086328175024
2015-11-06 15:46:49 [INFO] [Multiverse-Core] Loading World & Settings - 'world_the_end' - Env: THE_END - Type: FLAT & seed: -4315406086328175024
2015-11-06 15:46:50 [INFO] [Multiverse-Core] Loading World & Settings - 'plotworld' - Env: NORMAL - Type: NORMAL & seed: 1483843031056246239 & generator: PlotMe
2015-11-06 15:46:50 [INFO] [Multiverse-Core] 4 - World(s) loaded.
2015-11-06 15:54:56 [INFO] [Multiverse-Core] - Version 2.4-b527 (API v14) Enabled - By Rigby, fernferret, lithium3141 and main--
2015-11-06 15:54:56 [INFO] [Multiverse-Core] Loading World & Settings - 'world' - Env: NORMAL - Type: FLAT & seed: -4315406086328175024
2015-11-06 15:54:57 [INFO] [Multiverse-Core] Loading World & Settings - 'world_nether' - Env: NETHER - Type: FLAT & seed: -4315406086328175024
2015-11-06 15:54:57 [INFO] [Multiverse-Core] Loading World & Settings - 'world_the_end' - Env: THE_END - Type: FLAT & seed: -4315406086328175024
2015-11-06 15:54:57 [INFO] [Multiverse-Core] Loading World & Settings - 'plotworld' - Env: NORMAL - Type: NORMAL & seed: 1483843031056246239 & generator: PlotMe
2015-11-06 15:54:57 [INFO] [Multiverse-Core] 4 - World(s) loaded.
2015-11-06 16:02:03 [INFO] [Multiverse-Core] - Version 2.4-b527 (API v14) Enabled - By Rigby, fernferret, lithium3141 and main--
2015-11-06 16:02:03 [INFO] [Multiverse-Core] Loading World & Settings - 'world' - Env: NORMAL - Type: FLAT & seed: -4315406086328175024
2015-11-06 16:02:03 [INFO] [Multiverse-Core] Loading World & Settings - 'world_nether' - Env: NETHER - Type: FLAT & seed: -4315406086328175024
2015-11-06 16:02:03 [INFO] [Multiverse-Core] Loading World & Settings - 'world_the_end' - Env: THE_END - Type: FLAT & seed: -4315406086328175024
2015-11-06 16:02:03 [INFO] [Multiverse-Core] Loading World & Settings - 'plotworld' - Env: NORMAL - Type: NORMAL & seed: 1483843031056246239 & generator: PlotMe
2015-11-06 16:02:04 [INFO] [Multiverse-Core] 4 - World(s) loaded.
2015-11-06 16:07:05 [INFO] [Multiverse-Core] - Version 2.4-b527 (API v14) Enabled - By Rigby, fernferret, lithium3141 and main--
2015-11-06 16:07:05 [INFO] [Multiverse-Core] Loading World & Settings - 'world' - Env: NORMAL - Type: FLAT & seed: -4315406086328175024
2015-11-06 16:07:05 [INFO] [Multiverse-Core] Loading World & Settings - 'world_nether' - Env: NETHER - Type: FLAT & seed: -4315406086328175024
2015-11-06 16:07:05 [INFO] [Multiverse-Core] Loading World & Settings - 'world_the_end' - Env: THE_END - Type: FLAT & seed: -4315406086328175024
2015-11-06 16:07:06 [INFO] [Multiverse-Core] Loading World & Settings - 'plotworld' - Env: NORMAL - Type: NORMAL & seed: 1483843031056246239 & generator: PlotMe
2015-11-06 16:07:06 [INFO] [Multiverse-Core] 4 - World(s) loaded.
2015-11-06 16:12:13 [INFO] [Multiverse-Core] - Version 2.4-b527 (API v14) Enabled - By Rigby, fernferret, lithium3141 and main--
2015-11-06 16:12:13 [INFO] [Multiverse-Core] Loading World & Settings - 'world' - Env: NORMAL - Type: FLAT & seed: -4315406086328175024
2015-11-06 16:12:13 [INFO] [Multiverse-Core] Loading World & Settings - 'world_nether' - Env: NETHER - Type: FLAT & seed: -4315406086328175024
2015-11-06 16:12:13 [INFO] [Multiverse-Core] Loading World & Settings - 'world_the_end' - Env: THE_END - Type: FLAT & seed: -4315406086328175024
2015-11-06 16:12:13 [INFO] [Multiverse-Core] Loading World & Settings - 'plotworld' - Env: NORMAL - Type: NORMAL & seed: 1483843031056246239 & generator: PlotMe
2015-11-06 16:12:14 [INFO] [Multiverse-Core] 4 - World(s) loaded.
2015-11-06 16:17:59 [INFO] [Multiverse-Core] - Version 2.4-b527 (API v14) Enabled - By Rigby, fernferret, lithium3141 and main--
2015-11-06 16:18:00 [INFO] [Multiverse-Core] Loading World & Settings - 'world' - Env: NORMAL - Type: FLAT & seed: -4315406086328175024
2015-11-06 16:18:00 [INFO] [Multiverse-Core] Loading World & Settings - 'world_nether' - Env: NETHER - Type: FLAT & seed: -4315406086328175024
2015-11-06 16:18:00 [INFO] [Multiverse-Core] Loading World & Settings - 'world_the_end' - Env: THE_END - Type: FLAT & seed: -4315406086328175024
2015-11-06 16:18:00 [INFO] [Multiverse-Core] Loading World & Settings - 'plotworld' - Env: NORMAL - Type: NORMAL & seed: 1483843031056246239 & generator: PlotMe
2015-11-06 16:18:00 [INFO] [Multiverse-Core] 4 - World(s) loaded.
2015-11-06 16:33:58 [INFO] [Multiverse-Core] - Version 2.4-b527 (API v14) Enabled - By Rigby, fernferret, lithium3141 and main--
2015-11-06 16:33:59 [INFO] [Multiverse-Core] Loading World & Settings - 'world' - Env: NORMAL - Type: FLAT & seed: -4315406086328175024
2015-11-06 16:33:59 [INFO] [Multiverse-Core] Loading World & Settings - 'world_nether' - Env: NETHER - Type: FLAT & seed: -4315406086328175024
2015-11-06 16:33:59 [INFO] [Multiverse-Core] Loading World & Settings - 'world_the_end' - Env: THE_END - Type: FLAT & seed: -4315406086328175024
2015-11-06 16:33:59 [INFO] [Multiverse-Core] Loading World & Settings - 'plotworld' - Env: NORMAL - Type: NORMAL & seed: 1483843031056246239 & generator: PlotMe
2015-11-06 16:34:00 [INFO] [Multiverse-Core] 4 - World(s) loaded.
2015-11-06 17:35:16 [INFO] [Multiverse-Core] - Version 2.4-b527 (API v14) Enabled - By Rigby, fernferret, lithium3141 and main--
2015-11-06 17:35:17 [INFO] [Multiverse-Core] Loading World & Settings - 'world' - Env: NORMAL - Type: FLAT & seed: -4315406086328175024
2015-11-06 17:35:17 [INFO] [Multiverse-Core] Loading World & Settings - 'world_nether' - Env: NETHER - Type: FLAT & seed: -4315406086328175024
2015-11-06 17:35:17 [INFO] [Multiverse-Core] Loading World & Settings - 'world_the_end' - Env: THE_END - Type: FLAT & seed: -4315406086328175024
2015-11-06 17:35:17 [INFO] [Multiverse-Core] Loading World & Settings - 'plotworld' - Env: NORMAL - Type: NORMAL & seed: 1483843031056246239 & generator: PlotMe
2015-11-06 17:35:17 [INFO] [Multiverse-Core] 4 - World(s) loaded.
2015-11-06 19:37:58 [INFO] [Multiverse-Core] - Version 2.4-b527 (API v14) Enabled - By Rigby, fernferret, lithium3141 and main--
2015-11-06 19:38:02 [INFO] [Multiverse-Core] Loading World & Settings - 'world' - Env: NORMAL - Type: FLAT & seed: -4315406086328175024
2015-11-06 19:38:03 [INFO] [Multiverse-Core] Loading World & Settings - 'world_nether' - Env: NETHER - Type: FLAT & seed: -4315406086328175024
2015-11-06 19:38:04 [INFO] [Multiverse-Core] Loading World & Settings - 'world_the_end' - Env: THE_END - Type: FLAT & seed: -4315406086328175024
2015-11-06 19:38:05 [INFO] [Multiverse-Core] Loading World & Settings - 'plotworld' - Env: NORMAL - Type: NORMAL & seed: 1483843031056246239 & generator: PlotMe
2015-11-06 19:38:05 [INFO] [Multiverse-Core] 4 - World(s) loaded.
2015-11-06 22:13:13 [INFO] [Multiverse-Core] - Version 2.4-b527 (API v14) Enabled - By Rigby, fernferret, lithium3141 and main--
2015-11-06 22:13:13 [INFO] [Multiverse-Core] Loading World & Settings - 'world' - Env: NORMAL - Type: FLAT & seed: -4315406086328175024
2015-11-06 22:13:13 [INFO] [Multiverse-Core] Loading World & Settings - 'world_nether' - Env: NETHER - Type: FLAT & seed: -4315406086328175024
2015-11-06 22:13:13 [INFO] [Multiverse-Core] Loading World & Settings - 'world_the_end' - Env: THE_END - Type: FLAT & seed: -4315406086328175024
2015-11-06 22:13:13 [INFO] [Multiverse-Core] Loading World & Settings - 'plotworld' - Env: NORMAL - Type: NORMAL & seed: 1483843031056246239 & generator: PlotMe
2015-11-06 22:13:14 [INFO] [Multiverse-Core] 4 - World(s) loaded.
2015-11-06 23:40:12 [INFO] [Multiverse-Core] - Version 2.4-b527 (API v14) Enabled - By Rigby, fernferret, lithium3141 and main--
2015-11-06 23:40:13 [INFO] [Multiverse-Core] Loading World & Settings - 'world' - Env: NORMAL - Type: FLAT & seed: -4315406086328175024
2015-11-06 23:40:13 [INFO] [Multiverse-Core] Loading World & Settings - 'world_nether' - Env: NETHER - Type: FLAT & seed: -4315406086328175024
2015-11-06 23:40:13 [INFO] [Multiverse-Core] Loading World & Settings - 'world_the_end' - Env: THE_END - Type: FLAT & seed: -4315406086328175024
2015-11-06 23:40:13 [INFO] [Multiverse-Core] Loading World & Settings - 'plotworld' - Env: NORMAL - Type: NORMAL & seed: 1483843031056246239 & generator: PlotMe
2015-11-06 23:40:13 [INFO] [Multiverse-Core] 4 - World(s) loaded.
2015-11-06 23:42:03 [INFO] [Multiverse-Core] - Version 2.4-b527 (API v14) Enabled - By Rigby, fernferret, lithium3141 and main--
2015-11-06 23:42:03 [INFO] [Multiverse-Core] Loading World & Settings - 'world' - Env: NORMAL - Type: FLAT & seed: -4315406086328175024
2015-11-06 23:42:03 [INFO] [Multiverse-Core] Loading World & Settings - 'world_nether' - Env: NETHER - Type: FLAT & seed: -4315406086328175024
2015-11-06 23:42:03 [INFO] [Multiverse-Core] Loading World & Settings - 'world_the_end' - Env: THE_END - Type: FLAT & seed: -4315406086328175024
2015-11-06 23:42:03 [INFO] [Multiverse-Core] Loading World & Settings - 'plotworld' - Env: NORMAL - Type: NORMAL & seed: 1483843031056246239 & generator: PlotMe
2015-11-06 23:42:04 [INFO] [Multiverse-Core] 4 - World(s) loaded.
2015-11-06 23:52:23 [INFO] [Multiverse-Core] - Version 2.4-b527 (API v14) Enabled - By Rigby, fernferret, lithium3141 and main--
2015-11-06 23:52:23 [INFO] [Multiverse-Core] Loading World & Settings - 'world' - Env: NORMAL - Type: FLAT & seed: -4315406086328175024
2015-11-06 23:52:23 [INFO] [Multiverse-Core] Loading World & Settings - 'world_nether' - Env: NETHER - Type: FLAT & seed: -4315406086328175024
2015-11-06 23:52:23 [INFO] [Multiverse-Core] Loading World & Settings - 'world_the_end' - Env: THE_END - Type: FLAT & seed: -4315406086328175024
2015-11-06 23:52:23 [INFO] [Multiverse-Core] Loading World & Settings - 'plotworld' - Env: NORMAL - Type: NORMAL & seed: 1483843031056246239 & generator: PlotMe
2015-11-06 23:52:24 [INFO] [Multiverse-Core] 4 - World(s) loaded.
2015-11-07 10:53:07 [INFO] [Multiverse-Core] - Version 2.4-b527 (API v14) Enabled - By Rigby, fernferret, lithium3141 and main--
2015-11-07 10:53:08 [INFO] [Multiverse-Core] Loading World & Settings - 'world' - Env: NORMAL - Type: FLAT & seed: -4315406086328175024
2015-11-07 10:53:08 [INFO] [Multiverse-Core] Loading World & Settings - 'world_nether' - Env: NETHER - Type: FLAT & seed: -4315406086328175024
2015-11-07 10:53:08 [INFO] [Multiverse-Core] Loading World & Settings - 'world_the_end' - Env: THE_END - Type: FLAT & seed: -4315406086328175024
2015-11-07 10:53:08 [INFO] [Multiverse-Core] Loading World & Settings - 'plotworld' - Env: NORMAL - Type: NORMAL & seed: 1483843031056246239 & generator: PlotMe
2015-11-07 10:53:10 [INFO] [Multiverse-Core] 4 - World(s) loaded.
2015-11-07 13:07:59 [INFO] [Multiverse-Core] - Version 2.4-b527 (API v14) Enabled - By Rigby, fernferret, lithium3141 and main--
2015-11-07 13:07:59 [INFO] [Multiverse-Core] Loading World & Settings - 'world' - Env: NORMAL - Type: FLAT & seed: -4315406086328175024
2015-11-07 13:07:59 [INFO] [Multiverse-Core] Loading World & Settings - 'world_nether' - Env: NETHER - Type: FLAT & seed: -4315406086328175024
2015-11-07 13:07:59 [INFO] [Multiverse-Core] Loading World & Settings - 'world_the_end' - Env: THE_END - Type: FLAT & seed: -4315406086328175024
2015-11-07 13:07:59 [INFO] [Multiverse-Core] Loading World & Settings - 'plotworld' - Env: NORMAL - Type: NORMAL & seed: 1483843031056246239 & generator: PlotMe
2015-11-07 13:08:00 [INFO] [Multiverse-Core] 4 - World(s) loaded.
2015-11-07 13:26:05 [INFO] [Multiverse-Core] - Version 2.4-b527 (API v14) Enabled - By Rigby, fernferret, lithium3141 and main--
2015-11-07 13:26:06 [INFO] [Multiverse-Core] Loading World & Settings - 'world' - Env: NORMAL - Type: FLAT & seed: -4315406086328175024
2015-11-07 13:26:06 [INFO] [Multiverse-Core] Loading World & Settings - 'world_nether' - Env: NETHER - Type: FLAT & seed: -4315406086328175024
2015-11-07 13:26:06 [INFO] [Multiverse-Core] Loading World & Settings - 'world_the_end' - Env: THE_END - Type: FLAT & seed: -4315406086328175024
2015-11-07 13:26:06 [INFO] [Multiverse-Core] Loading World & Settings - 'plotworld' - Env: NORMAL - Type: NORMAL & seed: 1483843031056246239 & generator: PlotMe
2015-11-07 13:26:06 [INFO] [Multiverse-Core] 4 - World(s) loaded.
2015-11-07 13:46:17 [INFO] [Multiverse-Core] - Version 2.4-b527 (API v14) Enabled - By Rigby, fernferret, lithium3141 and main--
2015-11-07 13:46:18 [INFO] [Multiverse-Core] Loading World & Settings - 'world' - Env: NORMAL - Type: FLAT & seed: -4315406086328175024
2015-11-07 13:46:18 [INFO] [Multiverse-Core] Loading World & Settings - 'world_nether' - Env: NETHER - Type: FLAT & seed: -4315406086328175024
2015-11-07 13:46:18 [INFO] [Multiverse-Core] Loading World & Settings - 'world_the_end' - Env: THE_END - Type: FLAT & seed: -4315406086328175024
2015-11-07 13:46:18 [INFO] [Multiverse-Core] Loading World & Settings - 'plotworld' - Env: NORMAL - Type: NORMAL & seed: 1483843031056246239 & generator: PlotMe
2015-11-07 13:46:19 [INFO] [Multiverse-Core] 4 - World(s) loaded.
2015-11-07 13:54:26 [INFO] [Multiverse-Core] - Version 2.4-b527 (API v14) Enabled - By Rigby, fernferret, lithium3141 and main--
2015-11-07 13:54:26 [INFO] [Multiverse-Core] Loading World & Settings - 'world' - Env: NORMAL - Type: FLAT & seed: -4315406086328175024
2015-11-07 13:54:26 [INFO] [Multiverse-Core] Loading World & Settings - 'world_nether' - Env: NETHER - Type: FLAT & seed: -4315406086328175024
2015-11-07 13:54:26 [INFO] [Multiverse-Core] Loading World & Settings - 'world_the_end' - Env: THE_END - Type: FLAT & seed: -4315406086328175024
2015-11-07 13:54:26 [INFO] [Multiverse-Core] Loading World & Settings - 'plotworld' - Env: NORMAL - Type: NORMAL & seed: 1483843031056246239 & generator: PlotMe
2015-11-07 13:54:27 [INFO] [Multiverse-Core] 4 - World(s) loaded.
2015-11-07 20:21:12 [INFO] [Multiverse-Core] - Version 2.4-b527 (API v14) Enabled - By Rigby, fernferret, lithium3141 and main--
2015-11-07 20:21:13 [INFO] [Multiverse-Core] Loading World & Settings - 'world' - Env: NORMAL - Type: FLAT & seed: -4315406086328175024
2015-11-07 20:21:13 [INFO] [Multiverse-Core] Loading World & Settings - 'world_nether' - Env: NETHER - Type: FLAT & seed: -4315406086328175024
2015-11-07 20:21:13 [INFO] [Multiverse-Core] Loading World & Settings - 'world_the_end' - Env: THE_END - Type: FLAT & seed: -4315406086328175024
2015-11-07 20:21:13 [INFO] [Multiverse-Core] Loading World & Settings - 'plotworld' - Env: NORMAL - Type: NORMAL & seed: 1483843031056246239 & generator: PlotMe
2015-11-07 20:21:14 [INFO] [Multiverse-Core] 4 - World(s) loaded.
2015-11-07 21:15:34 [INFO] [Multiverse-Core] - Version 2.4-b527 (API v14) Enabled - By Rigby, fernferret, lithium3141 and main--
2015-11-07 21:15:34 [INFO] [Multiverse-Core] Loading World & Settings - 'world' - Env: NORMAL - Type: FLAT & seed: -4315406086328175024
2015-11-07 21:15:35 [INFO] [Multiverse-Core] Loading World & Settings - 'world_nether' - Env: NETHER - Type: FLAT & seed: -4315406086328175024
2015-11-07 21:15:35 [INFO] [Multiverse-Core] Loading World & Settings - 'world_the_end' - Env: THE_END - Type: FLAT & seed: -4315406086328175024
2015-11-07 21:15:35 [INFO] [Multiverse-Core] Loading World & Settings - 'plotworld' - Env: NORMAL - Type: NORMAL & seed: 1483843031056246239 & generator: PlotMe
2015-11-07 21:15:35 [INFO] [Multiverse-Core] 4 - World(s) loaded.
2015-11-07 23:16:18 [INFO] [Multiverse-Core] - Version 2.4-b527 (API v14) Enabled - By Rigby, fernferret, lithium3141 and main--
2015-11-07 23:16:18 [INFO] [Multiverse-Core] Loading World & Settings - 'world' - Env: NORMAL - Type: FLAT & seed: -4315406086328175024
2015-11-07 23:16:18 [INFO] [Multiverse-Core] Loading World & Settings - 'world_nether' - Env: NETHER - Type: FLAT & seed: -4315406086328175024
2015-11-07 23:16:18 [INFO] [Multiverse-Core] Loading World & Settings - 'world_the_end' - Env: THE_END - Type: FLAT & seed: -4315406086328175024
2015-11-07 23:16:18 [INFO] [Multiverse-Core] Loading World & Settings - 'plotworld' - Env: NORMAL - Type: NORMAL & seed: 1483843031056246239 & generator: PlotMe
2015-11-07 23:16:19 [INFO] [Multiverse-Core] 4 - World(s) loaded.
2015-11-08 11:03:37 [INFO] [Multiverse-Core] - Version 2.4-b527 (API v14) Enabled - By Rigby, fernferret, lithium3141 and main--
2015-11-08 11:03:38 [INFO] [Multiverse-Core] Loading World & Settings - 'world' - Env: NORMAL - Type: FLAT & seed: -4315406086328175024
2015-11-08 11:03:39 [INFO] [Multiverse-Core] Loading World & Settings - 'world_nether' - Env: NETHER - Type: FLAT & seed: -4315406086328175024
2015-11-08 11:03:39 [INFO] [Multiverse-Core] Loading World & Settings - 'world_the_end' - Env: THE_END - Type: FLAT & seed: -4315406086328175024
2015-11-08 11:03:39 [INFO] [Multiverse-Core] Loading World & Settings - 'plotworld' - Env: NORMAL - Type: NORMAL & seed: 1483843031056246239 & generator: PlotMe
2015-11-08 11:03:45 [INFO] [Multiverse-Core] 4 - World(s) loaded.
2015-11-08 11:15:49 [INFO] [Multiverse-Core] - Version 2.4-b527 (API v14) Enabled - By Rigby, fernferret, lithium3141 and main--
2015-11-08 11:15:50 [INFO] [Multiverse-Core] Loading World & Settings - 'world' - Env: NORMAL - Type: FLAT & seed: -4315406086328175024
2015-11-08 11:15:50 [INFO] [Multiverse-Core] Loading World & Settings - 'world_nether' - Env: NETHER - Type: FLAT & seed: -4315406086328175024
2015-11-08 11:15:50 [INFO] [Multiverse-Core] Loading World & Settings - 'world_the_end' - Env: THE_END - Type: FLAT & seed: -4315406086328175024
2015-11-08 11:15:50 [INFO] [Multiverse-Core] Loading World & Settings - 'plotworld' - Env: NORMAL - Type: NORMAL & seed: 1483843031056246239 & generator: PlotMe
2015-11-08 11:15:50 [INFO] [Multiverse-Core] 4 - World(s) loaded.
2015-11-08 13:14:58 [INFO] [Multiverse-Core] - Version 2.4-b527 (API v14) Enabled - By Rigby, fernferret, lithium3141 and main--
2015-11-08 13:14:59 [INFO] [Multiverse-Core] Loading World & Settings - 'world' - Env: NORMAL - Type: FLAT & seed: -4315406086328175024
2015-11-08 13:14:59 [INFO] [Multiverse-Core] Loading World & Settings - 'world_nether' - Env: NETHER - Type: FLAT & seed: -4315406086328175024
2015-11-08 13:14:59 [INFO] [Multiverse-Core] Loading World & Settings - 'world_the_end' - Env: THE_END - Type: FLAT & seed: -4315406086328175024
2015-11-08 13:14:59 [INFO] [Multiverse-Core] Loading World & Settings - 'plotworld' - Env: NORMAL - Type: NORMAL & seed: 1483843031056246239 & generator: PlotMe
2015-11-08 13:15:00 [INFO] [Multiverse-Core] 4 - World(s) loaded.
2015-11-08 13:28:59 [INFO] [Multiverse-Core] - Version 2.4-b527 (API v14) Enabled - By Rigby, fernferret, lithium3141 and main--
2015-11-08 13:28:59 [INFO] [Multiverse-Core] Loading World & Settings - 'world' - Env: NORMAL - Type: FLAT & seed: -4315406086328175024
2015-11-08 13:28:59 [INFO] [Multiverse-Core] Loading World & Settings - 'world_nether' - Env: NETHER - Type: FLAT & seed: -4315406086328175024
2015-11-08 13:28:59 [INFO] [Multiverse-Core] Loading World & Settings - 'world_the_end' - Env: THE_END - Type: FLAT & seed: -4315406086328175024
2015-11-08 13:28:59 [INFO] [Multiverse-Core] Loading World & Settings - 'plotworld' - Env: NORMAL - Type: NORMAL & seed: 1483843031056246239 & generator: PlotMe
2015-11-08 13:29:00 [INFO] [Multiverse-Core] 4 - World(s) loaded.
2015-11-08 13:34:03 [INFO] [Multiverse-Core] - Version 2.4-b527 (API v14) Enabled - By Rigby, fernferret, lithium3141 and main--
2015-11-08 13:34:03 [INFO] [Multiverse-Core] Loading World & Settings - 'world' - Env: NORMAL - Type: FLAT & seed: -4315406086328175024
2015-11-08 13:34:04 [INFO] [Multiverse-Core] Loading World & Settings - 'world_nether' - Env: NETHER - Type: FLAT & seed: -4315406086328175024
2015-11-08 13:34:04 [INFO] [Multiverse-Core] Loading World & Settings - 'world_the_end' - Env: THE_END - Type: FLAT & seed: -4315406086328175024
2015-11-08 13:34:04 [INFO] [Multiverse-Core] Loading World & Settings - 'plotworld' - Env: NORMAL - Type: NORMAL & seed: 1483843031056246239 & generator: PlotMe
2015-11-08 13:34:04 [INFO] [Multiverse-Core] 4 - World(s) loaded.
2015-11-08 15:40:09 [INFO] [Multiverse-Core] - Version 2.4-b527 (API v14) Enabled - By Rigby, fernferret, lithium3141 and main--
2015-11-08 15:40:09 [INFO] [Multiverse-Core] Loading World & Settings - 'world' - Env: NORMAL - Type: FLAT & seed: -4315406086328175024
2015-11-08 15:40:09 [INFO] [Multiverse-Core] Loading World & Settings - 'world_nether' - Env: NETHER - Type: FLAT & seed: -4315406086328175024
2015-11-08 15:40:09 [INFO] [Multiverse-Core] Loading World & Settings - 'world_the_end' - Env: THE_END - Type: FLAT & seed: -4315406086328175024
2015-11-08 15:40:09 [INFO] [Multiverse-Core] Loading World & Settings - 'plotworld' - Env: NORMAL - Type: NORMAL & seed: 1483843031056246239 & generator: PlotMe
2015-11-08 15:40:10 [INFO] [Multiverse-Core] 4 - World(s) loaded.
2015-11-08 15:45:36 [INFO] [Multiverse-Core] - Version 2.4-b527 (API v14) Enabled - By Rigby, fernferret, lithium3141 and main--
2015-11-08 15:45:37 [INFO] [Multiverse-Core] Loading World & Settings - 'world' - Env: NORMAL - Type: FLAT & seed: -4315406086328175024
2015-11-08 15:45:37 [INFO] [Multiverse-Core] Loading World & Settings - 'world_nether' - Env: NETHER - Type: FLAT & seed: -4315406086328175024
2015-11-08 15:45:37 [INFO] [Multiverse-Core] Loading World & Settings - 'world_the_end' - Env: THE_END - Type: FLAT & seed: -4315406086328175024
2015-11-08 15:45:37 [INFO] [Multiverse-Core] Loading World & Settings - 'plotworld' - Env: NORMAL - Type: NORMAL & seed: 1483843031056246239 & generator: PlotMe
2015-11-08 15:45:37 [INFO] [Multiverse-Core] 4 - World(s) loaded.
2015-11-08 15:48:14 [INFO] [Multiverse-Core] - Version 2.4-b527 (API v14) Enabled - By Rigby, fernferret, lithium3141 and main--
2015-11-08 15:48:14 [INFO] [Multiverse-Core] Loading World & Settings - 'world' - Env: NORMAL - Type: FLAT & seed: -4315406086328175024
2015-11-08 15:48:14 [INFO] [Multiverse-Core] Loading World & Settings - 'world_nether' - Env: NETHER - Type: FLAT & seed: -4315406086328175024
2015-11-08 15:48:14 [INFO] [Multiverse-Core] Loading World & Settings - 'world_the_end' - Env: THE_END - Type: FLAT & seed: -4315406086328175024
2015-11-08 15:48:14 [INFO] [Multiverse-Core] Loading World & Settings - 'plotworld' - Env: NORMAL - Type: NORMAL & seed: 1483843031056246239 & generator: PlotMe
2015-11-08 15:48:15 [INFO] [Multiverse-Core] 4 - World(s) loaded.
2015-11-08 18:49:18 [INFO] [Multiverse-Core] - Version 2.4-b527 (API v14) Enabled - By Rigby, fernferret, lithium3141 and main--
2015-11-08 18:49:19 [INFO] [Multiverse-Core] Loading World & Settings - 'world' - Env: NORMAL - Type: FLAT & seed: -4315406086328175024
2015-11-08 18:49:19 [INFO] [Multiverse-Core] Loading World & Settings - 'world_nether' - Env: NETHER - Type: FLAT & seed: -4315406086328175024
2015-11-08 18:49:19 [INFO] [Multiverse-Core] Loading World & Settings - 'world_the_end' - Env: THE_END - Type: FLAT & seed: -4315406086328175024
2015-11-08 18:49:19 [INFO] [Multiverse-Core] Loading World & Settings - 'plotworld' - Env: NORMAL - Type: NORMAL & seed: 1483843031056246239 & generator: PlotMe
2015-11-08 18:49:19 [INFO] [Multiverse-Core] 4 - World(s) loaded.
2015-11-08 19:01:19 [INFO] [Multiverse-Core] - Version 2.4-b527 (API v14) Enabled - By Rigby, fernferret, lithium3141 and main--
2015-11-08 19:01:20 [INFO] [Multiverse-Core] Loading World & Settings - 'world' - Env: NORMAL - Type: FLAT & seed: -4315406086328175024
2015-11-08 19:01:20 [INFO] [Multiverse-Core] Loading World & Settings - 'world_nether' - Env: NETHER - Type: FLAT & seed: -4315406086328175024
2015-11-08 19:01:20 [INFO] [Multiverse-Core] Loading World & Settings - 'world_the_end' - Env: THE_END - Type: FLAT & seed: -4315406086328175024
2015-11-08 19:01:20 [INFO] [Multiverse-Core] Loading World & Settings - 'plotworld' - Env: NORMAL - Type: NORMAL & seed: 1483843031056246239 & generator: PlotMe
2015-11-08 19:01:21 [INFO] [Multiverse-Core] 4 - World(s) loaded.
2015-11-08 22:30:49 [INFO] [Multiverse-Core] - Version 2.4-b527 (API v14) Enabled - By Rigby, fernferret, lithium3141 and main--
2015-11-08 22:30:50 [INFO] [Multiverse-Core] Loading World & Settings - 'world' - Env: NORMAL - Type: FLAT & seed: -4315406086328175024
2015-11-08 22:30:50 [INFO] [Multiverse-Core] Loading World & Settings - 'world_nether' - Env: NETHER - Type: FLAT & seed: -4315406086328175024
2015-11-08 22:30:50 [INFO] [Multiverse-Core] Loading World & Settings - 'world_the_end' - Env: THE_END - Type: FLAT & seed: -4315406086328175024
2015-11-08 22:30:50 [INFO] [Multiverse-Core] Loading World & Settings - 'plotworld' - Env: NORMAL - Type: NORMAL & seed: 1483843031056246239 & generator: PlotMe
2015-11-08 22:30:51 [INFO] [Multiverse-Core] 4 - World(s) loaded.
2015-11-09 12:48:39 [INFO] [Multiverse-Core] - Version 2.4-b527 (API v14) Enabled - By Rigby, fernferret, lithium3141 and main--
2015-11-09 12:48:40 [INFO] [Multiverse-Core] Loading World & Settings - 'world' - Env: NORMAL - Type: FLAT & seed: -4315406086328175024
2015-11-09 12:48:40 [INFO] [Multiverse-Core] Loading World & Settings - 'world_nether' - Env: NETHER - Type: FLAT & seed: -4315406086328175024
2015-11-09 12:48:40 [INFO] [Multiverse-Core] Loading World & Settings - 'world_the_end' - Env: THE_END - Type: FLAT & seed: -4315406086328175024
2015-11-09 12:48:40 [INFO] [Multiverse-Core] Loading World & Settings - 'plotworld' - Env: NORMAL - Type: NORMAL & seed: 1483843031056246239 & generator: PlotMe
2015-11-09 12:48:43 [INFO] [Multiverse-Core] 4 - World(s) loaded.
2015-11-09 14:26:07 [INFO] [Multiverse-Core] - Version 2.4-b527 (API v14) Enabled - By Rigby, fernferret, lithium3141 and main--
2015-11-09 14:26:08 [INFO] [Multiverse-Core] Loading World & Settings - 'world' - Env: NORMAL - Type: FLAT & seed: -4315406086328175024
2015-11-09 14:26:08 [INFO] [Multiverse-Core] Loading World & Settings - 'world_nether' - Env: NETHER - Type: FLAT & seed: -4315406086328175024
2015-11-09 14:26:08 [INFO] [Multiverse-Core] Loading World & Settings - 'world_the_end' - Env: THE_END - Type: FLAT & seed: -4315406086328175024
2015-11-09 14:26:08 [INFO] [Multiverse-Core] Loading World & Settings - 'plotworld' - Env: NORMAL - Type: NORMAL & seed: 1483843031056246239 & generator: PlotMe
2015-11-09 14:26:08 [INFO] [Multiverse-Core] 4 - World(s) loaded.
2015-11-09 15:31:57 [INFO] [Multiverse-Core] - Version 2.4-b527 (API v14) Enabled - By Rigby, fernferret, lithium3141 and main--
2015-11-09 15:31:57 [INFO] [Multiverse-Core] Loading World & Settings - 'world' - Env: NORMAL - Type: FLAT & seed: -4315406086328175024
2015-11-09 15:31:58 [INFO] [Multiverse-Core] Loading World & Settings - 'world_nether' - Env: NETHER - Type: FLAT & seed: -4315406086328175024
2015-11-09 15:31:58 [INFO] [Multiverse-Core] Loading World & Settings - 'world_the_end' - Env: THE_END - Type: FLAT & seed: -4315406086328175024
2015-11-09 15:31:58 [INFO] [Multiverse-Core] Loading World & Settings - 'plotworld' - Env: NORMAL - Type: NORMAL & seed: 1483843031056246239 & generator: PlotMe
2015-11-09 15:31:58 [INFO] [Multiverse-Core] 4 - World(s) loaded.
2015-11-09 18:55:39 [INFO] [Multiverse-Core] - Version 2.4-b527 (API v14) Enabled - By Rigby, fernferret, lithium3141 and main--
2015-11-09 18:55:40 [INFO] [Multiverse-Core] Loading World & Settings - 'world' - Env: NORMAL - Type: FLAT & seed: -4315406086328175024
2015-11-09 18:55:40 [INFO] [Multiverse-Core] Loading World & Settings - 'world_nether' - Env: NETHER - Type: FLAT & seed: -4315406086328175024
2015-11-09 18:55:40 [INFO] [Multiverse-Core] Loading World & Settings - 'world_the_end' - Env: THE_END - Type: FLAT & seed: -4315406086328175024
2015-11-09 18:55:40 [INFO] [Multiverse-Core] Loading World & Settings - 'plotworld' - Env: NORMAL - Type: NORMAL & seed: 1483843031056246239 & generator: PlotMe
2015-11-09 18:55:41 [INFO] [Multiverse-Core] 4 - World(s) loaded.
2015-11-09 19:08:27 [INFO] [Multiverse-Core] - Version 2.4-b527 (API v14) Enabled - By Rigby, fernferret, lithium3141 and main--
2015-11-09 19:08:27 [INFO] [Multiverse-Core] Loading World & Settings - 'world' - Env: NORMAL - Type: FLAT & seed: -4315406086328175024
2015-11-09 19:08:28 [INFO] [Multiverse-Core] Loading World & Settings - 'world_nether' - Env: NETHER - Type: FLAT & seed: -4315406086328175024
2015-11-09 19:08:28 [INFO] [Multiverse-Core] Loading World & Settings - 'world_the_end' - Env: THE_END - Type: FLAT & seed: -4315406086328175024
2015-11-09 19:08:28 [INFO] [Multiverse-Core] Loading World & Settings - 'plotworld' - Env: NORMAL - Type: NORMAL & seed: 1483843031056246239 & generator: PlotMe
2015-11-09 19:08:28 [INFO] [Multiverse-Core] 4 - World(s) loaded.
2015-11-09 19:12:15 [INFO] [Multiverse-Core] - Version 2.4-b527 (API v14) Enabled - By Rigby, fernferret, lithium3141 and main--
2015-11-09 19:12:16 [INFO] [Multiverse-Core] Loading World & Settings - 'world' - Env: NORMAL - Type: FLAT & seed: -4315406086328175024
2015-11-09 19:12:16 [INFO] [Multiverse-Core] Loading World & Settings - 'world_nether' - Env: NETHER - Type: FLAT & seed: -4315406086328175024
2015-11-09 19:12:16 [INFO] [Multiverse-Core] Loading World & Settings - 'world_the_end' - Env: THE_END - Type: FLAT & seed: -4315406086328175024
2015-11-09 19:12:16 [INFO] [Multiverse-Core] Loading World & Settings - 'plotworld' - Env: NORMAL - Type: NORMAL & seed: 1483843031056246239 & generator: PlotMe
2015-11-09 19:12:17 [INFO] [Multiverse-Core] 4 - World(s) loaded.
2015-11-09 19:27:42 [INFO] [Multiverse-Core] - Version 2.4-b527 (API v14) Enabled - By Rigby, fernferret, lithium3141 and main--
2015-11-09 19:27:42 [INFO] [Multiverse-Core] Loading World & Settings - 'world' - Env: NORMAL - Type: FLAT & seed: -4315406086328175024
2015-11-09 19:27:42 [INFO] [Multiverse-Core] Loading World & Settings - 'world_nether' - Env: NETHER - Type: FLAT & seed: -4315406086328175024
2015-11-09 19:27:42 [INFO] [Multiverse-Core] Loading World & Settings - 'world_the_end' - Env: THE_END - Type: FLAT & seed: -4315406086328175024
2015-11-09 19:27:42 [INFO] [Multiverse-Core] Loading World & Settings - 'plotworld' - Env: NORMAL - Type: NORMAL & seed: 1483843031056246239 & generator: PlotMe
2015-11-09 19:27:43 [INFO] [Multiverse-Core] 4 - World(s) loaded.
2015-11-09 19:42:35 [INFO] [Multiverse-Core] - Version 2.4-b527 (API v14) Enabled - By Rigby, fernferret, lithium3141 and main--
2015-11-09 19:42:35 [INFO] [Multiverse-Core] Loading World & Settings - 'world' - Env: NORMAL - Type: FLAT & seed: -4315406086328175024
2015-11-09 19:42:35 [INFO] [Multiverse-Core] Loading World & Settings - 'world_nether' - Env: NETHER - Type: FLAT & seed: -4315406086328175024
2015-11-09 19:42:35 [INFO] [Multiverse-Core] Loading World & Settings - 'world_the_end' - Env: THE_END - Type: FLAT & seed: -4315406086328175024
2015-11-09 19:42:35 [INFO] [Multiverse-Core] Loading World & Settings - 'plotworld' - Env: NORMAL - Type: NORMAL & seed: 1483843031056246239 & generator: PlotMe
2015-11-09 19:42:36 [INFO] [Multiverse-Core] 4 - World(s) loaded.
2015-11-09 19:57:28 [INFO] [Multiverse-Core] - Version 2.4-b527 (API v14) Enabled - By Rigby, fernferret, lithium3141 and main--
2015-11-09 19:57:29 [INFO] [Multiverse-Core] Loading World & Settings - 'world' - Env: NORMAL - Type: FLAT & seed: -4315406086328175024
2015-11-09 19:57:29 [INFO] [Multiverse-Core] Loading World & Settings - 'world_nether' - Env: NETHER - Type: FLAT & seed: -4315406086328175024
2015-11-09 19:57:29 [INFO] [Multiverse-Core] Loading World & Settings - 'world_the_end' - Env: THE_END - Type: FLAT & seed: -4315406086328175024
2015-11-09 19:57:29 [INFO] [Multiverse-Core] Loading World & Settings - 'plotworld' - Env: NORMAL - Type: NORMAL & seed: 1483843031056246239 & generator: PlotMe
2015-11-09 19:57:29 [INFO] [Multiverse-Core] 4 - World(s) loaded.
2015-11-09 20:01:34 [INFO] [Multiverse-Core] - Version 2.4-b527 (API v14) Enabled - By Rigby, fernferret, lithium3141 and main--
2015-11-09 20:01:35 [INFO] [Multiverse-Core] Loading World & Settings - 'world' - Env: NORMAL - Type: FLAT & seed: -4315406086328175024
2015-11-09 20:01:35 [INFO] [Multiverse-Core] Loading World & Settings - 'world_nether' - Env: NETHER - Type: FLAT & seed: -4315406086328175024
2015-11-09 20:01:35 [INFO] [Multiverse-Core] Loading World & Settings - 'world_the_end' - Env: THE_END - Type: FLAT & seed: -4315406086328175024
2015-11-09 20:01:35 [INFO] [Multiverse-Core] Loading World & Settings - 'plotworld' - Env: NORMAL - Type: NORMAL & seed: 1483843031056246239 & generator: PlotMe
2015-11-09 20:01:36 [INFO] [Multiverse-Core] 4 - World(s) loaded.
2015-11-09 21:14:18 [INFO] [Multiverse-Core] - Version 2.4-b527 (API v14) Enabled - By Rigby, fernferret, lithium3141 and main--
2015-11-09 21:14:19 [INFO] [Multiverse-Core] Loading World & Settings - 'world' - Env: NORMAL - Type: FLAT & seed: -4315406086328175024
2015-11-09 21:14:19 [INFO] [Multiverse-Core] Loading World & Settings - 'world_nether' - Env: NETHER - Type: FLAT & seed: -4315406086328175024
2015-11-09 21:14:19 [INFO] [Multiverse-Core] Loading World & Settings - 'world_the_end' - Env: THE_END - Type: FLAT & seed: -4315406086328175024
2015-11-09 21:14:19 [INFO] [Multiverse-Core] Loading World & Settings - 'plotworld' - Env: NORMAL - Type: NORMAL & seed: 1483843031056246239 & generator: PlotMe
2015-11-09 21:14:20 [INFO] [Multiverse-Core] 4 - World(s) loaded.
2015-11-09 21:20:36 [INFO] [Multiverse-Core] - Version 2.4-b527 (API v14) Enabled - By Rigby, fernferret, lithium3141 and main--
2015-11-09 21:20:37 [INFO] [Multiverse-Core] Loading World & Settings - 'world' - Env: NORMAL - Type: FLAT & seed: -4315406086328175024
2015-11-09 21:20:37 [INFO] [Multiverse-Core] Loading World & Settings - 'world_nether' - Env: NETHER - Type: FLAT & seed: -4315406086328175024
2015-11-09 21:20:37 [INFO] [Multiverse-Core] Loading World & Settings - 'world_the_end' - Env: THE_END - Type: FLAT & seed: -4315406086328175024
2015-11-09 21:20:37 [INFO] [Multiverse-Core] Loading World & Settings - 'plotworld' - Env: NORMAL - Type: NORMAL & seed: 1483843031056246239 & generator: PlotMe
2015-11-09 21:20:38 [INFO] [Multiverse-Core] 4 - World(s) loaded.
2015-11-09 21:59:18 [INFO] [Multiverse-Core] - Version 2.4-b527 (API v14) Enabled - By Rigby, fernferret, lithium3141 and main--
2015-11-09 21:59:19 [INFO] [Multiverse-Core] Loading World & Settings - 'world' - Env: NORMAL - Type: FLAT & seed: -4315406086328175024
2015-11-09 21:59:19 [INFO] [Multiverse-Core] Loading World & Settings - 'world_nether' - Env: NETHER - Type: FLAT & seed: -4315406086328175024
2015-11-09 21:59:19 [INFO] [Multiverse-Core] Loading World & Settings - 'world_the_end' - Env: THE_END - Type: FLAT & seed: -4315406086328175024
2015-11-09 21:59:19 [INFO] [Multiverse-Core] Loading World & Settings - 'plotworld' - Env: NORMAL - Type: NORMAL & seed: 1483843031056246239 & generator: PlotMe
2015-11-09 21:59:20 [INFO] [Multiverse-Core] 4 - World(s) loaded.
2015-11-09 22:10:37 [INFO] [Multiverse-Core] - Version 2.4-b527 (API v14) Enabled - By Rigby, fernferret, lithium3141 and main--
2015-11-09 22:10:38 [INFO] [Multiverse-Core] Loading World & Settings - 'world' - Env: NORMAL - Type: FLAT & seed: -4315406086328175024
2015-11-09 22:10:38 [INFO] [Multiverse-Core] Loading World & Settings - 'world_nether' - Env: NETHER - Type: FLAT & seed: -4315406086328175024
2015-11-09 22:10:38 [INFO] [Multiverse-Core] Loading World & Settings - 'world_the_end' - Env: THE_END - Type: FLAT & seed: -4315406086328175024
2015-11-09 22:10:38 [INFO] [Multiverse-Core] Loading World & Settings - 'plotworld' - Env: NORMAL - Type: NORMAL & seed: 1483843031056246239 & generator: PlotMe
2015-11-09 22:10:39 [INFO] [Multiverse-Core] 4 - World(s) loaded.
2015-11-09 22:54:48 [INFO] [Multiverse-Core] - Version 2.4-b527 (API v14) Enabled - By Rigby, fernferret, lithium3141 and main--
2015-11-09 22:54:49 [INFO] [Multiverse-Core] Loading World & Settings - 'world' - Env: NORMAL - Type: FLAT & seed: -4315406086328175024
2015-11-09 22:54:49 [INFO] [Multiverse-Core] Loading World & Settings - 'world_nether' - Env: NETHER - Type: FLAT & seed: -4315406086328175024
2015-11-09 22:54:49 [INFO] [Multiverse-Core] Loading World & Settings - 'world_the_end' - Env: THE_END - Type: FLAT & seed: -4315406086328175024
2015-11-09 22:54:49 [INFO] [Multiverse-Core] Loading World & Settings - 'plotworld' - Env: NORMAL - Type: NORMAL & seed: 1483843031056246239 & generator: PlotMe
2015-11-09 22:54:49 [INFO] [Multiverse-Core] 4 - World(s) loaded.
2015-11-09 23:04:17 [INFO] [Multiverse-Core] - Version 2.4-b527 (API v14) Enabled - By Rigby, fernferret, lithium3141 and main--
2015-11-09 23:04:17 [INFO] [Multiverse-Core] Loading World & Settings - 'world' - Env: NORMAL - Type: FLAT & seed: -4315406086328175024
2015-11-09 23:04:18 [INFO] [Multiverse-Core] Loading World & Settings - 'world_nether' - Env: NETHER - Type: FLAT & seed: -4315406086328175024
2015-11-09 23:04:18 [INFO] [Multiverse-Core] Loading World & Settings - 'world_the_end' - Env: THE_END - Type: FLAT & seed: -4315406086328175024
2015-11-09 23:04:18 [INFO] [Multiverse-Core] Loading World & Settings - 'plotworld' - Env: NORMAL - Type: NORMAL & seed: 1483843031056246239 & generator: PlotMe
2015-11-09 23:04:18 [INFO] [Multiverse-Core] 4 - World(s) loaded.
2015-11-09 23:09:13 [INFO] [Multiverse-Core] - Version 2.4-b527 (API v14) Enabled - By Rigby, fernferret, lithium3141 and main--
2015-11-09 23:09:13 [INFO] [Multiverse-Core] Loading World & Settings - 'world' - Env: NORMAL - Type: FLAT & seed: -4315406086328175024
2015-11-09 23:09:14 [INFO] [Multiverse-Core] Loading World & Settings - 'world_nether' - Env: NETHER - Type: FLAT & seed: -4315406086328175024
2015-11-09 23:09:14 [INFO] [Multiverse-Core] Loading World & Settings - 'world_the_end' - Env: THE_END - Type: FLAT & seed: -4315406086328175024
2015-11-09 23:09:14 [INFO] [Multiverse-Core] Loading World & Settings - 'plotworld' - Env: NORMAL - Type: NORMAL & seed: 1483843031056246239 & generator: PlotMe
2015-11-09 23:09:14 [INFO] [Multiverse-Core] 4 - World(s) loaded.
2015-11-09 23:18:19 [INFO] [Multiverse-Core] - Version 2.4-b527 (API v14) Enabled - By Rigby, fernferret, lithium3141 and main--
2015-11-09 23:18:20 [INFO] [Multiverse-Core] Loading World & Settings - 'world' - Env: NORMAL - Type: FLAT & seed: -4315406086328175024
2015-11-09 23:18:20 [INFO] [Multiverse-Core] Loading World & Settings - 'world_nether' - Env: NETHER - Type: FLAT & seed: -4315406086328175024
2015-11-09 23:18:20 [INFO] [Multiverse-Core] Loading World & Settings - 'world_the_end' - Env: THE_END - Type: FLAT & seed: -4315406086328175024
2015-11-09 23:18:20 [INFO] [Multiverse-Core] Loading World & Settings - 'plotworld' - Env: NORMAL - Type: NORMAL & seed: 1483843031056246239 & generator: PlotMe
2015-11-09 23:18:21 [INFO] [Multiverse-Core] 4 - World(s) loaded.
2015-11-09 23:57:52 [INFO] [Multiverse-Core] - Version 2.4-b527 (API v14) Enabled - By Rigby, fernferret, lithium3141 and main--
2015-11-09 23:57:53 [INFO] [Multiverse-Core] Loading World & Settings - 'world' - Env: NORMAL - Type: FLAT & seed: -4315406086328175024
2015-11-09 23:57:53 [INFO] [Multiverse-Core] Loading World & Settings - 'world_nether' - Env: NETHER - Type: FLAT & seed: -4315406086328175024
2015-11-09 23:57:53 [INFO] [Multiverse-Core] Loading World & Settings - 'world_the_end' - Env: THE_END - Type: FLAT & seed: -4315406086328175024
2015-11-09 23:57:53 [INFO] [Multiverse-Core] Loading World & Settings - 'plotworld' - Env: NORMAL - Type: NORMAL & seed: 1483843031056246239 & generator: PlotMe
2015-11-09 23:57:54 [INFO] [Multiverse-Core] 4 - World(s) loaded.
2015-11-10 01:00:41 [INFO] [Multiverse-Core] - Version 2.4-b527 (API v14) Enabled - By Rigby, fernferret, lithium3141 and main--
2015-11-10 01:00:42 [INFO] [Multiverse-Core] Loading World & Settings - 'world' - Env: NORMAL - Type: FLAT & seed: -4315406086328175024
2015-11-10 01:00:42 [INFO] [Multiverse-Core] Loading World & Settings - 'world_nether' - Env: NETHER - Type: FLAT & seed: -4315406086328175024
2015-11-10 01:00:42 [INFO] [Multiverse-Core] Loading World & Settings - 'world_the_end' - Env: THE_END - Type: FLAT & seed: -4315406086328175024
2015-11-10 01:00:42 [INFO] [Multiverse-Core] Loading World & Settings - 'plotworld' - Env: NORMAL - Type: NORMAL & seed: 1483843031056246239 & generator: PlotMe
2015-11-10 01:00:43 [INFO] [Multiverse-Core] 4 - World(s) loaded.
2015-11-10 01:10:36 [INFO] [Multiverse-Core] - Version 2.4-b527 (API v14) Enabled - By Rigby, fernferret, lithium3141 and main--
2015-11-10 01:10:37 [INFO] [Multiverse-Core] Loading World & Settings - 'world' - Env: NORMAL - Type: FLAT & seed: -4315406086328175024
2015-11-10 01:10:37 [INFO] [Multiverse-Core] Loading World & Settings - 'world_nether' - Env: NETHER - Type: FLAT & seed: -4315406086328175024
2015-11-10 01:10:37 [INFO] [Multiverse-Core] Loading World & Settings - 'world_the_end' - Env: THE_END - Type: FLAT & seed: -4315406086328175024
2015-11-10 01:10:37 [INFO] [Multiverse-Core] Loading World & Settings - 'plotworld' - Env: NORMAL - Type: NORMAL & seed: 1483843031056246239 & generator: PlotMe
2015-11-10 01:10:37 [INFO] [Multiverse-Core] 4 - World(s) loaded.
2015-11-10 01:14:34 [INFO] [Multiverse-Core] - Version 2.4-b527 (API v14) Enabled - By Rigby, fernferret, lithium3141 and main--
2015-11-10 01:14:35 [INFO] [Multiverse-Core] Loading World & Settings - 'world' - Env: NORMAL - Type: FLAT & seed: -4315406086328175024
2015-11-10 01:14:35 [INFO] [Multiverse-Core] Loading World & Settings - 'world_nether' - Env: NETHER - Type: FLAT & seed: -4315406086328175024
2015-11-10 01:14:35 [INFO] [Multiverse-Core] Loading World & Settings - 'world_the_end' - Env: THE_END - Type: FLAT & seed: -4315406086328175024
2015-11-10 01:14:35 [INFO] [Multiverse-Core] Loading World & Settings - 'plotworld' - Env: NORMAL - Type: NORMAL & seed: 1483843031056246239 & generator: PlotMe
2015-11-10 01:14:36 [INFO] [Multiverse-Core] 4 - World(s) loaded.
2015-11-10 01:23:51 [INFO] [Multiverse-Core] - Version 2.4-b527 (API v14) Enabled - By Rigby, fernferret, lithium3141 and main--
2015-11-10 01:23:51 [INFO] [Multiverse-Core] Loading World & Settings - 'world' - Env: NORMAL - Type: FLAT & seed: -4315406086328175024
2015-11-10 01:23:51 [INFO] [Multiverse-Core] Loading World & Settings - 'world_nether' - Env: NETHER - Type: FLAT & seed: -4315406086328175024
2015-11-10 01:23:51 [INFO] [Multiverse-Core] Loading World & Settings - 'world_the_end' - Env: THE_END - Type: FLAT & seed: -4315406086328175024
2015-11-10 01:23:51 [INFO] [Multiverse-Core] Loading World & Settings - 'plotworld' - Env: NORMAL - Type: NORMAL & seed: 1483843031056246239 & generator: PlotMe
2015-11-10 01:23:52 [INFO] [Multiverse-Core] 4 - World(s) loaded.
2015-11-10 01:27:45 [INFO] [Multiverse-Core] - Version 2.4-b527 (API v14) Enabled - By Rigby, fernferret, lithium3141 and main--
2015-11-10 01:27:45 [INFO] [Multiverse-Core] Loading World & Settings - 'world' - Env: NORMAL - Type: FLAT & seed: -4315406086328175024
2015-11-10 01:27:45 [INFO] [Multiverse-Core] Loading World & Settings - 'world_nether' - Env: NETHER - Type: FLAT & seed: -4315406086328175024
2015-11-10 01:27:45 [INFO] [Multiverse-Core] Loading World & Settings - 'world_the_end' - Env: THE_END - Type: FLAT & seed: -4315406086328175024
2015-11-10 01:27:45 [INFO] [Multiverse-Core] Loading World & Settings - 'plotworld' - Env: NORMAL - Type: NORMAL & seed: 1483843031056246239 & generator: PlotMe
2015-11-10 01:27:46 [INFO] [Multiverse-Core] 4 - World(s) loaded.
2015-11-10 09:04:35 [INFO] [Multiverse-Core] - Version 2.4-b527 (API v14) Enabled - By Rigby, fernferret, lithium3141 and main--
2015-11-10 09:04:36 [INFO] [Multiverse-Core] Loading World & Settings - 'world' - Env: NORMAL - Type: FLAT & seed: -4315406086328175024
2015-11-10 09:04:36 [INFO] [Multiverse-Core] Loading World & Settings - 'world_nether' - Env: NETHER - Type: FLAT & seed: -4315406086328175024
2015-11-10 09:04:36 [INFO] [Multiverse-Core] Loading World & Settings - 'world_the_end' - Env: THE_END - Type: FLAT & seed: -4315406086328175024
2015-11-10 09:04:36 [INFO] [Multiverse-Core] Loading World & Settings - 'plotworld' - Env: NORMAL - Type: NORMAL & seed: 1483843031056246239 & generator: PlotMe
2015-11-10 09:04:36 [INFO] [Multiverse-Core] 4 - World(s) loaded.
2015-11-10 09:11:01 [INFO] [Multiverse-Core] - Version 2.4-b527 (API v14) Enabled - By Rigby, fernferret, lithium3141 and main--
2015-11-10 09:11:02 [INFO] [Multiverse-Core] Loading World & Settings - 'world' - Env: NORMAL - Type: FLAT & seed: -4315406086328175024
2015-11-10 09:11:02 [INFO] [Multiverse-Core] Loading World & Settings - 'world_nether' - Env: NETHER - Type: FLAT & seed: -4315406086328175024
2015-11-10 09:11:02 [INFO] [Multiverse-Core] Loading World & Settings - 'world_the_end' - Env: THE_END - Type: FLAT & seed: -4315406086328175024
2015-11-10 09:11:02 [INFO] [Multiverse-Core] Loading World & Settings - 'plotworld' - Env: NORMAL - Type: NORMAL & seed: 1483843031056246239 & generator: PlotMe
2015-11-10 09:11:02 [INFO] [Multiverse-Core] 4 - World(s) loaded.
2015-11-10 11:32:19 [INFO] [Multiverse-Core] - Version 2.4-b527 (API v14) Enabled - By Rigby, fernferret, lithium3141 and main--
2015-11-10 11:32:19 [INFO] [Multiverse-Core] Loading World & Settings - 'world' - Env: NORMAL - Type: FLAT & seed: -4315406086328175024
2015-11-10 11:32:20 [INFO] [Multiverse-Core] Loading World & Settings - 'world_nether' - Env: NETHER - Type: FLAT & seed: -4315406086328175024
2015-11-10 11:32:20 [INFO] [Multiverse-Core] Loading World & Settings - 'world_the_end' - Env: THE_END - Type: FLAT & seed: -4315406086328175024
2015-11-10 11:32:20 [INFO] [Multiverse-Core] Loading World & Settings - 'plotworld' - Env: NORMAL - Type: NORMAL & seed: 1483843031056246239 & generator: PlotMe
2015-11-10 11:32:20 [INFO] [Multiverse-Core] 4 - World(s) loaded.
2015-11-10 14:30:48 [INFO] [Multiverse-Core] - Version 2.4-b527 (API v14) Enabled - By Rigby, fernferret, lithium3141 and main--
2015-11-10 14:30:49 [INFO] [Multiverse-Core] Loading World & Settings - 'world' - Env: NORMAL - Type: FLAT & seed: -4315406086328175024
2015-11-10 14:30:49 [INFO] [Multiverse-Core] Loading World & Settings - 'world_nether' - Env: NETHER - Type: FLAT & seed: -4315406086328175024
2015-11-10 14:30:49 [INFO] [Multiverse-Core] Loading World & Settings - 'world_the_end' - Env: THE_END - Type: FLAT & seed: -4315406086328175024
2015-11-10 14:30:49 [INFO] [Multiverse-Core] Loading World & Settings - 'plotworld' - Env: NORMAL - Type: NORMAL & seed: 1483843031056246239 & generator: PlotMe
2015-11-10 14:30:51 [INFO] [Multiverse-Core] 4 - World(s) loaded.
2015-11-10 18:14:38 [INFO] [Multiverse-Core] - Version 2.4-b527 (API v14) Enabled - By Rigby, fernferret, lithium3141 and main--
2015-11-10 18:14:38 [INFO] [Multiverse-Core] Loading World & Settings - 'world' - Env: NORMAL - Type: FLAT & seed: -4315406086328175024
2015-11-10 18:14:39 [INFO] [Multiverse-Core] Loading World & Settings - 'world_nether' - Env: NETHER - Type: FLAT & seed: -4315406086328175024
2015-11-10 18:14:39 [INFO] [Multiverse-Core] Loading World & Settings - 'world_the_end' - Env: THE_END - Type: FLAT & seed: -4315406086328175024
2015-11-10 18:14:39 [INFO] [Multiverse-Core] Loading World & Settings - 'plotworld' - Env: NORMAL - Type: NORMAL & seed: 1483843031056246239 & generator: PlotMe
2015-11-10 18:14:39 [INFO] [Multiverse-Core] 4 - World(s) loaded.
2015-11-10 18:30:02 [INFO] [Multiverse-Core] - Version 2.4-b527 (API v14) Enabled - By Rigby, fernferret, lithium3141 and main--
2015-11-10 18:30:03 [INFO] [Multiverse-Core] Loading World & Settings - 'world' - Env: NORMAL - Type: FLAT & seed: -4315406086328175024
2015-11-10 18:30:03 [INFO] [Multiverse-Core] Loading World & Settings - 'world_nether' - Env: NETHER - Type: FLAT & seed: -4315406086328175024
2015-11-10 18:30:03 [INFO] [Multiverse-Core] Loading World & Settings - 'world_the_end' - Env: THE_END - Type: FLAT & seed: -4315406086328175024
2015-11-10 18:30:03 [INFO] [Multiverse-Core] Loading World & Settings - 'plotworld' - Env: NORMAL - Type: NORMAL & seed: 1483843031056246239 & generator: PlotMe
2015-11-10 18:30:04 [INFO] [Multiverse-Core] 4 - World(s) loaded.
2015-11-10 18:44:52 [INFO] [Multiverse-Core] - Version 2.4-b527 (API v14) Enabled - By Rigby, fernferret, lithium3141 and main--
2015-11-10 18:44:52 [INFO] [Multiverse-Core] Loading World & Settings - 'world' - Env: NORMAL - Type: FLAT & seed: -4315406086328175024
2015-11-10 18:44:52 [INFO] [Multiverse-Core] Loading World & Settings - 'world_nether' - Env: NETHER - Type: FLAT & seed: -4315406086328175024
2015-11-10 18:44:52 [INFO] [Multiverse-Core] Loading World & Settings - 'world_the_end' - Env: THE_END - Type: FLAT & seed: -4315406086328175024
2015-11-10 18:44:52 [INFO] [Multiverse-Core] Loading World & Settings - 'plotworld' - Env: NORMAL - Type: NORMAL & seed: 1483843031056246239 & generator: PlotMe
2015-11-10 18:44:53 [INFO] [Multiverse-Core] 4 - World(s) loaded.
2015-11-10 19:16:37 [INFO] [Multiverse-Core] - Version 2.4-b527 (API v14) Enabled - By Rigby, fernferret, lithium3141 and main--
2015-11-10 19:16:40 [INFO] [Multiverse-Core] Loading World & Settings - 'world' - Env: NORMAL - Type: FLAT & seed: -4315406086328175024
2015-11-10 19:16:40 [INFO] [Multiverse-Core] Loading World & Settings - 'world_nether' - Env: NETHER - Type: FLAT & seed: -4315406086328175024
2015-11-10 19:16:41 [INFO] [Multiverse-Core] Loading World & Settings - 'world_the_end' - Env: THE_END - Type: FLAT & seed: -4315406086328175024
2015-11-10 19:16:42 [INFO] [Multiverse-Core] Loading World & Settings - 'plotworld' - Env: NORMAL - Type: NORMAL & seed: 1483843031056246239 & generator: PlotMe
2015-11-10 19:16:42 [INFO] [Multiverse-Core] 4 - World(s) loaded.
2015-11-10 19:24:56 [INFO] [Multiverse-Core] - Version 2.4-b527 (API v14) Enabled - By Rigby, fernferret, lithium3141 and main--
2015-11-10 19:25:02 [INFO] [Multiverse-Core] Loading World & Settings - 'world' - Env: NORMAL - Type: FLAT & seed: -4315406086328175024
2015-11-10 19:25:02 [INFO] [Multiverse-Core] Loading World & Settings - 'world_nether' - Env: NETHER - Type: FLAT & seed: -4315406086328175024
2015-11-10 19:25:03 [INFO] [Multiverse-Core] Loading World & Settings - 'world_the_end' - Env: THE_END - Type: FLAT & seed: -4315406086328175024
2015-11-10 19:25:03 [INFO] [Multiverse-Core] Loading World & Settings - 'plotworld' - Env: NORMAL - Type: NORMAL & seed: 1483843031056246239 & generator: PlotMe
2015-11-10 19:25:03 [INFO] [Multiverse-Core] 4 - World(s) loaded.
2015-11-10 20:10:34 [INFO] [Multiverse-Core] - Version 2.4-b527 (API v14) Enabled - By Rigby, fernferret, lithium3141 and main--
2015-11-10 20:10:34 [INFO] [Multiverse-Core] Loading World & Settings - 'world' - Env: NORMAL - Type: FLAT & seed: -4315406086328175024
2015-11-10 20:10:34 [INFO] [Multiverse-Core] Loading World & Settings - 'world_nether' - Env: NETHER - Type: FLAT & seed: -4315406086328175024
2015-11-10 20:10:34 [INFO] [Multiverse-Core] Loading World & Settings - 'world_the_end' - Env: THE_END - Type: FLAT & seed: -4315406086328175024
2015-11-10 20:10:34 [INFO] [Multiverse-Core] Loading World & Settings - 'plotworld' - Env: NORMAL - Type: NORMAL & seed: 1483843031056246239 & generator: PlotMe
2015-11-10 20:10:35 [INFO] [Multiverse-Core] 4 - World(s) loaded.
2015-11-10 21:32:26 [INFO] [Multiverse-Core] - Version 2.4-b527 (API v14) Enabled - By Rigby, fernferret, lithium3141 and main--
2015-11-10 21:32:27 [INFO] [Multiverse-Core] Loading World & Settings - 'world' - Env: NORMAL - Type: FLAT & seed: -4315406086328175024
2015-11-10 21:32:27 [INFO] [Multiverse-Core] Loading World & Settings - 'world_nether' - Env: NETHER - Type: FLAT & seed: -4315406086328175024
2015-11-10 21:32:27 [INFO] [Multiverse-Core] Loading World & Settings - 'world_the_end' - Env: THE_END - Type: FLAT & seed: -4315406086328175024
2015-11-10 21:32:27 [INFO] [Multiverse-Core] Loading World & Settings - 'plotworld' - Env: NORMAL - Type: NORMAL & seed: 1483843031056246239 & generator: PlotMe
2015-11-10 21:32:27 [INFO] [Multiverse-Core] 4 - World(s) loaded.
2015-11-10 21:34:52 [INFO] [Multiverse-Core] - Version 2.4-b527 (API v14) Enabled - By Rigby, fernferret, lithium3141 and main--
2015-11-10 21:34:52 [INFO] [Multiverse-Core] Loading World & Settings - 'world' - Env: NORMAL - Type: FLAT & seed: -4315406086328175024
2015-11-10 21:34:52 [INFO] [Multiverse-Core] Loading World & Settings - 'world_nether' - Env: NETHER - Type: FLAT & seed: -4315406086328175024
2015-11-10 21:34:52 [INFO] [Multiverse-Core] Loading World & Settings - 'world_the_end' - Env: THE_END - Type: FLAT & seed: -4315406086328175024
2015-11-10 21:34:52 [INFO] [Multiverse-Core] Loading World & Settings - 'plotworld' - Env: NORMAL - Type: NORMAL & seed: 1483843031056246239 & generator: PlotMe
2015-11-10 21:34:53 [INFO] [Multiverse-Core] 4 - World(s) loaded.
2015-11-10 21:37:45 [INFO] [Multiverse-Core] - Version 2.4-b527 (API v14) Enabled - By Rigby, fernferret, lithium3141 and main--
2015-11-10 21:37:45 [INFO] [Multiverse-Core] Loading World & Settings - 'world' - Env: NORMAL - Type: FLAT & seed: -4315406086328175024
2015-11-10 21:37:45 [INFO] [Multiverse-Core] Loading World & Settings - 'world_nether' - Env: NETHER - Type: FLAT & seed: -4315406086328175024
2015-11-10 21:37:46 [INFO] [Multiverse-Core] Loading World & Settings - 'world_the_end' - Env: THE_END - Type: FLAT & seed: -4315406086328175024
2015-11-10 21:37:46 [INFO] [Multiverse-Core] Loading World & Settings - 'plotworld' - Env: NORMAL - Type: NORMAL & seed: 1483843031056246239 & generator: PlotMe
2015-11-10 21:37:46 [INFO] [Multiverse-Core] 4 - World(s) loaded.
2015-11-10 21:39:22 [INFO] [Multiverse-Core] - Version 2.4-b527 (API v14) Enabled - By Rigby, fernferret, lithium3141 and main--
2015-11-10 21:39:23 [INFO] [Multiverse-Core] Loading World & Settings - 'world' - Env: NORMAL - Type: FLAT & seed: -4315406086328175024
2015-11-10 21:39:23 [INFO] [Multiverse-Core] Loading World & Settings - 'world_nether' - Env: NETHER - Type: FLAT & seed: -4315406086328175024
2015-11-10 21:39:23 [INFO] [Multiverse-Core] Loading World & Settings - 'world_the_end' - Env: THE_END - Type: FLAT & seed: -4315406086328175024
2015-11-10 21:39:23 [INFO] [Multiverse-Core] Loading World & Settings - 'plotworld' - Env: NORMAL - Type: NORMAL & seed: 1483843031056246239 & generator: PlotMe
2015-11-10 21:39:24 [INFO] [Multiverse-Core] 4 - World(s) loaded.
2015-11-10 21:42:01 [INFO] [Multiverse-Core] - Version 2.4-b527 (API v14) Enabled - By Rigby, fernferret, lithium3141 and main--
2015-11-10 21:42:01 [INFO] [Multiverse-Core] Loading World & Settings - 'world' - Env: NORMAL - Type: FLAT & seed: -4315406086328175024
2015-11-10 21:42:02 [INFO] [Multiverse-Core] Loading World & Settings - 'world_nether' - Env: NETHER - Type: FLAT & seed: -4315406086328175024
2015-11-10 21:42:02 [INFO] [Multiverse-Core] Loading World & Settings - 'world_the_end' - Env: THE_END - Type: FLAT & seed: -4315406086328175024
2015-11-10 21:42:02 [INFO] [Multiverse-Core] Loading World & Settings - 'plotworld' - Env: NORMAL - Type: NORMAL & seed: 1483843031056246239 & generator: PlotMe
2015-11-10 21:42:02 [INFO] [Multiverse-Core] 4 - World(s) loaded.
2015-11-10 21:46:41 [INFO] [Multiverse-Core] - Version 2.4-b527 (API v14) Enabled - By Rigby, fernferret, lithium3141 and main--
2015-11-10 21:46:42 [INFO] [Multiverse-Core] Loading World & Settings - 'world' - Env: NORMAL - Type: FLAT & seed: -4315406086328175024
2015-11-10 21:46:42 [INFO] [Multiverse-Core] Loading World & Settings - 'world_nether' - Env: NETHER - Type: FLAT & seed: -4315406086328175024
2015-11-10 21:46:42 [INFO] [Multiverse-Core] Loading World & Settings - 'world_the_end' - Env: THE_END - Type: FLAT & seed: -4315406086328175024
2015-11-10 21:46:42 [INFO] [Multiverse-Core] Loading World & Settings - 'plotworld' - Env: NORMAL - Type: NORMAL & seed: 1483843031056246239 & generator: PlotMe
2015-11-10 21:46:43 [INFO] [Multiverse-Core] 4 - World(s) loaded.
2015-11-11 12:23:05 [INFO] [Multiverse-Core] - Version 2.4-b527 (API v14) Enabled - By Rigby, fernferret, lithium3141 and main--
2015-11-11 12:23:06 [INFO] [Multiverse-Core] Loading World & Settings - 'world' - Env: NORMAL - Type: FLAT & seed: -4315406086328175024
2015-11-11 12:23:06 [INFO] [Multiverse-Core] Loading World & Settings - 'world_nether' - Env: NETHER - Type: FLAT & seed: -4315406086328175024
2015-11-11 12:23:06 [INFO] [Multiverse-Core] Loading World & Settings - 'world_the_end' - Env: THE_END - Type: FLAT & seed: -4315406086328175024
2015-11-11 12:23:06 [INFO] [Multiverse-Core] Loading World & Settings - 'plotworld' - Env: NORMAL - Type: NORMAL & seed: 1483843031056246239 & generator: PlotMe
2015-11-11 12:23:08 [INFO] [Multiverse-Core] 4 - World(s) loaded.
2015-11-11 17:46:46 [INFO] [Multiverse-Core] - Version 2.4-b527 (API v14) Enabled - By Rigby, fernferret, lithium3141 and main--
2015-11-11 17:46:47 [INFO] [Multiverse-Core] Loading World & Settings - 'world' - Env: NORMAL - Type: FLAT & seed: -4315406086328175024
2015-11-11 17:46:47 [INFO] [Multiverse-Core] Loading World & Settings - 'world_nether' - Env: NETHER - Type: FLAT & seed: -4315406086328175024
2015-11-11 17:46:47 [INFO] [Multiverse-Core] Loading World & Settings - 'world_the_end' - Env: THE_END - Type: FLAT & seed: -4315406086328175024
2015-11-11 17:46:47 [INFO] [Multiverse-Core] Loading World & Settings - 'plotworld' - Env: NORMAL - Type: NORMAL & seed: 1483843031056246239 & generator: PlotMe
2015-11-11 17:46:49 [INFO] [Multiverse-Core] 4 - World(s) loaded.
2015-11-11 19:01:41 [INFO] [Multiverse-Core] - Version 2.4-b527 (API v14) Enabled - By Rigby, fernferret, lithium3141 and main--
2015-11-11 19:01:41 [INFO] [Multiverse-Core] Loading World & Settings - 'world' - Env: NORMAL - Type: FLAT & seed: -4315406086328175024
2015-11-11 19:01:41 [INFO] [Multiverse-Core] Loading World & Settings - 'world_nether' - Env: NETHER - Type: FLAT & seed: -4315406086328175024
2015-11-11 19:01:41 [INFO] [Multiverse-Core] Loading World & Settings - 'world_the_end' - Env: THE_END - Type: FLAT & seed: -4315406086328175024
2015-11-11 19:01:41 [INFO] [Multiverse-Core] Loading World & Settings - 'plotworld' - Env: NORMAL - Type: NORMAL & seed: 1483843031056246239 & generator: PlotMe
2015-11-11 19:01:43 [INFO] [Multiverse-Core] 4 - World(s) loaded.
2015-11-11 21:05:48 [INFO] [Multiverse-Core] - Version 2.4-b527 (API v14) Enabled - By Rigby, fernferret, lithium3141 and main--
2015-11-11 21:05:49 [INFO] [Multiverse-Core] Loading World & Settings - 'world' - Env: NORMAL - Type: FLAT & seed: -4315406086328175024
2015-11-11 21:05:49 [INFO] [Multiverse-Core] Loading World & Settings - 'world_nether' - Env: NETHER - Type: FLAT & seed: -4315406086328175024
2015-11-11 21:05:49 [INFO] [Multiverse-Core] Loading World & Settings - 'world_the_end' - Env: THE_END - Type: FLAT & seed: -4315406086328175024
2015-11-11 21:05:49 [INFO] [Multiverse-Core] Loading World & Settings - 'plotworld' - Env: NORMAL - Type: NORMAL & seed: 1483843031056246239 & generator: PlotMe
2015-11-11 21:05:50 [INFO] [Multiverse-Core] 4 - World(s) loaded.
2015-11-11 21:29:08 [INFO] [Multiverse-Core] - Version 2.4-b527 (API v14) Enabled - By Rigby, fernferret, lithium3141 and main--
2015-11-11 21:29:09 [INFO] [Multiverse-Core] Loading World & Settings - 'world' - Env: NORMAL - Type: FLAT & seed: -4315406086328175024
2015-11-11 21:29:09 [INFO] [Multiverse-Core] Loading World & Settings - 'world_nether' - Env: NETHER - Type: FLAT & seed: -4315406086328175024
2015-11-11 21:29:09 [INFO] [Multiverse-Core] Loading World & Settings - 'world_the_end' - Env: THE_END - Type: FLAT & seed: -4315406086328175024
2015-11-11 21:29:09 [INFO] [Multiverse-Core] Loading World & Settings - 'plotworld' - Env: NORMAL - Type: NORMAL & seed: 1483843031056246239 & generator: PlotMe
2015-11-11 21:29:09 [INFO] [Multiverse-Core] 4 - World(s) loaded.
2015-11-11 23:46:53 [INFO] [Multiverse-Core] - Version 2.4-b527 (API v14) Enabled - By Rigby, fernferret, lithium3141 and main--
2015-11-11 23:46:53 [INFO] [Multiverse-Core] Loading World & Settings - 'world' - Env: NORMAL - Type: FLAT & seed: -4315406086328175024
2015-11-11 23:46:53 [INFO] [Multiverse-Core] Loading World & Settings - 'world_nether' - Env: NETHER - Type: FLAT & seed: -4315406086328175024
2015-11-11 23:46:54 [INFO] [Multiverse-Core] Loading World & Settings - 'world_the_end' - Env: THE_END - Type: FLAT & seed: -4315406086328175024
2015-11-11 23:46:54 [INFO] [Multiverse-Core] Loading World & Settings - 'plotworld' - Env: NORMAL - Type: NORMAL & seed: 1483843031056246239 & generator: PlotMe
2015-11-11 23:46:54 [INFO] [Multiverse-Core] 4 - World(s) loaded.
2015-11-12 10:47:58 [INFO] [Multiverse-Core] - Version 2.4-b527 (API v14) Enabled - By Rigby, fernferret, lithium3141 and main--
2015-11-12 10:47:58 [INFO] [Multiverse-Core] Loading World & Settings - 'world' - Env: NORMAL - Type: FLAT & seed: -4315406086328175024
2015-11-12 10:47:58 [INFO] [Multiverse-Core] Loading World & Settings - 'world_nether' - Env: NETHER - Type: FLAT & seed: -4315406086328175024
2015-11-12 10:47:58 [INFO] [Multiverse-Core] Loading World & Settings - 'world_the_end' - Env: THE_END - Type: FLAT & seed: -4315406086328175024
2015-11-12 10:47:58 [INFO] [Multiverse-Core] Loading World & Settings - 'plotworld' - Env: NORMAL - Type: NORMAL & seed: 1483843031056246239 & generator: PlotMe
2015-11-12 10:48:00 [INFO] [Multiverse-Core] 4 - World(s) loaded.
2015-11-12 13:23:42 [INFO] [Multiverse-Core] - Version 2.4-b527 (API v14) Enabled - By Rigby, fernferret, lithium3141 and main--
2015-11-12 13:23:44 [INFO] [Multiverse-Core] Loading World & Settings - 'world' - Env: NORMAL - Type: FLAT & seed: -4315406086328175024
2015-11-12 13:23:45 [INFO] [Multiverse-Core] Loading World & Settings - 'world_nether' - Env: NETHER - Type: FLAT & seed: -4315406086328175024
2015-11-12 13:23:45 [INFO] [Multiverse-Core] Loading World & Settings - 'world_the_end' - Env: THE_END - Type: FLAT & seed: -4315406086328175024
2015-11-12 13:23:45 [INFO] [Multiverse-Core] Loading World & Settings - 'plotworld' - Env: NORMAL - Type: NORMAL & seed: 1483843031056246239 & generator: PlotMe
2015-11-12 13:23:47 [INFO] [Multiverse-Core] 4 - World(s) loaded.
2015-11-12 13:25:45 [INFO] [Multiverse-Core] - Version 2.4-b527 (API v14) Enabled - By Rigby, fernferret, lithium3141 and main--
2015-11-12 13:25:46 [INFO] [Multiverse-Core] Loading World & Settings - 'world' - Env: NORMAL - Type: FLAT & seed: -4315406086328175024
2015-11-12 13:25:46 [INFO] [Multiverse-Core] Loading World & Settings - 'world_nether' - Env: NETHER - Type: FLAT & seed: -4315406086328175024
2015-11-12 13:25:47 [INFO] [Multiverse-Core] Loading World & Settings - 'world_the_end' - Env: THE_END - Type: FLAT & seed: -4315406086328175024
2015-11-12 13:25:47 [INFO] [Multiverse-Core] Loading World & Settings - 'plotworld' - Env: NORMAL - Type: NORMAL & seed: 1483843031056246239 & generator: PlotMe
2015-11-12 13:25:47 [INFO] [Multiverse-Core] 4 - World(s) loaded.
2015-11-12 13:40:00 [INFO] [Multiverse-Core] - Version 2.4-b527 (API v14) Enabled - By Rigby, fernferret, lithium3141 and main--
2015-11-12 13:40:01 [INFO] [Multiverse-Core] Loading World & Settings - 'world' - Env: NORMAL - Type: FLAT & seed: -4315406086328175024
2015-11-12 13:40:01 [INFO] [Multiverse-Core] Loading World & Settings - 'world_nether' - Env: NETHER - Type: FLAT & seed: -4315406086328175024
2015-11-12 13:40:01 [INFO] [Multiverse-Core] Loading World & Settings - 'world_the_end' - Env: THE_END - Type: FLAT & seed: -4315406086328175024
2015-11-12 13:40:01 [INFO] [Multiverse-Core] Loading World & Settings - 'plotworld' - Env: NORMAL - Type: NORMAL & seed: 1483843031056246239 & generator: PlotMe
2015-11-12 13:40:02 [INFO] [Multiverse-Core] 4 - World(s) loaded.
2015-11-12 16:38:35 [INFO] [Multiverse-Core] - Version 2.4-b527 (API v14) Enabled - By Rigby, fernferret, lithium3141 and main--
2015-11-12 16:38:36 [INFO] [Multiverse-Core] Loading World & Settings - 'world' - Env: NORMAL - Type: FLAT & seed: -4315406086328175024
2015-11-12 16:38:36 [INFO] [Multiverse-Core] Loading World & Settings - 'world_nether' - Env: NETHER - Type: FLAT & seed: -4315406086328175024
2015-11-12 16:38:36 [INFO] [Multiverse-Core] Loading World & Settings - 'world_the_end' - Env: THE_END - Type: FLAT & seed: -4315406086328175024
2015-11-12 16:38:36 [INFO] [Multiverse-Core] Loading World & Settings - 'plotworld' - Env: NORMAL - Type: NORMAL & seed: 1483843031056246239 & generator: PlotMe
2015-11-12 16:38:37 [INFO] [Multiverse-Core] 4 - World(s) loaded.
2015-11-12 16:45:02 [INFO] [Multiverse-Core] - Version 2.4-b527 (API v14) Enabled - By Rigby, fernferret, lithium3141 and main--
2015-11-12 16:45:03 [INFO] [Multiverse-Core] Loading World & Settings - 'world' - Env: NORMAL - Type: FLAT & seed: -4315406086328175024
2015-11-12 16:45:03 [INFO] [Multiverse-Core] Loading World & Settings - 'world_nether' - Env: NETHER - Type: FLAT & seed: -4315406086328175024
2015-11-12 16:45:03 [INFO] [Multiverse-Core] Loading World & Settings - 'world_the_end' - Env: THE_END - Type: FLAT & seed: -4315406086328175024
2015-11-12 16:45:03 [INFO] [Multiverse-Core] Loading World & Settings - 'plotworld' - Env: NORMAL - Type: NORMAL & seed: 1483843031056246239 & generator: PlotMe
2015-11-12 16:45:04 [INFO] [Multiverse-Core] 4 - World(s) loaded.
2015-11-12 17:52:50 [INFO] [Multiverse-Core] - Version 2.4-b527 (API v14) Enabled - By Rigby, fernferret, lithium3141 and main--
2015-11-12 17:52:51 [INFO] [Multiverse-Core] Loading World & Settings - 'world' - Env: NORMAL - Type: FLAT & seed: -4315406086328175024
2015-11-12 17:52:51 [INFO] [Multiverse-Core] Loading World & Settings - 'world_nether' - Env: NETHER - Type: FLAT & seed: -4315406086328175024
2015-11-12 17:52:51 [INFO] [Multiverse-Core] Loading World & Settings - 'world_the_end' - Env: THE_END - Type: FLAT & seed: -4315406086328175024
2015-11-12 17:52:51 [INFO] [Multiverse-Core] Loading World & Settings - 'plotworld' - Env: NORMAL - Type: NORMAL & seed: 1483843031056246239 & generator: PlotMe
2015-11-12 17:52:52 [INFO] [Multiverse-Core] 4 - World(s) loaded.
2015-11-12 18:02:37 [INFO] [Multiverse-Core] - Version 2.4-b527 (API v14) Enabled - By Rigby, fernferret, lithium3141 and main--
2015-11-12 18:02:38 [INFO] [Multiverse-Core] Loading World & Settings - 'world' - Env: NORMAL - Type: FLAT & seed: -4315406086328175024
2015-11-12 18:02:38 [INFO] [Multiverse-Core] Loading World & Settings - 'world_nether' - Env: NETHER - Type: FLAT & seed: -4315406086328175024
2015-11-12 18:02:38 [INFO] [Multiverse-Core] Loading World & Settings - 'world_the_end' - Env: THE_END - Type: FLAT & seed: -4315406086328175024
2015-11-12 18:02:38 [INFO] [Multiverse-Core] Loading World & Settings - 'plotworld' - Env: NORMAL - Type: NORMAL & seed: 1483843031056246239 & generator: PlotMe
2015-11-12 18:02:38 [INFO] [Multiverse-Core] 4 - World(s) loaded.
2015-11-12 18:17:53 [INFO] [Multiverse-Core] - Version 2.4-b527 (API v14) Enabled - By Rigby, fernferret, lithium3141 and main--
2015-11-12 18:17:53 [INFO] [Multiverse-Core] Loading World & Settings - 'world' - Env: NORMAL - Type: FLAT & seed: -4315406086328175024
2015-11-12 18:17:53 [INFO] [Multiverse-Core] Loading World & Settings - 'world_nether' - Env: NETHER - Type: FLAT & seed: -4315406086328175024
2015-11-12 18:17:53 [INFO] [Multiverse-Core] Loading World & Settings - 'world_the_end' - Env: THE_END - Type: FLAT & seed: -4315406086328175024
2015-11-12 18:17:54 [INFO] [Multiverse-Core] Loading World & Settings - 'plotworld' - Env: NORMAL - Type: NORMAL & seed: 1483843031056246239 & generator: PlotMe
2015-11-12 18:17:54 [INFO] [Multiverse-Core] 4 - World(s) loaded.
2015-11-12 21:03:27 [INFO] [Multiverse-Core] - Version 2.4-b527 (API v14) Enabled - By Rigby, fernferret, lithium3141 and main--
2015-11-12 21:03:28 [INFO] [Multiverse-Core] Loading World & Settings - 'world' - Env: NORMAL - Type: FLAT & seed: -4315406086328175024
2015-11-12 21:03:28 [INFO] [Multiverse-Core] Loading World & Settings - 'world_nether' - Env: NETHER - Type: FLAT & seed: -4315406086328175024
2015-11-12 21:03:28 [INFO] [Multiverse-Core] Loading World & Settings - 'world_the_end' - Env: THE_END - Type: FLAT & seed: -4315406086328175024
2015-11-12 21:03:28 [INFO] [Multiverse-Core] Loading World & Settings - 'plotworld' - Env: NORMAL - Type: NORMAL & seed: 1483843031056246239 & generator: PlotMe
2015-11-12 21:03:29 [INFO] [Multiverse-Core] 4 - World(s) loaded.
2015-11-12 21:16:34 [INFO] [Multiverse-Core] Loading World & Settings - 'eventos' - Env: NORMAL - Type: FLAT
2015-11-12 21:43:26 [INFO] [Multiverse-Core] - Version 2.4-b527 (API v14) Enabled - By Rigby, fernferret, lithium3141 and main--
2015-11-12 21:43:29 [INFO] [Multiverse-Core] Loading World & Settings - 'world' - Env: NORMAL - Type: FLAT & seed: -4315406086328175024
2015-11-12 21:43:30 [INFO] [Multiverse-Core] Loading World & Settings - 'world_nether' - Env: NETHER - Type: FLAT & seed: -4315406086328175024
2015-11-12 21:43:31 [INFO] [Multiverse-Core] Loading World & Settings - 'world_the_end' - Env: THE_END - Type: FLAT & seed: -4315406086328175024
2015-11-12 21:43:33 [INFO] [Multiverse-Core] Loading World & Settings - 'plotworld' - Env: NORMAL - Type: NORMAL & seed: 1483843031056246239 & generator: PlotMe
2015-11-12 21:43:33 [INFO] [Multiverse-Core] Loading World & Settings - 'eventos' - Env: NORMAL - Type: FLAT & seed: -4711516305468634534
2015-11-12 21:43:34 [INFO] [Multiverse-Core] 5 - World(s) loaded.
2015-11-13 02:12:32 [INFO] [Multiverse-Core] - Version 2.4-b527 (API v14) Enabled - By Rigby, fernferret, lithium3141 and main--
2015-11-13 02:12:33 [INFO] [Multiverse-Core] Loading World & Settings - 'world' - Env: NORMAL - Type: FLAT & seed: -4315406086328175024
2015-11-13 02:12:33 [INFO] [Multiverse-Core] Loading World & Settings - 'world_nether' - Env: NETHER - Type: FLAT & seed: -4315406086328175024
2015-11-13 02:12:33 [INFO] [Multiverse-Core] Loading World & Settings - 'world_the_end' - Env: THE_END - Type: FLAT & seed: -4315406086328175024
2015-11-13 02:12:33 [INFO] [Multiverse-Core] Loading World & Settings - 'plotworld' - Env: NORMAL - Type: NORMAL & seed: 1483843031056246239 & generator: PlotMe
2015-11-13 02:12:33 [INFO] [Multiverse-Core] Loading World & Settings - 'eventos' - Env: NORMAL - Type: FLAT & seed: -4711516305468634534
2015-11-13 02:12:34 [INFO] [Multiverse-Core] 5 - World(s) loaded.
2015-11-13 10:49:33 [INFO] [Multiverse-Core] - Version 2.4-b527 (API v14) Enabled - By Rigby, fernferret, lithium3141 and main--
2015-11-13 10:49:34 [INFO] [Multiverse-Core] Loading World & Settings - 'world' - Env: NORMAL - Type: FLAT & seed: -4315406086328175024
2015-11-13 10:49:34 [INFO] [Multiverse-Core] Loading World & Settings - 'world_nether' - Env: NETHER - Type: FLAT & seed: -4315406086328175024
2015-11-13 10:49:34 [INFO] [Multiverse-Core] Loading World & Settings - 'world_the_end' - Env: THE_END - Type: FLAT & seed: -4315406086328175024
2015-11-13 10:49:34 [INFO] [Multiverse-Core] Loading World & Settings - 'plotworld' - Env: NORMAL - Type: NORMAL & seed: 1483843031056246239 & generator: PlotMe
2015-11-13 10:49:39 [INFO] [Multiverse-Core] Loading World & Settings - 'eventos' - Env: NORMAL - Type: FLAT & seed: -4711516305468634534
2015-11-13 10:49:42 [INFO] [Multiverse-Core] 5 - World(s) loaded.
2015-11-13 11:31:09 [INFO] [Multiverse-Core] - Version 2.4-b527 (API v14) Enabled - By Rigby, fernferret, lithium3141 and main--
2015-11-13 11:31:10 [INFO] [Multiverse-Core] Loading World & Settings - 'world' - Env: NORMAL - Type: FLAT & seed: -4315406086328175024
2015-11-13 11:31:11 [INFO] [Multiverse-Core] Loading World & Settings - 'world_nether' - Env: NETHER - Type: FLAT & seed: -4315406086328175024
2015-11-13 11:31:12 [INFO] [Multiverse-Core] Loading World & Settings - 'world_the_end' - Env: THE_END - Type: FLAT & seed: -4315406086328175024
2015-11-13 11:31:12 [INFO] [Multiverse-Core] Loading World & Settings - 'plotworld' - Env: NORMAL - Type: NORMAL & seed: 1483843031056246239 & generator: PlotMe
2015-11-13 11:31:13 [INFO] [Multiverse-Core] Loading World & Settings - 'eventos' - Env: NORMAL - Type: FLAT & seed: -4711516305468634534
2015-11-13 11:31:13 [INFO] [Multiverse-Core] 5 - World(s) loaded.
2015-11-13 17:26:24 [INFO] [Multiverse-Core] - Version 2.4-b527 (API v14) Enabled - By Rigby, fernferret, lithium3141 and main--
2015-11-13 17:26:25 [INFO] [Multiverse-Core] Loading World & Settings - 'world' - Env: NORMAL - Type: FLAT & seed: -4315406086328175024
2015-11-13 17:26:25 [INFO] [Multiverse-Core] Loading World & Settings - 'world_nether' - Env: NETHER - Type: FLAT & seed: -4315406086328175024
2015-11-13 17:26:25 [INFO] [Multiverse-Core] Loading World & Settings - 'world_the_end' - Env: THE_END - Type: FLAT & seed: -4315406086328175024
2015-11-13 17:26:25 [INFO] [Multiverse-Core] Loading World & Settings - 'plotworld' - Env: NORMAL - Type: NORMAL & seed: 1483843031056246239 & generator: PlotMe
2015-11-13 17:26:25 [INFO] [Multiverse-Core] Loading World & Settings - 'eventos' - Env: NORMAL - Type: FLAT & seed: -4711516305468634534
2015-11-13 17:26:26 [INFO] [Multiverse-Core] 5 - World(s) loaded.
2015-11-13 18:59:24 [INFO] [Multiverse-Core] - Version 2.4-b527 (API v14) Enabled - By Rigby, fernferret, lithium3141 and main--
2015-11-13 18:59:24 [INFO] [Multiverse-Core] Loading World & Settings - 'world' - Env: NORMAL - Type: FLAT & seed: -4315406086328175024
2015-11-13 18:59:24 [INFO] [Multiverse-Core] Loading World & Settings - 'world_nether' - Env: NETHER - Type: FLAT & seed: -4315406086328175024
2015-11-13 18:59:24 [INFO] [Multiverse-Core] Loading World & Settings - 'world_the_end' - Env: THE_END - Type: FLAT & seed: -4315406086328175024
2015-11-13 18:59:24 [INFO] [Multiverse-Core] Loading World & Settings - 'plotworld' - Env: NORMAL - Type: NORMAL & seed: 1483843031056246239 & generator: PlotMe
2015-11-13 18:59:25 [INFO] [Multiverse-Core] Loading World & Settings - 'eventos' - Env: NORMAL - Type: FLAT & seed: -4711516305468634534
2015-11-13 18:59:26 [INFO] [Multiverse-Core] 5 - World(s) loaded.
2015-11-13 19:09:55 [INFO] [Multiverse-Core] - Version 2.4-b527 (API v14) Enabled - By Rigby, fernferret, lithium3141 and main--
2015-11-13 19:09:56 [INFO] [Multiverse-Core] Loading World & Settings - 'world' - Env: NORMAL - Type: FLAT & seed: -4315406086328175024
2015-11-13 19:09:56 [INFO] [Multiverse-Core] Loading World & Settings - 'world_nether' - Env: NETHER - Type: FLAT & seed: -4315406086328175024
2015-11-13 19:09:56 [INFO] [Multiverse-Core] Loading World & Settings - 'world_the_end' - Env: THE_END - Type: FLAT & seed: -4315406086328175024
2015-11-13 19:09:56 [INFO] [Multiverse-Core] Loading World & Settings - 'plotworld' - Env: NORMAL - Type: NORMAL & seed: 1483843031056246239 & generator: PlotMe
2015-11-13 19:09:56 [INFO] [Multiverse-Core] Loading World & Settings - 'eventos' - Env: NORMAL - Type: FLAT & seed: -4711516305468634534
2015-11-13 19:09:57 [INFO] [Multiverse-Core] 5 - World(s) loaded.
2015-11-13 19:11:50 [INFO] [Multiverse-Core] - Version 2.4-b527 (API v14) Enabled - By Rigby, fernferret, lithium3141 and main--
2015-11-13 19:11:51 [INFO] [Multiverse-Core] Loading World & Settings - 'world' - Env: NORMAL - Type: FLAT & seed: -4315406086328175024
2015-11-13 19:11:51 [INFO] [Multiverse-Core] Loading World & Settings - 'world_nether' - Env: NETHER - Type: FLAT & seed: -4315406086328175024
2015-11-13 19:11:51 [INFO] [Multiverse-Core] Loading World & Settings - 'world_the_end' - Env: THE_END - Type: FLAT & seed: -4315406086328175024
2015-11-13 19:11:51 [INFO] [Multiverse-Core] Loading World & Settings - 'plotworld' - Env: NORMAL - Type: NORMAL & seed: 1483843031056246239 & generator: PlotMe
2015-11-13 19:11:52 [INFO] [Multiverse-Core] Loading World & Settings - 'eventos' - Env: NORMAL - Type: FLAT & seed: -4711516305468634534
2015-11-13 19:11:53 [INFO] [Multiverse-Core] 5 - World(s) loaded.
2015-11-13 20:16:44 [INFO] [Multiverse-Core] - Version 2.4-b527 (API v14) Enabled - By Rigby, fernferret, lithium3141 and main--
2015-11-13 20:16:44 [INFO] [Multiverse-Core] Loading World & Settings - 'world' - Env: NORMAL - Type: FLAT & seed: -4315406086328175024
2015-11-13 20:16:44 [INFO] [Multiverse-Core] Loading World & Settings - 'world_nether' - Env: NETHER - Type: FLAT & seed: -4315406086328175024
2015-11-13 20:16:44 [INFO] [Multiverse-Core] Loading World & Settings - 'world_the_end' - Env: THE_END - Type: FLAT & seed: -4315406086328175024
2015-11-13 20:16:44 [INFO] [Multiverse-Core] Loading World & Settings - 'plotworld' - Env: NORMAL - Type: NORMAL & seed: 1483843031056246239 & generator: PlotMe
2015-11-13 20:16:45 [INFO] [Multiverse-Core] Loading World & Settings - 'eventos' - Env: NORMAL - Type: FLAT & seed: -4711516305468634534
2015-11-13 20:16:46 [INFO] [Multiverse-Core] 5 - World(s) loaded.
2015-11-13 21:37:54 [INFO] [Multiverse-Core] - Version 2.4-b527 (API v14) Enabled - By Rigby, fernferret, lithium3141 and main--
2015-11-13 21:37:55 [INFO] [Multiverse-Core] Loading World & Settings - 'world' - Env: NORMAL - Type: FLAT & seed: -4315406086328175024
2015-11-13 21:37:55 [INFO] [Multiverse-Core] Loading World & Settings - 'world_nether' - Env: NETHER - Type: FLAT & seed: -4315406086328175024
2015-11-13 21:37:55 [INFO] [Multiverse-Core] Loading World & Settings - 'world_the_end' - Env: THE_END - Type: FLAT & seed: -4315406086328175024
2015-11-13 21:37:55 [INFO] [Multiverse-Core] Loading World & Settings - 'plotworld' - Env: NORMAL - Type: NORMAL & seed: 1483843031056246239 & generator: PlotMe
2015-11-13 21:37:56 [INFO] [Multiverse-Core] Loading World & Settings - 'eventos' - Env: NORMAL - Type: FLAT & seed: -4711516305468634534
2015-11-13 21:37:56 [INFO] [Multiverse-Core] 5 - World(s) loaded.
2015-11-13 21:51:04 [INFO] [Multiverse-Core] - Version 2.4-b527 (API v14) Enabled - By Rigby, fernferret, lithium3141 and main--
2015-11-13 21:51:08 [INFO] [Multiverse-Core] Loading World & Settings - 'world' - Env: NORMAL - Type: FLAT & seed: -4315406086328175024
2015-11-13 21:51:08 [INFO] [Multiverse-Core] Loading World & Settings - 'world_nether' - Env: NETHER - Type: FLAT & seed: -4315406086328175024
2015-11-13 21:51:09 [INFO] [Multiverse-Core] Loading World & Settings - 'world_the_end' - Env: THE_END - Type: FLAT & seed: -4315406086328175024
2015-11-13 21:51:10 [INFO] [Multiverse-Core] Loading World & Settings - 'plotworld' - Env: NORMAL - Type: NORMAL & seed: 1483843031056246239 & generator: PlotMe
2015-11-13 21:51:10 [INFO] [Multiverse-Core] Loading World & Settings - 'eventos' - Env: NORMAL - Type: FLAT & seed: -4711516305468634534
2015-11-13 21:51:11 [INFO] [Multiverse-Core] 5 - World(s) loaded.
2015-11-14 00:05:33 [INFO] [Multiverse-Core] - Version 2.4-b527 (API v14) Enabled - By Rigby, fernferret, lithium3141 and main--
2015-11-14 00:05:33 [INFO] [Multiverse-Core] Loading World & Settings - 'world' - Env: NORMAL - Type: FLAT & seed: -4315406086328175024
2015-11-14 00:05:33 [INFO] [Multiverse-Core] Loading World & Settings - 'world_nether' - Env: NETHER - Type: FLAT & seed: -4315406086328175024
2015-11-14 00:05:33 [INFO] [Multiverse-Core] Loading World & Settings - 'world_the_end' - Env: THE_END - Type: FLAT & seed: -4315406086328175024
2015-11-14 00:05:33 [INFO] [Multiverse-Core] Loading World & Settings - 'plotworld' - Env: NORMAL - Type: NORMAL & seed: 1483843031056246239 & generator: PlotMe
2015-11-14 00:05:34 [INFO] [Multiverse-Core] Loading World & Settings - 'eventos' - Env: NORMAL - Type: FLAT & seed: -4711516305468634534
2015-11-14 00:05:35 [INFO] [Multiverse-Core] 5 - World(s) loaded.
2015-11-14 08:30:59 [INFO] [Multiverse-Core] - Version 2.4-b527 (API v14) Enabled - By Rigby, fernferret, lithium3141 and main--
2015-11-14 08:30:59 [INFO] [Multiverse-Core] Loading World & Settings - 'world' - Env: NORMAL - Type: FLAT & seed: -4315406086328175024
2015-11-14 08:30:59 [INFO] [Multiverse-Core] Loading World & Settings - 'world_nether' - Env: NETHER - Type: FLAT & seed: -4315406086328175024
2015-11-14 08:31:00 [INFO] [Multiverse-Core] Loading World & Settings - 'world_the_end' - Env: THE_END - Type: FLAT & seed: -4315406086328175024
2015-11-14 08:31:00 [INFO] [Multiverse-Core] Loading World & Settings - 'plotworld' - Env: NORMAL - Type: NORMAL & seed: 1483843031056246239 & generator: PlotMe
2015-11-14 08:31:02 [INFO] [Multiverse-Core] Loading World & Settings - 'eventos' - Env: NORMAL - Type: FLAT & seed: -4711516305468634534
2015-11-14 08:31:05 [INFO] [Multiverse-Core] 5 - World(s) loaded.
2015-11-14 09:55:25 [INFO] [Multiverse-Core] - Version 2.4-b527 (API v14) Enabled - By Rigby, fernferret, lithium3141 and main--
2015-11-14 09:55:28 [INFO] [Multiverse-Core] Loading World & Settings - 'world' - Env: NORMAL - Type: FLAT & seed: -4315406086328175024
2015-11-14 09:55:29 [INFO] [Multiverse-Core] Loading World & Settings - 'world_nether' - Env: NETHER - Type: FLAT & seed: -4315406086328175024
2015-11-14 09:55:30 [INFO] [Multiverse-Core] Loading World & Settings - 'world_the_end' - Env: THE_END - Type: FLAT & seed: -4315406086328175024
2015-11-14 09:55:31 [INFO] [Multiverse-Core] Loading World & Settings - 'plotworld' - Env: NORMAL - Type: NORMAL & seed: 1483843031056246239 & generator: PlotMe
2015-11-14 09:55:31 [INFO] [Multiverse-Core] Loading World & Settings - 'eventos' - Env: NORMAL - Type: FLAT & seed: -4711516305468634534
2015-11-14 09:55:32 [INFO] [Multiverse-Core] 5 - World(s) loaded.
2015-11-14 10:23:22 [INFO] [Multiverse-Core] - Version 2.4-b527 (API v14) Enabled - By Rigby, fernferret, lithium3141 and main--
2015-11-14 10:23:23 [INFO] [Multiverse-Core] Loading World & Settings - 'world' - Env: NORMAL - Type: FLAT & seed: -4315406086328175024
2015-11-14 10:23:23 [INFO] [Multiverse-Core] Loading World & Settings - 'world_nether' - Env: NETHER - Type: FLAT & seed: -4315406086328175024
2015-11-14 10:23:23 [INFO] [Multiverse-Core] Loading World & Settings - 'world_the_end' - Env: THE_END - Type: FLAT & seed: -4315406086328175024
2015-11-14 10:23:23 [INFO] [Multiverse-Core] Loading World & Settings - 'plotworld' - Env: NORMAL - Type: NORMAL & seed: 1483843031056246239 & generator: PlotMe
2015-11-14 10:23:24 [INFO] [Multiverse-Core] Loading World & Settings - 'eventos' - Env: NORMAL - Type: FLAT & seed: -4711516305468634534
2015-11-14 10:23:25 [INFO] [Multiverse-Core] 5 - World(s) loaded.
2015-11-14 10:30:51 [INFO] [Multiverse-Core] - Version 2.4-b527 (API v14) Enabled - By Rigby, fernferret, lithium3141 and main--
2015-11-14 10:30:54 [INFO] [Multiverse-Core] Loading World & Settings - 'world' - Env: NORMAL - Type: FLAT & seed: -4315406086328175024
2015-11-14 10:30:54 [INFO] [Multiverse-Core] Loading World & Settings - 'world_nether' - Env: NETHER - Type: FLAT & seed: -4315406086328175024
2015-11-14 10:30:55 [INFO] [Multiverse-Core] Loading World & Settings - 'world_the_end' - Env: THE_END - Type: FLAT & seed: -4315406086328175024
2015-11-14 10:30:55 [INFO] [Multiverse-Core] Loading World & Settings - 'plotworld' - Env: NORMAL - Type: NORMAL & seed: 1483843031056246239 & generator: PlotMe
2015-11-14 10:30:56 [INFO] [Multiverse-Core] Loading World & Settings - 'eventos' - Env: NORMAL - Type: FLAT & seed: -4711516305468634534
2015-11-14 10:30:56 [INFO] [Multiverse-Core] 5 - World(s) loaded.
2015-11-16 11:01:05 [INFO] [Multiverse-Core] - Version 2.4-b527 (API v14) Enabled - By Rigby, fernferret, lithium3141 and main--
2015-11-16 11:01:06 [INFO] [Multiverse-Core] Loading World & Settings - 'world' - Env: NORMAL - Type: FLAT & seed: -4315406086328175024
2015-11-16 11:01:06 [INFO] [Multiverse-Core] Loading World & Settings - 'world_nether' - Env: NETHER - Type: FLAT & seed: -4315406086328175024
2015-11-16 11:01:06 [INFO] [Multiverse-Core] Loading World & Settings - 'world_the_end' - Env: THE_END - Type: FLAT & seed: -4315406086328175024
2015-11-16 11:01:06 [INFO] [Multiverse-Core] Loading World & Settings - 'plotworld' - Env: NORMAL - Type: NORMAL & seed: 1483843031056246239 & generator: PlotMe
2015-11-16 11:01:09 [INFO] [Multiverse-Core] Loading World & Settings - 'eventos' - Env: NORMAL - Type: FLAT & seed: -4711516305468634534
2015-11-16 11:01:11 [INFO] [Multiverse-Core] 5 - World(s) loaded.
2015-11-16 11:13:46 [INFO] [Multiverse-Core] - Version 2.4-b527 (API v14) Enabled - By Rigby, fernferret, lithium3141 and main--
2015-11-16 11:13:47 [INFO] [Multiverse-Core] Loading World & Settings - 'world' - Env: NORMAL - Type: FLAT & seed: -4315406086328175024
2015-11-16 11:13:47 [INFO] [Multiverse-Core] Loading World & Settings - 'world_nether' - Env: NETHER - Type: FLAT & seed: -4315406086328175024
2015-11-16 11:13:47 [INFO] [Multiverse-Core] Loading World & Settings - 'world_the_end' - Env: THE_END - Type: FLAT & seed: -4315406086328175024
2015-11-16 11:13:47 [INFO] [Multiverse-Core] Loading World & Settings - 'plotworld' - Env: NORMAL - Type: NORMAL & seed: 1483843031056246239 & generator: PlotMe
2015-11-16 11:13:48 [INFO] [Multiverse-Core] Loading World & Settings - 'eventos' - Env: NORMAL - Type: FLAT & seed: -4711516305468634534
2015-11-16 11:13:49 [INFO] [Multiverse-Core] 5 - World(s) loaded.
2015-11-16 11:22:23 [INFO] [Multiverse-Core] - Version 2.4-b527 (API v14) Enabled - By Rigby, fernferret, lithium3141 and main--
2015-11-16 11:22:24 [INFO] [Multiverse-Core] Loading World & Settings - 'world' - Env: NORMAL - Type: FLAT & seed: -4315406086328175024
2015-11-16 11:22:24 [INFO] [Multiverse-Core] Loading World & Settings - 'world_nether' - Env: NETHER - Type: FLAT & seed: -4315406086328175024
2015-11-16 11:22:25 [INFO] [Multiverse-Core] Loading World & Settings - 'world_the_end' - Env: THE_END - Type: FLAT & seed: -4315406086328175024
2015-11-16 11:22:25 [INFO] [Multiverse-Core] Loading World & Settings - 'plotworld' - Env: NORMAL - Type: NORMAL & seed: 1483843031056246239 & generator: PlotMe
2015-11-16 11:22:26 [INFO] [Multiverse-Core] Loading World & Settings - 'eventos' - Env: NORMAL - Type: FLAT & seed: -4711516305468634534
2015-11-16 11:22:27 [INFO] [Multiverse-Core] 5 - World(s) loaded.
2015-11-16 11:27:10 [INFO] [Multiverse-Core] - Version 2.4-b527 (API v14) Enabled - By Rigby, fernferret, lithium3141 and main--
2015-11-16 11:27:11 [INFO] [Multiverse-Core] Loading World & Settings - 'world' - Env: NORMAL - Type: FLAT & seed: -4315406086328175024
2015-11-16 11:27:11 [INFO] [Multiverse-Core] Loading World & Settings - 'world_nether' - Env: NETHER - Type: FLAT & seed: -4315406086328175024
2015-11-16 11:27:11 [INFO] [Multiverse-Core] Loading World & Settings - 'world_the_end' - Env: THE_END - Type: FLAT & seed: -4315406086328175024
2015-11-16 11:27:11 [INFO] [Multiverse-Core] Loading World & Settings - 'plotworld' - Env: NORMAL - Type: NORMAL & seed: 1483843031056246239 & generator: PlotMe
2015-11-16 11:27:12 [INFO] [Multiverse-Core] Loading World & Settings - 'eventos' - Env: NORMAL - Type: FLAT & seed: -4711516305468634534
2015-11-16 11:27:13 [INFO] [Multiverse-Core] 5 - World(s) loaded.
2015-11-16 11:33:45 [INFO] [Multiverse-Core] - Version 2.4-b527 (API v14) Enabled - By Rigby, fernferret, lithium3141 and main--
2015-11-16 11:33:46 [INFO] [Multiverse-Core] Loading World & Settings - 'world' - Env: NORMAL - Type: FLAT & seed: -4315406086328175024
2015-11-16 11:33:46 [INFO] [Multiverse-Core] Loading World & Settings - 'world_nether' - Env: NETHER - Type: FLAT & seed: -4315406086328175024
2015-11-16 11:33:46 [INFO] [Multiverse-Core] Loading World & Settings - 'world_the_end' - Env: THE_END - Type: FLAT & seed: -4315406086328175024
2015-11-16 11:33:46 [INFO] [Multiverse-Core] Loading World & Settings - 'plotworld' - Env: NORMAL - Type: NORMAL & seed: 1483843031056246239 & generator: PlotMe
2015-11-16 11:33:46 [INFO] [Multiverse-Core] Loading World & Settings - 'eventos' - Env: NORMAL - Type: FLAT & seed: -4711516305468634534
2015-11-16 11:33:47 [INFO] [Multiverse-Core] 5 - World(s) loaded.
2015-11-16 11:35:45 [INFO] [Multiverse-Core] - Version 2.4-b527 (API v14) Enabled - By Rigby, fernferret, lithium3141 and main--
2015-11-16 11:35:45 [INFO] [Multiverse-Core] Loading World & Settings - 'world' - Env: NORMAL - Type: FLAT & seed: -4315406086328175024
2015-11-16 11:35:45 [INFO] [Multiverse-Core] Loading World & Settings - 'world_nether' - Env: NETHER - Type: FLAT & seed: -4315406086328175024
2015-11-16 11:35:45 [INFO] [Multiverse-Core] Loading World & Settings - 'world_the_end' - Env: THE_END - Type: FLAT & seed: -4315406086328175024
2015-11-16 11:35:45 [INFO] [Multiverse-Core] Loading World & Settings - 'plotworld' - Env: NORMAL - Type: NORMAL & seed: 1483843031056246239 & generator: PlotMe
2015-11-16 11:35:46 [INFO] [Multiverse-Core] Loading World & Settings - 'eventos' - Env: NORMAL - Type: FLAT & seed: -4711516305468634534
2015-11-16 11:35:47 [INFO] [Multiverse-Core] 5 - World(s) loaded.
2015-11-16 11:42:58 [INFO] [Multiverse-Core] - Version 2.4-b527 (API v14) Enabled - By Rigby, fernferret, lithium3141 and main--
2015-11-16 11:42:59 [INFO] [Multiverse-Core] Loading World & Settings - 'world' - Env: NORMAL - Type: FLAT & seed: -4315406086328175024
2015-11-16 11:42:59 [INFO] [Multiverse-Core] Loading World & Settings - 'world_nether' - Env: NETHER - Type: FLAT & seed: -4315406086328175024
2015-11-16 11:42:59 [INFO] [Multiverse-Core] Loading World & Settings - 'world_the_end' - Env: THE_END - Type: FLAT & seed: -4315406086328175024
2015-11-16 11:42:59 [INFO] [Multiverse-Core] Loading World & Settings - 'plotworld' - Env: NORMAL - Type: NORMAL & seed: 1483843031056246239 & generator: PlotMe
2015-11-16 11:43:00 [INFO] [Multiverse-Core] Loading World & Settings - 'eventos' - Env: NORMAL - Type: FLAT & seed: -4711516305468634534
2015-11-16 11:43:01 [INFO] [Multiverse-Core] 5 - World(s) loaded.
2015-11-16 16:38:39 [INFO] [Multiverse-Core] - Version 2.4-b527 (API v14) Enabled - By Rigby, fernferret, lithium3141 and main--
2015-11-16 16:38:40 [INFO] [Multiverse-Core] Loading World & Settings - 'world' - Env: NORMAL - Type: FLAT & seed: -4315406086328175024
2015-11-16 16:38:40 [INFO] [Multiverse-Core] Loading World & Settings - 'world_nether' - Env: NETHER - Type: FLAT & seed: -4315406086328175024
2015-11-16 16:38:40 [INFO] [Multiverse-Core] Loading World & Settings - 'world_the_end' - Env: THE_END - Type: FLAT & seed: -4315406086328175024
2015-11-16 16:38:40 [INFO] [Multiverse-Core] Loading World & Settings - 'plotworld' - Env: NORMAL - Type: NORMAL & seed: 1483843031056246239 & generator: PlotMe
2015-11-16 16:38:40 [INFO] [Multiverse-Core] Loading World & Settings - 'eventos' - Env: NORMAL - Type: FLAT & seed: -4711516305468634534
2015-11-16 16:38:41 [INFO] [Multiverse-Core] 5 - World(s) loaded.
2015-11-16 16:41:57 [INFO] [Multiverse-Core] - Version 2.4-b527 (API v14) Enabled - By Rigby, fernferret, lithium3141 and main--
2015-11-16 16:41:58 [INFO] [Multiverse-Core] Loading World & Settings - 'world' - Env: NORMAL - Type: FLAT & seed: -4315406086328175024
2015-11-16 16:41:58 [INFO] [Multiverse-Core] Loading World & Settings - 'world_nether' - Env: NETHER - Type: FLAT & seed: -4315406086328175024
2015-11-16 16:41:58 [INFO] [Multiverse-Core] Loading World & Settings - 'world_the_end' - Env: THE_END - Type: FLAT & seed: -4315406086328175024
2015-11-16 16:41:58 [INFO] [Multiverse-Core] Loading World & Settings - 'plotworld' - Env: NORMAL - Type: NORMAL & seed: 1483843031056246239 & generator: PlotMe
2015-11-16 16:41:59 [INFO] [Multiverse-Core] Loading World & Settings - 'eventos' - Env: NORMAL - Type: FLAT & seed: -4711516305468634534
2015-11-16 16:42:00 [INFO] [Multiverse-Core] 5 - World(s) loaded.
2015-11-16 16:49:01 [INFO] [Multiverse-Core] - Version 2.4-b527 (API v14) Enabled - By Rigby, fernferret, lithium3141 and main--
2015-11-16 16:49:01 [INFO] [Multiverse-Core] Loading World & Settings - 'world' - Env: NORMAL - Type: FLAT & seed: -4315406086328175024
2015-11-16 16:49:01 [INFO] [Multiverse-Core] Loading World & Settings - 'world_nether' - Env: NETHER - Type: FLAT & seed: -4315406086328175024
2015-11-16 16:49:01 [INFO] [Multiverse-Core] Loading World & Settings - 'world_the_end' - Env: THE_END - Type: FLAT & seed: -4315406086328175024
2015-11-16 16:49:01 [INFO] [Multiverse-Core] Loading World & Settings - 'plotworld' - Env: NORMAL - Type: NORMAL & seed: 1483843031056246239 & generator: PlotMe
2015-11-16 16:49:02 [INFO] [Multiverse-Core] Loading World & Settings - 'eventos' - Env: NORMAL - Type: FLAT & seed: -4711516305468634534
2015-11-16 16:49:03 [INFO] [Multiverse-Core] 5 - World(s) loaded.
2015-11-16 16:51:25 [INFO] [Multiverse-Core] - Version 2.4-b527 (API v14) Enabled - By Rigby, fernferret, lithium3141 and main--
2015-11-16 16:51:25 [INFO] [Multiverse-Core] Loading World & Settings - 'world' - Env: NORMAL - Type: FLAT & seed: -4315406086328175024
2015-11-16 16:51:26 [INFO] [Multiverse-Core] Loading World & Settings - 'world_nether' - Env: NETHER - Type: FLAT & seed: -4315406086328175024
2015-11-16 16:51:26 [INFO] [Multiverse-Core] Loading World & Settings - 'world_the_end' - Env: THE_END - Type: FLAT & seed: -4315406086328175024
2015-11-16 16:51:26 [INFO] [Multiverse-Core] Loading World & Settings - 'plotworld' - Env: NORMAL - Type: NORMAL & seed: 1483843031056246239 & generator: PlotMe
2015-11-16 16:51:27 [INFO] [Multiverse-Core] Loading World & Settings - 'eventos' - Env: NORMAL - Type: FLAT & seed: -4711516305468634534
2015-11-16 16:51:29 [INFO] [Multiverse-Core] 5 - World(s) loaded.
2015-11-16 16:56:37 [INFO] [Multiverse-Core] - Version 2.4-b527 (API v14) Enabled - By Rigby, fernferret, lithium3141 and main--
2015-11-16 16:56:37 [INFO] [Multiverse-Core] Loading World & Settings - 'world' - Env: NORMAL - Type: FLAT & seed: -4315406086328175024
2015-11-16 16:56:37 [INFO] [Multiverse-Core] Loading World & Settings - 'world_nether' - Env: NETHER - Type: FLAT & seed: -4315406086328175024
2015-11-16 16:56:37 [INFO] [Multiverse-Core] Loading World & Settings - 'world_the_end' - Env: THE_END - Type: FLAT & seed: -4315406086328175024
2015-11-16 16:56:37 [INFO] [Multiverse-Core] Loading World & Settings - 'plotworld' - Env: NORMAL - Type: NORMAL & seed: 1483843031056246239 & generator: PlotMe
2015-11-16 16:56:38 [INFO] [Multiverse-Core] Loading World & Settings - 'eventos' - Env: NORMAL - Type: FLAT & seed: -4711516305468634534
2015-11-16 16:56:39 [INFO] [Multiverse-Core] 5 - World(s) loaded.
2015-11-16 17:00:33 [INFO] [Multiverse-Core] - Version 2.4-b527 (API v14) Enabled - By Rigby, fernferret, lithium3141 and main--
2015-11-16 17:00:34 [INFO] [Multiverse-Core] Loading World & Settings - 'world' - Env: NORMAL - Type: FLAT & seed: -4315406086328175024
2015-11-16 17:00:34 [INFO] [Multiverse-Core] Loading World & Settings - 'world_nether' - Env: NETHER - Type: FLAT & seed: -4315406086328175024
2015-11-16 17:00:34 [INFO] [Multiverse-Core] Loading World & Settings - 'world_the_end' - Env: THE_END - Type: FLAT & seed: -4315406086328175024
2015-11-16 17:00:34 [INFO] [Multiverse-Core] Loading World & Settings - 'plotworld' - Env: NORMAL - Type: NORMAL & seed: 1483843031056246239 & generator: PlotMe
2015-11-16 17:00:34 [INFO] [Multiverse-Core] Loading World & Settings - 'eventos' - Env: NORMAL - Type: FLAT & seed: -4711516305468634534
2015-11-16 17:00:35 [INFO] [Multiverse-Core] 5 - World(s) loaded.
2015-11-16 17:04:38 [INFO] [Multiverse-Core] - Version 2.4-b527 (API v14) Enabled - By Rigby, fernferret, lithium3141 and main--
2015-11-16 17:04:39 [INFO] [Multiverse-Core] Loading World & Settings - 'world' - Env: NORMAL - Type: FLAT & seed: -4315406086328175024
2015-11-16 17:04:39 [INFO] [Multiverse-Core] Loading World & Settings - 'world_nether' - Env: NETHER - Type: FLAT & seed: -4315406086328175024
2015-11-16 17:04:39 [INFO] [Multiverse-Core] Loading World & Settings - 'world_the_end' - Env: THE_END - Type: FLAT & seed: -4315406086328175024
2015-11-16 17:04:39 [INFO] [Multiverse-Core] Loading World & Settings - 'plotworld' - Env: NORMAL - Type: NORMAL & seed: 1483843031056246239 & generator: PlotMe
2015-11-16 17:04:40 [INFO] [Multiverse-Core] Loading World & Settings - 'eventos' - Env: NORMAL - Type: FLAT & seed: -4711516305468634534
2015-11-16 17:04:40 [INFO] [Multiverse-Core] 5 - World(s) loaded.
2015-11-16 17:28:05 [INFO] [Multiverse-Core] - Version 2.4-b527 (API v14) Enabled - By Rigby, fernferret, lithium3141 and main--
2015-11-16 17:28:06 [INFO] [Multiverse-Core] Loading World & Settings - 'world' - Env: NORMAL - Type: FLAT & seed: -4315406086328175024
2015-11-16 17:28:06 [INFO] [Multiverse-Core] Loading World & Settings - 'world_nether' - Env: NETHER - Type: FLAT & seed: -4315406086328175024
2015-11-16 17:28:06 [INFO] [Multiverse-Core] Loading World & Settings - 'world_the_end' - Env: THE_END - Type: FLAT & seed: -4315406086328175024
2015-11-16 17:28:06 [INFO] [Multiverse-Core] Loading World & Settings - 'plotworld' - Env: NORMAL - Type: NORMAL & seed: 1483843031056246239 & generator: PlotMe
2015-11-16 17:28:07 [INFO] [Multiverse-Core] Loading World & Settings - 'eventos' - Env: NORMAL - Type: FLAT & seed: -4711516305468634534
2015-11-16 17:28:07 [INFO] [Multiverse-Core] 5 - World(s) loaded.
2015-11-16 17:45:40 [INFO] [Multiverse-Core] - Version 2.4-b527 (API v14) Enabled - By Rigby, fernferret, lithium3141 and main--
2015-11-16 17:45:41 [INFO] [Multiverse-Core] Loading World & Settings - 'world' - Env: NORMAL - Type: FLAT & seed: -4315406086328175024
2015-11-16 17:45:41 [INFO] [Multiverse-Core] Loading World & Settings - 'world_nether' - Env: NETHER - Type: FLAT & seed: -4315406086328175024
2015-11-16 17:45:41 [INFO] [Multiverse-Core] Loading World & Settings - 'world_the_end' - Env: THE_END - Type: FLAT & seed: -4315406086328175024
2015-11-16 17:45:41 [INFO] [Multiverse-Core] Loading World & Settings - 'plotworld' - Env: NORMAL - Type: NORMAL & seed: 1483843031056246239 & generator: PlotMe
2015-11-16 17:45:41 [INFO] [Multiverse-Core] Loading World & Settings - 'eventos' - Env: NORMAL - Type: FLAT & seed: -4711516305468634534
2015-11-16 17:45:42 [INFO] [Multiverse-Core] 5 - World(s) loaded.
2015-11-16 17:48:41 [INFO] [Multiverse-Core] - Version 2.4-b527 (API v14) Enabled - By Rigby, fernferret, lithium3141 and main--
2015-11-16 17:48:41 [INFO] [Multiverse-Core] Loading World & Settings - 'world' - Env: NORMAL - Type: FLAT & seed: -4315406086328175024
2015-11-16 17:48:42 [INFO] [Multiverse-Core] Loading World & Settings - 'world_nether' - Env: NETHER - Type: FLAT & seed: -4315406086328175024
2015-11-16 17:48:42 [INFO] [Multiverse-Core] Loading World & Settings - 'world_the_end' - Env: THE_END - Type: FLAT & seed: -4315406086328175024
2015-11-16 17:48:42 [INFO] [Multiverse-Core] Loading World & Settings - 'plotworld' - Env: NORMAL - Type: NORMAL & seed: 1483843031056246239 & generator: PlotMe
2015-11-16 17:48:42 [INFO] [Multiverse-Core] Loading World & Settings - 'eventos' - Env: NORMAL - Type: FLAT & seed: -4711516305468634534
2015-11-16 17:48:43 [INFO] [Multiverse-Core] 5 - World(s) loaded.
2015-11-16 17:54:11 [INFO] [Multiverse-Core] - Version 2.4-b527 (API v14) Enabled - By Rigby, fernferret, lithium3141 and main--
2015-11-16 17:54:12 [INFO] [Multiverse-Core] Loading World & Settings - 'world' - Env: NORMAL - Type: FLAT & seed: -4315406086328175024
2015-11-16 17:54:12 [INFO] [Multiverse-Core] Loading World & Settings - 'world_nether' - Env: NETHER - Type: FLAT & seed: -4315406086328175024
2015-11-16 17:54:12 [INFO] [Multiverse-Core] Loading World & Settings - 'world_the_end' - Env: THE_END - Type: FLAT & seed: -4315406086328175024
2015-11-16 17:54:12 [INFO] [Multiverse-Core] Loading World & Settings - 'plotworld' - Env: NORMAL - Type: NORMAL & seed: 1483843031056246239 & generator: PlotMe
2015-11-16 17:54:13 [INFO] [Multiverse-Core] Loading World & Settings - 'eventos' - Env: NORMAL - Type: FLAT & seed: -4711516305468634534
2015-11-16 17:54:14 [INFO] [Multiverse-Core] 5 - World(s) loaded.
2015-11-16 18:13:54 [INFO] [Multiverse-Core] - Version 2.4-b527 (API v14) Enabled - By Rigby, fernferret, lithium3141 and main--
2015-11-16 18:13:55 [INFO] [Multiverse-Core] Loading World & Settings - 'world' - Env: NORMAL - Type: FLAT & seed: -4315406086328175024
2015-11-16 18:13:55 [INFO] [Multiverse-Core] Loading World & Settings - 'world_nether' - Env: NETHER - Type: FLAT & seed: -4315406086328175024
2015-11-16 18:13:55 [INFO] [Multiverse-Core] Loading World & Settings - 'world_the_end' - Env: THE_END - Type: FLAT & seed: -4315406086328175024
2015-11-16 18:13:55 [INFO] [Multiverse-Core] Loading World & Settings - 'plotworld' - Env: NORMAL - Type: NORMAL & seed: 1483843031056246239 & generator: PlotMe
2015-11-16 18:13:55 [INFO] [Multiverse-Core] Loading World & Settings - 'eventos' - Env: NORMAL - Type: FLAT & seed: -4711516305468634534
2015-11-16 18:13:56 [INFO] [Multiverse-Core] 5 - World(s) loaded.
2015-11-16 18:39:27 [INFO] [Multiverse-Core] - Version 2.4-b527 (API v14) Enabled - By Rigby, fernferret, lithium3141 and main--
2015-11-16 18:39:27 [INFO] [Multiverse-Core] Loading World & Settings - 'world' - Env: NORMAL - Type: FLAT & seed: -4315406086328175024
2015-11-16 18:39:27 [INFO] [Multiverse-Core] Loading World & Settings - 'world_nether' - Env: NETHER - Type: FLAT & seed: -4315406086328175024
2015-11-16 18:39:27 [INFO] [Multiverse-Core] Loading World & Settings - 'world_the_end' - Env: THE_END - Type: FLAT & seed: -4315406086328175024
2015-11-16 18:39:27 [INFO] [Multiverse-Core] Loading World & Settings - 'plotworld' - Env: NORMAL - Type: NORMAL & seed: 1483843031056246239 & generator: PlotMe
2015-11-16 18:39:28 [INFO] [Multiverse-Core] Loading World & Settings - 'eventos' - Env: NORMAL - Type: FLAT & seed: -4711516305468634534
2015-11-16 18:39:29 [INFO] [Multiverse-Core] 5 - World(s) loaded.
2015-11-16 18:41:29 [INFO] [Multiverse-Core] - Version 2.4-b527 (API v14) Enabled - By Rigby, fernferret, lithium3141 and main--
2015-11-16 18:41:30 [INFO] [Multiverse-Core] Loading World & Settings - 'world' - Env: NORMAL - Type: FLAT & seed: -4315406086328175024
2015-11-16 18:41:30 [INFO] [Multiverse-Core] Loading World & Settings - 'world_nether' - Env: NETHER - Type: FLAT & seed: -4315406086328175024
2015-11-16 18:41:30 [INFO] [Multiverse-Core] Loading World & Settings - 'world_the_end' - Env: THE_END - Type: FLAT & seed: -4315406086328175024
2015-11-16 18:41:30 [INFO] [Multiverse-Core] Loading World & Settings - 'plotworld' - Env: NORMAL - Type: NORMAL & seed: 1483843031056246239 & generator: PlotMe
2015-11-16 18:41:30 [INFO] [Multiverse-Core] Loading World & Settings - 'eventos' - Env: NORMAL - Type: FLAT & seed: -4711516305468634534
2015-11-16 18:41:31 [INFO] [Multiverse-Core] 5 - World(s) loaded.
2015-11-16 19:13:39 [INFO] [Multiverse-Core] - Version 2.4-b527 (API v14) Enabled - By Rigby, fernferret, lithium3141 and main--
2015-11-16 19:13:40 [INFO] [Multiverse-Core] Loading World & Settings - 'world' - Env: NORMAL - Type: FLAT & seed: -4315406086328175024
2015-11-16 19:13:40 [INFO] [Multiverse-Core] Loading World & Settings - 'world_nether' - Env: NETHER - Type: FLAT & seed: -4315406086328175024
2015-11-16 19:13:40 [INFO] [Multiverse-Core] Loading World & Settings - 'world_the_end' - Env: THE_END - Type: FLAT & seed: -4315406086328175024
2015-11-16 19:13:40 [INFO] [Multiverse-Core] Loading World & Settings - 'plotworld' - Env: NORMAL - Type: NORMAL & seed: 1483843031056246239 & generator: PlotMe
2015-11-16 19:13:41 [INFO] [Multiverse-Core] Loading World & Settings - 'eventos' - Env: NORMAL - Type: FLAT & seed: -4711516305468634534
2015-11-16 19:13:42 [INFO] [Multiverse-Core] 5 - World(s) loaded.
2015-11-16 19:37:47 [INFO] [Multiverse-Core] - Version 2.4-b527 (API v14) Enabled - By Rigby, fernferret, lithium3141 and main--
2015-11-16 19:37:48 [INFO] [Multiverse-Core] Loading World & Settings - 'world' - Env: NORMAL - Type: FLAT & seed: -4315406086328175024
2015-11-16 19:37:48 [INFO] [Multiverse-Core] Loading World & Settings - 'world_nether' - Env: NETHER - Type: FLAT & seed: -4315406086328175024
2015-11-16 19:37:48 [INFO] [Multiverse-Core] Loading World & Settings - 'world_the_end' - Env: THE_END - Type: FLAT & seed: -4315406086328175024
2015-11-16 19:37:48 [INFO] [Multiverse-Core] Loading World & Settings - 'plotworld' - Env: NORMAL - Type: NORMAL & seed: 1483843031056246239 & generator: PlotMe
2015-11-16 19:37:48 [INFO] [Multiverse-Core] Loading World & Settings - 'eventos' - Env: NORMAL - Type: FLAT & seed: -4711516305468634534
2015-11-16 19:37:50 [INFO] [Multiverse-Core] 5 - World(s) loaded.
2015-11-16 20:48:03 [INFO] [Multiverse-Core] - Version 2.4-b527 (API v14) Enabled - By Rigby, fernferret, lithium3141 and main--
2015-11-16 20:48:03 [INFO] [Multiverse-Core] Loading World & Settings - 'world' - Env: NORMAL - Type: FLAT & seed: -4315406086328175024
2015-11-16 20:48:03 [INFO] [Multiverse-Core] Loading World & Settings - 'world_nether' - Env: NETHER - Type: FLAT & seed: -4315406086328175024
2015-11-16 20:48:03 [INFO] [Multiverse-Core] Loading World & Settings - 'world_the_end' - Env: THE_END - Type: FLAT & seed: -4315406086328175024
2015-11-16 20:48:03 [INFO] [Multiverse-Core] Loading World & Settings - 'plotworld' - Env: NORMAL - Type: NORMAL & seed: 1483843031056246239 & generator: PlotMe
2015-11-16 20:48:04 [INFO] [Multiverse-Core] Loading World & Settings - 'eventos' - Env: NORMAL - Type: FLAT & seed: -4711516305468634534
2015-11-16 20:48:05 [INFO] [Multiverse-Core] 5 - World(s) loaded.
2015-11-17 14:50:37 [INFO] [Multiverse-Core] - Version 2.4-b527 (API v14) Enabled - By Rigby, fernferret, lithium3141 and main--
2015-11-17 14:50:38 [INFO] [Multiverse-Core] Loading World & Settings - 'world' - Env: NORMAL - Type: FLAT & seed: -4315406086328175024
2015-11-17 14:50:38 [INFO] [Multiverse-Core] Loading World & Settings - 'world_nether' - Env: NETHER - Type: FLAT & seed: -4315406086328175024
2015-11-17 14:50:38 [INFO] [Multiverse-Core] Loading World & Settings - 'world_the_end' - Env: THE_END - Type: FLAT & seed: -4315406086328175024
2015-11-17 14:50:38 [INFO] [Multiverse-Core] Loading World & Settings - 'plotworld' - Env: NORMAL - Type: NORMAL & seed: 1483843031056246239 & generator: PlotMe
2015-11-17 14:50:38 [INFO] [Multiverse-Core] Loading World & Settings - 'eventos' - Env: NORMAL - Type: FLAT & seed: -4711516305468634534
2015-11-17 14:50:40 [INFO] [Multiverse-Core] 5 - World(s) loaded.
2015-11-17 15:02:12 [INFO] [Multiverse-Core] - Version 2.4-b527 (API v14) Enabled - By Rigby, fernferret, lithium3141 and main--
2015-11-17 15:02:13 [INFO] [Multiverse-Core] Loading World & Settings - 'world' - Env: NORMAL - Type: FLAT & seed: -4315406086328175024
2015-11-17 15:02:13 [INFO] [Multiverse-Core] Loading World & Settings - 'world_nether' - Env: NETHER - Type: FLAT & seed: -4315406086328175024
2015-11-17 15:02:13 [INFO] [Multiverse-Core] Loading World & Settings - 'world_the_end' - Env: THE_END - Type: FLAT & seed: -4315406086328175024
2015-11-17 15:02:13 [INFO] [Multiverse-Core] Loading World & Settings - 'plotworld' - Env: NORMAL - Type: NORMAL & seed: 1483843031056246239 & generator: PlotMe
2015-11-17 15:02:13 [INFO] [Multiverse-Core] Loading World & Settings - 'eventos' - Env: NORMAL - Type: FLAT & seed: -4711516305468634534
2015-11-17 15:02:14 [INFO] [Multiverse-Core] 5 - World(s) loaded.
2015-11-17 15:33:26 [INFO] [Multiverse-Core] - Version 2.4-b527 (API v14) Enabled - By Rigby, fernferret, lithium3141 and main--
2015-11-17 15:33:27 [INFO] [Multiverse-Core] Loading World & Settings - 'world' - Env: NORMAL - Type: FLAT & seed: -4315406086328175024
2015-11-17 15:33:27 [INFO] [Multiverse-Core] Loading World & Settings - 'world_nether' - Env: NETHER - Type: FLAT & seed: -4315406086328175024
2015-11-17 15:33:27 [INFO] [Multiverse-Core] Loading World & Settings - 'world_the_end' - Env: THE_END - Type: FLAT & seed: -4315406086328175024
2015-11-17 15:33:27 [INFO] [Multiverse-Core] Loading World & Settings - 'plotworld' - Env: NORMAL - Type: NORMAL & seed: 1483843031056246239 & generator: PlotMe
2015-11-17 15:33:28 [INFO] [Multiverse-Core] Loading World & Settings - 'eventos' - Env: NORMAL - Type: FLAT & seed: -4711516305468634534
2015-11-17 15:33:29 [INFO] [Multiverse-Core] 5 - World(s) loaded.
2015-11-17 16:05:10 [INFO] [Multiverse-Core] - Version 2.4-b527 (API v14) Enabled - By Rigby, fernferret, lithium3141 and main--
2015-11-17 16:05:11 [INFO] [Multiverse-Core] Loading World & Settings - 'world' - Env: NORMAL - Type: FLAT & seed: -4315406086328175024
2015-11-17 16:05:11 [INFO] [Multiverse-Core] Loading World & Settings - 'world_nether' - Env: NETHER - Type: FLAT & seed: -4315406086328175024
2015-11-17 16:05:11 [INFO] [Multiverse-Core] Loading World & Settings - 'world_the_end' - Env: THE_END - Type: FLAT & seed: -4315406086328175024
2015-11-17 16:05:11 [INFO] [Multiverse-Core] Loading World & Settings - 'plotworld' - Env: NORMAL - Type: NORMAL & seed: 1483843031056246239 & generator: PlotMe
2015-11-17 16:05:12 [INFO] [Multiverse-Core] Loading World & Settings - 'eventos' - Env: NORMAL - Type: FLAT & seed: -4711516305468634534
2015-11-17 16:05:13 [INFO] [Multiverse-Core] 5 - World(s) loaded.
2015-11-17 16:27:37 [INFO] [Multiverse-Core] - Version 2.4-b527 (API v14) Enabled - By Rigby, fernferret, lithium3141 and main--
2015-11-17 16:27:38 [INFO] [Multiverse-Core] Loading World & Settings - 'world' - Env: NORMAL - Type: FLAT & seed: -4315406086328175024
2015-11-17 16:27:38 [INFO] [Multiverse-Core] Loading World & Settings - 'world_nether' - Env: NETHER - Type: FLAT & seed: -4315406086328175024
2015-11-17 16:27:38 [INFO] [Multiverse-Core] Loading World & Settings - 'world_the_end' - Env: THE_END - Type: FLAT & seed: -4315406086328175024
2015-11-17 16:27:38 [INFO] [Multiverse-Core] Loading World & Settings - 'plotworld' - Env: NORMAL - Type: NORMAL & seed: 1483843031056246239 & generator: PlotMe
2015-11-17 16:27:39 [INFO] [Multiverse-Core] Loading World & Settings - 'eventos' - Env: NORMAL - Type: FLAT & seed: -4711516305468634534
2015-11-17 16:27:40 [INFO] [Multiverse-Core] 5 - World(s) loaded.
2015-11-17 17:11:40 [INFO] [Multiverse-Core] - Version 2.4-b527 (API v14) Enabled - By Rigby, fernferret, lithium3141 and main--
2015-11-17 17:11:41 [INFO] [Multiverse-Core] Loading World & Settings - 'world' - Env: NORMAL - Type: FLAT & seed: -4315406086328175024
2015-11-17 17:11:42 [INFO] [Multiverse-Core] Loading World & Settings - 'world_nether' - Env: NETHER - Type: FLAT & seed: -4315406086328175024
2015-11-17 17:11:42 [INFO] [Multiverse-Core] Loading World & Settings - 'world_the_end' - Env: THE_END - Type: FLAT & seed: -4315406086328175024
2015-11-17 17:11:42 [INFO] [Multiverse-Core] Loading World & Settings - 'plotworld' - Env: NORMAL - Type: NORMAL & seed: 1483843031056246239 & generator: PlotMe
2015-11-17 17:11:42 [INFO] [Multiverse-Core] Loading World & Settings - 'eventos' - Env: NORMAL - Type: FLAT & seed: -4711516305468634534
2015-11-17 17:11:43 [INFO] [Multiverse-Core] 5 - World(s) loaded.
2015-11-17 17:16:32 [INFO] [Multiverse-Core] - Version 2.4-b527 (API v14) Enabled - By Rigby, fernferret, lithium3141 and main--
2015-11-17 17:16:33 [INFO] [Multiverse-Core] Loading World & Settings - 'world' - Env: NORMAL - Type: FLAT & seed: -4315406086328175024
2015-11-17 17:16:33 [INFO] [Multiverse-Core] Loading World & Settings - 'world_nether' - Env: NETHER - Type: FLAT & seed: -4315406086328175024
2015-11-17 17:16:33 [INFO] [Multiverse-Core] Loading World & Settings - 'world_the_end' - Env: THE_END - Type: FLAT & seed: -4315406086328175024
2015-11-17 17:16:33 [INFO] [Multiverse-Core] Loading World & Settings - 'plotworld' - Env: NORMAL - Type: NORMAL & seed: 1483843031056246239 & generator: PlotMe
2015-11-17 17:16:34 [INFO] [Multiverse-Core] Loading World & Settings - 'eventos' - Env: NORMAL - Type: FLAT & seed: -4711516305468634534
2015-11-17 17:16:35 [INFO] [Multiverse-Core] 5 - World(s) loaded.
2015-11-17 17:21:51 [INFO] [Multiverse-Core] - Version 2.4-b527 (API v14) Enabled - By Rigby, fernferret, lithium3141 and main--
2015-11-17 17:21:52 [INFO] [Multiverse-Core] Loading World & Settings - 'world' - Env: NORMAL - Type: FLAT & seed: -4315406086328175024
2015-11-17 17:21:52 [INFO] [Multiverse-Core] Loading World & Settings - 'world_nether' - Env: NETHER - Type: FLAT & seed: -4315406086328175024
2015-11-17 17:21:52 [INFO] [Multiverse-Core] Loading World & Settings - 'world_the_end' - Env: THE_END - Type: FLAT & seed: -4315406086328175024
2015-11-17 17:21:52 [INFO] [Multiverse-Core] Loading World & Settings - 'plotworld' - Env: NORMAL - Type: NORMAL & seed: 1483843031056246239 & generator: PlotMe
2015-11-17 17:21:53 [INFO] [Multiverse-Core] Loading World & Settings - 'eventos' - Env: NORMAL - Type: FLAT & seed: -4711516305468634534
2015-11-17 17:21:54 [INFO] [Multiverse-Core] 5 - World(s) loaded.
2015-11-17 17:41:18 [INFO] [Multiverse-Core] - Version 2.4-b527 (API v14) Enabled - By Rigby, fernferret, lithium3141 and main--
2015-11-17 17:41:19 [INFO] [Multiverse-Core] Loading World & Settings - 'world' - Env: NORMAL - Type: FLAT & seed: -4315406086328175024
2015-11-17 17:41:19 [INFO] [Multiverse-Core] Loading World & Settings - 'world_nether' - Env: NETHER - Type: FLAT & seed: -4315406086328175024
2015-11-17 17:41:19 [INFO] [Multiverse-Core] Loading World & Settings - 'world_the_end' - Env: THE_END - Type: FLAT & seed: -4315406086328175024
2015-11-17 17:41:19 [INFO] [Multiverse-Core] Loading World & Settings - 'plotworld' - Env: NORMAL - Type: NORMAL & seed: 1483843031056246239 & generator: PlotMe
2015-11-17 17:41:20 [INFO] [Multiverse-Core] Loading World & Settings - 'eventos' - Env: NORMAL - Type: FLAT & seed: -4711516305468634534
2015-11-17 17:41:21 [INFO] [Multiverse-Core] 5 - World(s) loaded.
2015-11-17 17:45:34 [INFO] [Multiverse-Core] - Version 2.4-b527 (API v14) Enabled - By Rigby, fernferret, lithium3141 and main--
2015-11-17 17:45:35 [INFO] [Multiverse-Core] Loading World & Settings - 'world' - Env: NORMAL - Type: FLAT & seed: -4315406086328175024
2015-11-17 17:45:35 [INFO] [Multiverse-Core] Loading World & Settings - 'world_nether' - Env: NETHER - Type: FLAT & seed: -4315406086328175024
2015-11-17 17:45:35 [INFO] [Multiverse-Core] Loading World & Settings - 'world_the_end' - Env: THE_END - Type: FLAT & seed: -4315406086328175024
2015-11-17 17:45:35 [INFO] [Multiverse-Core] Loading World & Settings - 'plotworld' - Env: NORMAL - Type: NORMAL & seed: 1483843031056246239 & generator: PlotMe
2015-11-17 17:45:36 [INFO] [Multiverse-Core] Loading World & Settings - 'eventos' - Env: NORMAL - Type: FLAT & seed: -4711516305468634534
2015-11-17 17:45:37 [INFO] [Multiverse-Core] 5 - World(s) loaded.
2015-11-17 19:57:46 [INFO] [Multiverse-Core] - Version 2.4-b527 (API v14) Enabled - By Rigby, fernferret, lithium3141 and main--
2015-11-17 19:57:47 [INFO] [Multiverse-Core] Loading World & Settings - 'world' - Env: NORMAL - Type: FLAT & seed: -4315406086328175024
2015-11-17 19:57:47 [INFO] [Multiverse-Core] Loading World & Settings - 'world_nether' - Env: NETHER - Type: FLAT & seed: -4315406086328175024
2015-11-17 19:57:47 [INFO] [Multiverse-Core] Loading World & Settings - 'world_the_end' - Env: THE_END - Type: FLAT & seed: -4315406086328175024
2015-11-17 19:57:47 [INFO] [Multiverse-Core] Loading World & Settings - 'plotworld' - Env: NORMAL - Type: NORMAL & seed: 1483843031056246239 & generator: PlotMe
2015-11-17 19:57:48 [INFO] [Multiverse-Core] Loading World & Settings - 'eventos' - Env: NORMAL - Type: FLAT & seed: -4711516305468634534
2015-11-17 19:57:49 [INFO] [Multiverse-Core] 5 - World(s) loaded.
2015-11-17 20:46:17 [INFO] [Multiverse-Core] - Version 2.4-b527 (API v14) Enabled - By Rigby, fernferret, lithium3141 and main--
2015-11-17 20:46:18 [INFO] [Multiverse-Core] Loading World & Settings - 'world' - Env: NORMAL - Type: FLAT & seed: -4315406086328175024
2015-11-17 20:46:18 [INFO] [Multiverse-Core] Loading World & Settings - 'world_nether' - Env: NETHER - Type: FLAT & seed: -4315406086328175024
2015-11-17 20:46:18 [INFO] [Multiverse-Core] Loading World & Settings - 'world_the_end' - Env: THE_END - Type: FLAT & seed: -4315406086328175024
2015-11-17 20:46:18 [INFO] [Multiverse-Core] Loading World & Settings - 'plotworld' - Env: NORMAL - Type: NORMAL & seed: 1483843031056246239 & generator: PlotMe
2015-11-17 20:46:19 [INFO] [Multiverse-Core] Loading World & Settings - 'eventos' - Env: NORMAL - Type: FLAT & seed: -4711516305468634534
2015-11-17 20:46:20 [INFO] [Multiverse-Core] 5 - World(s) loaded.
2015-11-17 20:53:57 [INFO] [Multiverse-Core] - Version 2.4-b527 (API v14) Enabled - By Rigby, fernferret, lithium3141 and main--
2015-11-17 20:53:58 [INFO] [Multiverse-Core] Loading World & Settings - 'world' - Env: NORMAL - Type: FLAT & seed: -4315406086328175024
2015-11-17 20:53:58 [INFO] [Multiverse-Core] Loading World & Settings - 'world_nether' - Env: NETHER - Type: FLAT & seed: -4315406086328175024
2015-11-17 20:53:58 [INFO] [Multiverse-Core] Loading World & Settings - 'world_the_end' - Env: THE_END - Type: FLAT & seed: -4315406086328175024
2015-11-17 20:53:58 [INFO] [Multiverse-Core] Loading World & Settings - 'plotworld' - Env: NORMAL - Type: NORMAL & seed: 1483843031056246239 & generator: PlotMe
2015-11-17 20:53:59 [INFO] [Multiverse-Core] Loading World & Settings - 'eventos' - Env: NORMAL - Type: FLAT & seed: -4711516305468634534
2015-11-17 20:54:01 [INFO] [Multiverse-Core] 5 - World(s) loaded.
2015-11-17 21:20:36 [INFO] [Multiverse-Core] - Version 2.4-b527 (API v14) Enabled - By Rigby, fernferret, lithium3141 and main--
2015-11-17 21:20:36 [INFO] [Multiverse-Core] Loading World & Settings - 'world' - Env: NORMAL - Type: FLAT & seed: -4315406086328175024
2015-11-17 21:20:37 [INFO] [Multiverse-Core] Loading World & Settings - 'world_nether' - Env: NETHER - Type: FLAT & seed: -4315406086328175024
2015-11-17 21:20:37 [INFO] [Multiverse-Core] Loading World & Settings - 'world_the_end' - Env: THE_END - Type: FLAT & seed: -4315406086328175024
2015-11-17 21:20:37 [INFO] [Multiverse-Core] Loading World & Settings - 'plotworld' - Env: NORMAL - Type: NORMAL & seed: 1483843031056246239 & generator: PlotMe
2015-11-17 21:20:37 [INFO] [Multiverse-Core] Loading World & Settings - 'eventos' - Env: NORMAL - Type: FLAT & seed: -4711516305468634534
2015-11-17 21:20:38 [INFO] [Multiverse-Core] 5 - World(s) loaded.
2015-11-17 21:22:58 [INFO] [Multiverse-Core] - Version 2.4-b527 (API v14) Enabled - By Rigby, fernferret, lithium3141 and main--
2015-11-17 21:22:59 [INFO] [Multiverse-Core] Loading World & Settings - 'world' - Env: NORMAL - Type: FLAT & seed: -4315406086328175024
2015-11-17 21:22:59 [INFO] [Multiverse-Core] Loading World & Settings - 'world_nether' - Env: NETHER - Type: FLAT & seed: -4315406086328175024
2015-11-17 21:22:59 [INFO] [Multiverse-Core] Loading World & Settings - 'world_the_end' - Env: THE_END - Type: FLAT & seed: -4315406086328175024
2015-11-17 21:22:59 [INFO] [Multiverse-Core] Loading World & Settings - 'plotworld' - Env: NORMAL - Type: NORMAL & seed: 1483843031056246239 & generator: PlotMe
2015-11-17 21:23:00 [INFO] [Multiverse-Core] Loading World & Settings - 'eventos' - Env: NORMAL - Type: FLAT & seed: -4711516305468634534
2015-11-17 21:23:01 [INFO] [Multiverse-Core] 5 - World(s) loaded.
2015-11-17 21:31:49 [INFO] [Multiverse-Core] - Version 2.4-b527 (API v14) Enabled - By Rigby, fernferret, lithium3141 and main--
2015-11-17 21:31:50 [INFO] [Multiverse-Core] Loading World & Settings - 'world' - Env: NORMAL - Type: FLAT & seed: -4315406086328175024
2015-11-17 21:31:50 [INFO] [Multiverse-Core] Loading World & Settings - 'world_nether' - Env: NETHER - Type: FLAT & seed: -4315406086328175024
2015-11-17 21:31:50 [INFO] [Multiverse-Core] Loading World & Settings - 'world_the_end' - Env: THE_END - Type: FLAT & seed: -4315406086328175024
2015-11-17 21:31:50 [INFO] [Multiverse-Core] Loading World & Settings - 'plotworld' - Env: NORMAL - Type: NORMAL & seed: 1483843031056246239 & generator: PlotMe
2015-11-17 21:31:51 [INFO] [Multiverse-Core] Loading World & Settings - 'eventos' - Env: NORMAL - Type: FLAT & seed: -4711516305468634534
2015-11-17 21:31:52 [INFO] [Multiverse-Core] 5 - World(s) loaded.
2015-11-17 21:33:01 [INFO] [Multiverse-Core] - Version 2.4-b527 (API v14) Enabled - By Rigby, fernferret, lithium3141 and main--
2015-11-17 21:33:01 [INFO] [Multiverse-Core] Loading World & Settings - 'world' - Env: NORMAL - Type: FLAT & seed: -4315406086328175024
2015-11-17 21:33:01 [INFO] [Multiverse-Core] Loading World & Settings - 'world_nether' - Env: NETHER - Type: FLAT & seed: -4315406086328175024
2015-11-17 21:33:01 [INFO] [Multiverse-Core] Loading World & Settings - 'world_the_end' - Env: THE_END - Type: FLAT & seed: -4315406086328175024
2015-11-17 21:33:01 [INFO] [Multiverse-Core] Loading World & Settings - 'plotworld' - Env: NORMAL - Type: NORMAL & seed: 1483843031056246239 & generator: PlotMe
2015-11-17 21:33:02 [INFO] [Multiverse-Core] Loading World & Settings - 'eventos' - Env: NORMAL - Type: FLAT & seed: -4711516305468634534
2015-11-17 21:33:03 [INFO] [Multiverse-Core] 5 - World(s) loaded.
2015-11-17 22:19:24 [INFO] [Multiverse-Core] - Version 2.4-b527 (API v14) Enabled - By Rigby, fernferret, lithium3141 and main--
2015-11-17 22:19:25 [INFO] [Multiverse-Core] Loading World & Settings - 'world' - Env: NORMAL - Type: FLAT & seed: -4315406086328175024
2015-11-17 22:19:25 [INFO] [Multiverse-Core] Loading World & Settings - 'world_nether' - Env: NETHER - Type: FLAT & seed: -4315406086328175024
2015-11-17 22:19:25 [INFO] [Multiverse-Core] Loading World & Settings - 'world_the_end' - Env: THE_END - Type: FLAT & seed: -4315406086328175024
2015-11-17 22:19:25 [INFO] [Multiverse-Core] Loading World & Settings - 'plotworld' - Env: NORMAL - Type: NORMAL & seed: 1483843031056246239 & generator: PlotMe
2015-11-17 22:19:26 [INFO] [Multiverse-Core] Loading World & Settings - 'eventos' - Env: NORMAL - Type: FLAT & seed: -4711516305468634534
2015-11-17 22:19:27 [INFO] [Multiverse-Core] 5 - World(s) loaded.
2015-11-17 22:28:25 [INFO] [Multiverse-Core] - Version 2.4-b527 (API v14) Enabled - By Rigby, fernferret, lithium3141 and main--
2015-11-17 22:28:26 [INFO] [Multiverse-Core] Loading World & Settings - 'world' - Env: NORMAL - Type: FLAT & seed: -4315406086328175024
2015-11-17 22:28:26 [INFO] [Multiverse-Core] Loading World & Settings - 'world_nether' - Env: NETHER - Type: FLAT & seed: -4315406086328175024
2015-11-17 22:28:26 [INFO] [Multiverse-Core] Loading World & Settings - 'world_the_end' - Env: THE_END - Type: FLAT & seed: -4315406086328175024
2015-11-17 22:28:26 [INFO] [Multiverse-Core] Loading World & Settings - 'plotworld' - Env: NORMAL - Type: NORMAL & seed: 1483843031056246239 & generator: PlotMe
2015-11-17 22:28:27 [INFO] [Multiverse-Core] Loading World & Settings - 'eventos' - Env: NORMAL - Type: FLAT & seed: -4711516305468634534
2015-11-17 22:28:29 [INFO] [Multiverse-Core] 5 - World(s) loaded.
2015-11-18 09:19:08 [INFO] [Multiverse-Core] - Version 2.4-b527 (API v14) Enabled - By Rigby, fernferret, lithium3141 and main--
2015-11-18 09:19:08 [INFO] [Multiverse-Core] Loading World & Settings - 'world' - Env: NORMAL - Type: FLAT & seed: -4315406086328175024
2015-11-18 09:19:08 [INFO] [Multiverse-Core] Loading World & Settings - 'world_nether' - Env: NETHER - Type: FLAT & seed: -4315406086328175024
2015-11-18 09:19:08 [INFO] [Multiverse-Core] Loading World & Settings - 'world_the_end' - Env: THE_END - Type: FLAT & seed: -4315406086328175024
2015-11-18 09:19:08 [INFO] [Multiverse-Core] Loading World & Settings - 'plotworld' - Env: NORMAL - Type: NORMAL & seed: 1483843031056246239 & generator: PlotMe
2015-11-18 09:19:13 [INFO] [Multiverse-Core] Loading World & Settings - 'eventos' - Env: NORMAL - Type: FLAT & seed: -4711516305468634534
2015-11-18 09:19:15 [INFO] [Multiverse-Core] 5 - World(s) loaded.
2015-11-18 22:29:03 [INFO] [Multiverse-Core] - Version 2.4-b527 (API v14) Enabled - By Rigby, fernferret, lithium3141 and main--
2015-11-18 22:29:03 [INFO] [Multiverse-Core] Loading World & Settings - 'world' - Env: NORMAL - Type: FLAT & seed: -4315406086328175024
2015-11-18 22:29:03 [INFO] [Multiverse-Core] Loading World & Settings - 'world_nether' - Env: NETHER - Type: FLAT & seed: -4315406086328175024
2015-11-18 22:29:03 [INFO] [Multiverse-Core] Loading World & Settings - 'world_the_end' - Env: THE_END - Type: FLAT & seed: -4315406086328175024
2015-11-18 22:29:03 [INFO] [Multiverse-Core] Loading World & Settings - 'plotworld' - Env: NORMAL - Type: NORMAL & seed: 1483843031056246239 & generator: PlotMe
2015-11-18 22:29:04 [INFO] [Multiverse-Core] Loading World & Settings - 'eventos' - Env: NORMAL - Type: FLAT & seed: -4711516305468634534
2015-11-18 22:29:05 [INFO] [Multiverse-Core] 5 - World(s) loaded.
2015-11-19 09:19:49 [INFO] [Multiverse-Core] - Version 2.4-b527 (API v14) Enabled - By Rigby, fernferret, lithium3141 and main--
2015-11-19 09:19:50 [INFO] [Multiverse-Core] Loading World & Settings - 'world' - Env: NORMAL - Type: FLAT & seed: -4315406086328175024
2015-11-19 09:19:50 [INFO] [Multiverse-Core] Loading World & Settings - 'world_nether' - Env: NETHER - Type: FLAT & seed: -4315406086328175024
2015-11-19 09:19:50 [INFO] [Multiverse-Core] Loading World & Settings - 'world_the_end' - Env: THE_END - Type: FLAT & seed: -4315406086328175024
2015-11-19 09:19:50 [INFO] [Multiverse-Core] Loading World & Settings - 'plotworld' - Env: NORMAL - Type: NORMAL & seed: 1483843031056246239 & generator: PlotMe
2015-11-19 09:19:51 [INFO] [Multiverse-Core] Loading World & Settings - 'eventos' - Env: NORMAL - Type: FLAT & seed: -4711516305468634534
2015-11-19 09:19:52 [INFO] [Multiverse-Core] 5 - World(s) loaded.
2015-11-19 12:44:56 [INFO] [Multiverse-Core] - Version 2.4-b527 (API v14) Enabled - By Rigby, fernferret, lithium3141 and main--
2015-11-19 12:44:57 [INFO] [Multiverse-Core] Loading World & Settings - 'world' - Env: NORMAL - Type: FLAT & seed: -4315406086328175024
2015-11-19 12:44:57 [INFO] [Multiverse-Core] Loading World & Settings - 'world_nether' - Env: NETHER - Type: FLAT & seed: -4315406086328175024
2015-11-19 12:44:57 [INFO] [Multiverse-Core] Loading World & Settings - 'world_the_end' - Env: THE_END - Type: FLAT & seed: -4315406086328175024
2015-11-19 12:44:57 [INFO] [Multiverse-Core] Loading World & Settings - 'plotworld' - Env: NORMAL - Type: NORMAL & seed: 1483843031056246239 & generator: PlotMe
2015-11-19 12:44:58 [INFO] [Multiverse-Core] Loading World & Settings - 'eventos' - Env: NORMAL - Type: FLAT & seed: -4711516305468634534
2015-11-19 12:44:59 [INFO] [Multiverse-Core] 5 - World(s) loaded.
2015-11-19 20:58:27 [INFO] [Multiverse-Core] - Version 2.4-b527 (API v14) Enabled - By Rigby, fernferret, lithium3141 and main--
2015-11-19 20:58:28 [INFO] [Multiverse-Core] Loading World & Settings - 'world' - Env: NORMAL - Type: FLAT & seed: -4315406086328175024
2015-11-19 20:58:28 [INFO] [Multiverse-Core] Loading World & Settings - 'world_nether' - Env: NETHER - Type: FLAT & seed: -4315406086328175024
2015-11-19 20:58:28 [INFO] [Multiverse-Core] Loading World & Settings - 'world_the_end' - Env: THE_END - Type: FLAT & seed: -4315406086328175024
2015-11-19 20:58:28 [INFO] [Multiverse-Core] Loading World & Settings - 'plotworld' - Env: NORMAL - Type: NORMAL & seed: 1483843031056246239 & generator: PlotMe
2015-11-19 20:58:30 [INFO] [Multiverse-Core] Loading World & Settings - 'eventos' - Env: NORMAL - Type: FLAT & seed: -4711516305468634534
2015-11-19 20:58:32 [INFO] [Multiverse-Core] 5 - World(s) loaded.
2015-11-20 13:34:37 [INFO] [Multiverse-Core] - Version 2.4-b527 (API v14) Enabled - By Rigby, fernferret, lithium3141 and main--
2015-11-20 13:34:38 [INFO] [Multiverse-Core] Loading World & Settings - 'world' - Env: NORMAL - Type: FLAT & seed: -4315406086328175024
2015-11-20 13:34:38 [INFO] [Multiverse-Core] Loading World & Settings - 'world_nether' - Env: NETHER - Type: FLAT & seed: -4315406086328175024
2015-11-20 13:34:38 [INFO] [Multiverse-Core] Loading World & Settings - 'world_the_end' - Env: THE_END - Type: FLAT & seed: -4315406086328175024
2015-11-20 13:34:38 [INFO] [Multiverse-Core] Loading World & Settings - 'plotworld' - Env: NORMAL - Type: NORMAL & seed: 1483843031056246239 & generator: PlotMe
2015-11-20 13:34:39 [INFO] [Multiverse-Core] Loading World & Settings - 'eventos' - Env: NORMAL - Type: FLAT & seed: -4711516305468634534
2015-11-20 13:34:41 [INFO] [Multiverse-Core] 5 - World(s) loaded.
2015-11-21 09:06:34 [INFO] [Multiverse-Core] - Version 2.4-b527 (API v14) Enabled - By Rigby, fernferret, lithium3141 and main--
2015-11-21 09:06:34 [INFO] [Multiverse-Core] Loading World & Settings - 'world' - Env: NORMAL - Type: FLAT & seed: -4315406086328175024
2015-11-21 09:06:34 [INFO] [Multiverse-Core] Loading World & Settings - 'world_nether' - Env: NETHER - Type: FLAT & seed: -4315406086328175024
2015-11-21 09:06:40 [INFO] [Multiverse-Core] Loading World & Settings - 'world_the_end' - Env: THE_END - Type: FLAT & seed: -4315406086328175024
2015-11-21 09:06:43 [INFO] [Multiverse-Core] Loading World & Settings - 'plotworld' - Env: NORMAL - Type: NORMAL & seed: 1483843031056246239 & generator: PlotMe
2015-11-21 09:06:44 [INFO] [Multiverse-Core] Loading World & Settings - 'eventos' - Env: NORMAL - Type: FLAT & seed: -4711516305468634534
2015-11-21 09:06:46 [INFO] [Multiverse-Core] 5 - World(s) loaded.
2015-11-21 12:07:01 [INFO] [Multiverse-Core] - Version 2.4-b527 (API v14) Enabled - By Rigby, fernferret, lithium3141 and main--
2015-11-21 12:07:01 [INFO] [Multiverse-Core] Loading World & Settings - 'world' - Env: NORMAL - Type: FLAT & seed: -4315406086328175024
2015-11-21 12:07:01 [INFO] [Multiverse-Core] Loading World & Settings - 'world_nether' - Env: NETHER - Type: FLAT & seed: -4315406086328175024
2015-11-21 12:07:02 [INFO] [Multiverse-Core] Loading World & Settings - 'world_the_end' - Env: THE_END - Type: FLAT & seed: -4315406086328175024
2015-11-21 12:07:03 [INFO] [Multiverse-Core] Loading World & Settings - 'plotworld' - Env: NORMAL - Type: NORMAL & seed: 1483843031056246239 & generator: PlotMe
2015-11-21 12:07:03 [INFO] [Multiverse-Core] Loading World & Settings - 'eventos' - Env: NORMAL - Type: FLAT & seed: -4711516305468634534
2015-11-21 12:07:05 [INFO] [Multiverse-Core] 5 - World(s) loaded.
2015-11-21 12:41:05 [INFO] [Multiverse-Core] - Version 2.4-b527 (API v14) Enabled - By Rigby, fernferret, lithium3141 and main--
2015-11-21 12:41:05 [INFO] [Multiverse-Core] Loading World & Settings - 'world' - Env: NORMAL - Type: FLAT & seed: -4315406086328175024
2015-11-21 12:41:05 [INFO] [Multiverse-Core] Loading World & Settings - 'world_nether' - Env: NETHER - Type: FLAT & seed: -4315406086328175024
2015-11-21 12:41:06 [INFO] [Multiverse-Core] Loading World & Settings - 'world_the_end' - Env: THE_END - Type: FLAT & seed: -4315406086328175024
2015-11-21 12:41:07 [INFO] [Multiverse-Core] Loading World & Settings - 'plotworld' - Env: NORMAL - Type: NORMAL & seed: 1483843031056246239 & generator: PlotMe
2015-11-21 12:41:07 [INFO] [Multiverse-Core] Loading World & Settings - 'eventos' - Env: NORMAL - Type: FLAT & seed: -4711516305468634534
2015-11-21 12:41:08 [INFO] [Multiverse-Core] 5 - World(s) loaded.
2015-11-21 15:23:05 [INFO] [Multiverse-Core] - Version 2.4-b527 (API v14) Enabled - By Rigby, fernferret, lithium3141 and main--
2015-11-21 15:23:05 [INFO] [Multiverse-Core] Loading World & Settings - 'world' - Env: NORMAL - Type: FLAT & seed: -4315406086328175024
2015-11-21 15:23:05 [INFO] [Multiverse-Core] Loading World & Settings - 'world_nether' - Env: NETHER - Type: FLAT & seed: -4315406086328175024
2015-11-21 15:23:08 [INFO] [Multiverse-Core] Loading World & Settings - 'world_the_end' - Env: THE_END - Type: FLAT & seed: -4315406086328175024
2015-11-21 15:23:09 [INFO] [Multiverse-Core] Loading World & Settings - 'plotworld' - Env: NORMAL - Type: NORMAL & seed: 1483843031056246239 & generator: PlotMe
2015-11-21 15:23:10 [INFO] [Multiverse-Core] Loading World & Settings - 'eventos' - Env: NORMAL - Type: FLAT & seed: -4711516305468634534
2015-11-21 15:23:11 [INFO] [Multiverse-Core] 5 - World(s) loaded.
2015-11-21 15:26:38 [INFO] [Multiverse-Core] - Version 2.4-b527 (API v14) Enabled - By Rigby, fernferret, lithium3141 and main--
2015-11-21 15:26:39 [INFO] [Multiverse-Core] Loading World & Settings - 'world' - Env: NORMAL - Type: FLAT & seed: -4315406086328175024
2015-11-21 15:26:39 [INFO] [Multiverse-Core] Loading World & Settings - 'world_nether' - Env: NETHER - Type: FLAT & seed: -4315406086328175024
2015-11-21 15:26:39 [INFO] [Multiverse-Core] Loading World & Settings - 'world_the_end' - Env: THE_END - Type: FLAT & seed: -4315406086328175024
2015-11-21 15:26:40 [INFO] [Multiverse-Core] Loading World & Settings - 'plotworld' - Env: NORMAL - Type: NORMAL & seed: 1483843031056246239 & generator: PlotMe
2015-11-21 15:26:40 [INFO] [Multiverse-Core] Loading World & Settings - 'eventos' - Env: NORMAL - Type: FLAT & seed: -4711516305468634534
2015-11-21 15:26:41 [INFO] [Multiverse-Core] 5 - World(s) loaded.
2015-11-22 05:08:56 [INFO] [Multiverse-Core] - Version 2.4-b527 (API v14) Enabled - By Rigby, fernferret, lithium3141 and main--
2015-11-22 05:08:57 [INFO] [Multiverse-Core] Loading World & Settings - 'world' - Env: NORMAL - Type: FLAT & seed: -4315406086328175024
2015-11-22 05:08:57 [INFO] [Multiverse-Core] Loading World & Settings - 'world_nether' - Env: NETHER - Type: FLAT & seed: -4315406086328175024
2015-11-22 05:08:59 [INFO] [Multiverse-Core] Loading World & Settings - 'world_the_end' - Env: THE_END - Type: FLAT & seed: -4315406086328175024
2015-11-22 05:09:00 [INFO] [Multiverse-Core] Loading World & Settings - 'plotworld' - Env: NORMAL - Type: NORMAL & seed: 1483843031056246239 & generator: PlotMe
2015-11-22 05:09:01 [INFO] [Multiverse-Core] Loading World & Settings - 'eventos' - Env: NORMAL - Type: FLAT & seed: -4711516305468634534
2015-11-22 05:09:02 [INFO] [Multiverse-Core] 5 - World(s) loaded.
2015-11-22 05:11:26 [INFO] [Multiverse-Core] - Version 2.4-b527 (API v14) Enabled - By Rigby, fernferret, lithium3141 and main--
2015-11-22 05:11:27 [INFO] [Multiverse-Core] Loading World & Settings - 'world' - Env: NORMAL - Type: FLAT & seed: -4315406086328175024
2015-11-22 05:11:27 [INFO] [Multiverse-Core] Loading World & Settings - 'world_nether' - Env: NETHER - Type: FLAT & seed: -4315406086328175024
2015-11-22 05:11:28 [INFO] [Multiverse-Core] Loading World & Settings - 'world_the_end' - Env: THE_END - Type: FLAT & seed: -4315406086328175024
2015-11-22 05:11:29 [INFO] [Multiverse-Core] Loading World & Settings - 'plotworld' - Env: NORMAL - Type: NORMAL & seed: 1483843031056246239 & generator: PlotMe
2015-11-22 05:11:29 [INFO] [Multiverse-Core] Loading World & Settings - 'eventos' - Env: NORMAL - Type: FLAT & seed: -4711516305468634534
2015-11-22 05:11:30 [INFO] [Multiverse-Core] 5 - World(s) loaded.
2015-11-22 05:21:47 [INFO] [Multiverse-Core] - Version 2.4-b527 (API v14) Enabled - By Rigby, fernferret, lithium3141 and main--
2015-11-22 05:21:48 [INFO] [Multiverse-Core] Loading World & Settings - 'world' - Env: NORMAL - Type: FLAT & seed: -4315406086328175024
2015-11-22 05:21:48 [INFO] [Multiverse-Core] Loading World & Settings - 'world_nether' - Env: NETHER - Type: FLAT & seed: -4315406086328175024
2015-11-22 05:21:48 [INFO] [Multiverse-Core] Loading World & Settings - 'world_the_end' - Env: THE_END - Type: FLAT & seed: -4315406086328175024
2015-11-22 05:21:49 [INFO] [Multiverse-Core] Loading World & Settings - 'plotworld' - Env: NORMAL - Type: NORMAL & seed: 1483843031056246239 & generator: PlotMe
2015-11-22 05:21:49 [INFO] [Multiverse-Core] Loading World & Settings - 'eventos' - Env: NORMAL - Type: FLAT & seed: -4711516305468634534
2015-11-22 05:21:50 [INFO] [Multiverse-Core] 5 - World(s) loaded.
2015-11-22 05:26:37 [INFO] [Multiverse-Core] - Version 2.4-b527 (API v14) Enabled - By Rigby, fernferret, lithium3141 and main--
2015-11-22 05:26:38 [INFO] [Multiverse-Core] Loading World & Settings - 'world' - Env: NORMAL - Type: FLAT & seed: -4315406086328175024
2015-11-22 05:26:38 [INFO] [Multiverse-Core] Loading World & Settings - 'world_nether' - Env: NETHER - Type: FLAT & seed: -4315406086328175024
2015-11-22 05:26:38 [INFO] [Multiverse-Core] Loading World & Settings - 'world_the_end' - Env: THE_END - Type: FLAT & seed: -4315406086328175024
2015-11-22 05:26:39 [INFO] [Multiverse-Core] Loading World & Settings - 'plotworld' - Env: NORMAL - Type: NORMAL & seed: 1483843031056246239 & generator: PlotMe
2015-11-22 05:26:39 [INFO] [Multiverse-Core] Loading World & Settings - 'eventos' - Env: NORMAL - Type: FLAT & seed: -4711516305468634534
2015-11-22 05:26:40 [INFO] [Multiverse-Core] 5 - World(s) loaded.
2015-11-22 05:34:30 [INFO] [Multiverse-Core] - Version 2.4-b527 (API v14) Enabled - By Rigby, fernferret, lithium3141 and main--
2015-11-22 05:34:31 [INFO] [Multiverse-Core] Loading World & Settings - 'world' - Env: NORMAL - Type: FLAT & seed: -4315406086328175024
2015-11-22 05:34:31 [INFO] [Multiverse-Core] Loading World & Settings - 'world_nether' - Env: NETHER - Type: FLAT & seed: -4315406086328175024
2015-11-22 05:34:32 [INFO] [Multiverse-Core] Loading World & Settings - 'world_the_end' - Env: THE_END - Type: FLAT & seed: -4315406086328175024
2015-11-22 05:34:32 [INFO] [Multiverse-Core] Loading World & Settings - 'plotworld' - Env: NORMAL - Type: NORMAL & seed: 1483843031056246239 & generator: PlotMe
2015-11-22 05:34:33 [INFO] [Multiverse-Core] Loading World & Settings - 'eventos' - Env: NORMAL - Type: FLAT & seed: -4711516305468634534
2015-11-22 05:34:34 [INFO] [Multiverse-Core] 5 - World(s) loaded.
2015-11-22 09:47:48 [INFO] [Multiverse-Core] - Version 2.4-b527 (API v14) Enabled - By Rigby, fernferret, lithium3141 and main--
2015-11-22 09:47:48 [INFO] [Multiverse-Core] Loading World & Settings - 'world' - Env: NORMAL - Type: FLAT & seed: -4315406086328175024
2015-11-22 09:47:48 [INFO] [Multiverse-Core] Loading World & Settings - 'world_nether' - Env: NETHER - Type: FLAT & seed: -4315406086328175024
2015-11-22 09:47:49 [INFO] [Multiverse-Core] Loading World & Settings - 'world_the_end' - Env: THE_END - Type: FLAT & seed: -4315406086328175024
2015-11-22 09:47:49 [INFO] [Multiverse-Core] Loading World & Settings - 'plotworld' - Env: NORMAL - Type: NORMAL & seed: 1483843031056246239 & generator: PlotMe
2015-11-22 09:47:50 [INFO] [Multiverse-Core] Loading World & Settings - 'eventos' - Env: NORMAL - Type: FLAT & seed: -4711516305468634534
2015-11-22 09:47:51 [INFO] [Multiverse-Core] 5 - World(s) loaded.
2015-11-22 10:41:08 [INFO] [Multiverse-Core] - Version 2.4-b527 (API v14) Enabled - By Rigby, fernferret, lithium3141 and main--
2015-11-22 10:41:11 [INFO] [Multiverse-Core] Loading World & Settings - 'world' - Env: NORMAL - Type: FLAT & seed: -4315406086328175024
2015-11-22 10:41:12 [INFO] [Multiverse-Core] Loading World & Settings - 'world_nether' - Env: NETHER - Type: FLAT & seed: -4315406086328175024
2015-11-22 10:41:13 [INFO] [Multiverse-Core] Loading World & Settings - 'world_the_end' - Env: THE_END - Type: FLAT & seed: -4315406086328175024
2015-11-22 10:41:13 [INFO] [Multiverse-Core] Loading World & Settings - 'plotworld' - Env: NORMAL - Type: NORMAL & seed: 1483843031056246239 & generator: PlotMe
2015-11-22 10:41:14 [INFO] [Multiverse-Core] Loading World & Settings - 'eventos' - Env: NORMAL - Type: FLAT & seed: -4711516305468634534
2015-11-22 10:41:14 [INFO] [Multiverse-Core] 5 - World(s) loaded.
2015-11-22 10:58:27 [INFO] [Multiverse-Core] - Version 2.4-b527 (API v14) Enabled - By Rigby, fernferret, lithium3141 and main--
2015-11-22 10:58:35 [INFO] [Multiverse-Core] Loading World & Settings - 'world' - Env: NORMAL - Type: FLAT & seed: -4315406086328175024
2015-11-22 10:58:36 [INFO] [Multiverse-Core] Loading World & Settings - 'world_nether' - Env: NETHER - Type: FLAT & seed: -4315406086328175024
2015-11-22 10:58:37 [INFO] [Multiverse-Core] Loading World & Settings - 'world_the_end' - Env: THE_END - Type: FLAT & seed: -4315406086328175024
2015-11-22 10:58:37 [INFO] [Multiverse-Core] Loading World & Settings - 'plotworld' - Env: NORMAL - Type: NORMAL & seed: 1483843031056246239 & generator: PlotMe
2015-11-22 10:58:38 [INFO] [Multiverse-Core] Loading World & Settings - 'eventos' - Env: NORMAL - Type: FLAT & seed: -4711516305468634534
2015-11-22 10:58:38 [INFO] [Multiverse-Core] 5 - World(s) loaded.
2015-11-22 11:46:56 [INFO] [Multiverse-Core] - Version 2.4-b527 (API v14) Enabled - By Rigby, fernferret, lithium3141 and main--
2015-11-22 11:46:56 [INFO] [Multiverse-Core] Loading World & Settings - 'world' - Env: NORMAL - Type: FLAT & seed: -4315406086328175024
2015-11-22 11:46:56 [INFO] [Multiverse-Core] Loading World & Settings - 'world_nether' - Env: NETHER - Type: FLAT & seed: -4315406086328175024
2015-11-22 11:46:57 [INFO] [Multiverse-Core] Loading World & Settings - 'world_the_end' - Env: THE_END - Type: FLAT & seed: -4315406086328175024
2015-11-22 11:46:58 [INFO] [Multiverse-Core] Loading World & Settings - 'plotworld' - Env: NORMAL - Type: NORMAL & seed: 1483843031056246239 & generator: PlotMe
2015-11-22 11:46:58 [INFO] [Multiverse-Core] Loading World & Settings - 'eventos' - Env: NORMAL - Type: FLAT & seed: -4711516305468634534
2015-11-22 11:46:59 [INFO] [Multiverse-Core] 5 - World(s) loaded.
2015-11-22 14:11:46 [INFO] [Multiverse-Core] - Version 2.4-b527 (API v14) Enabled - By Rigby, fernferret, lithium3141 and main--
2015-11-22 14:11:47 [INFO] [Multiverse-Core] Loading World & Settings - 'world' - Env: NORMAL - Type: FLAT & seed: -4315406086328175024
2015-11-22 14:11:47 [INFO] [Multiverse-Core] Loading World & Settings - 'world_nether' - Env: NETHER - Type: FLAT & seed: -4315406086328175024
2015-11-22 14:11:48 [INFO] [Multiverse-Core] Loading World & Settings - 'world_the_end' - Env: THE_END - Type: FLAT & seed: -4315406086328175024
2015-11-22 14:11:49 [INFO] [Multiverse-Core] Loading World & Settings - 'plotworld' - Env: NORMAL - Type: NORMAL & seed: 1483843031056246239 & generator: PlotMe
2015-11-22 14:11:49 [INFO] [Multiverse-Core] Loading World & Settings - 'eventos' - Env: NORMAL - Type: FLAT & seed: -4711516305468634534
2015-11-22 14:11:51 [INFO] [Multiverse-Core] 5 - World(s) loaded.
2015-11-22 15:07:03 [INFO] [Multiverse-Core] - Version 2.4-b527 (API v14) Enabled - By Rigby, fernferret, lithium3141 and main--
2015-11-22 15:07:04 [INFO] [Multiverse-Core] Loading World & Settings - 'world' - Env: NORMAL - Type: FLAT & seed: -4315406086328175024
2015-11-22 15:07:04 [INFO] [Multiverse-Core] Loading World & Settings - 'world_nether' - Env: NETHER - Type: FLAT & seed: -4315406086328175024
2015-11-22 15:07:05 [INFO] [Multiverse-Core] Loading World & Settings - 'world_the_end' - Env: THE_END - Type: FLAT & seed: -4315406086328175024
2015-11-22 15:07:05 [INFO] [Multiverse-Core] Loading World & Settings - 'plotworld' - Env: NORMAL - Type: NORMAL & seed: 1483843031056246239 & generator: PlotMe
2015-11-22 15:07:06 [INFO] [Multiverse-Core] Loading World & Settings - 'eventos' - Env: NORMAL - Type: FLAT & seed: -4711516305468634534
2015-11-22 15:07:07 [INFO] [Multiverse-Core] 5 - World(s) loaded.
2015-11-22 15:09:46 [INFO] [Multiverse-Core] - Version 2.4-b527 (API v14) Enabled - By Rigby, fernferret, lithium3141 and main--
2015-11-22 15:09:47 [INFO] [Multiverse-Core] Loading World & Settings - 'world' - Env: NORMAL - Type: FLAT & seed: -4315406086328175024
2015-11-22 15:09:47 [INFO] [Multiverse-Core] Loading World & Settings - 'world_nether' - Env: NETHER - Type: FLAT & seed: -4315406086328175024
2015-11-22 15:09:47 [INFO] [Multiverse-Core] Loading World & Settings - 'world_the_end' - Env: THE_END - Type: FLAT & seed: -4315406086328175024
2015-11-22 15:09:48 [INFO] [Multiverse-Core] Loading World & Settings - 'plotworld' - Env: NORMAL - Type: NORMAL & seed: 1483843031056246239 & generator: PlotMe
2015-11-22 15:09:48 [INFO] [Multiverse-Core] Loading World & Settings - 'eventos' - Env: NORMAL - Type: FLAT & seed: -4711516305468634534
2015-11-22 15:09:49 [INFO] [Multiverse-Core] 5 - World(s) loaded.
2015-11-22 15:14:05 [INFO] [Multiverse-Core] - Version 2.4-b527 (API v14) Enabled - By Rigby, fernferret, lithium3141 and main--
2015-11-22 15:14:05 [INFO] [Multiverse-Core] Loading World & Settings - 'world' - Env: NORMAL - Type: FLAT & seed: -4315406086328175024
2015-11-22 15:14:05 [INFO] [Multiverse-Core] Loading World & Settings - 'world_nether' - Env: NETHER - Type: FLAT & seed: -4315406086328175024
2015-11-22 15:14:06 [INFO] [Multiverse-Core] Loading World & Settings - 'world_the_end' - Env: THE_END - Type: FLAT & seed: -4315406086328175024
2015-11-22 15:14:06 [INFO] [Multiverse-Core] Loading World & Settings - 'plotworld' - Env: NORMAL - Type: NORMAL & seed: 1483843031056246239 & generator: PlotMe
2015-11-22 15:14:07 [INFO] [Multiverse-Core] Loading World & Settings - 'eventos' - Env: NORMAL - Type: FLAT & seed: -4711516305468634534
2015-11-22 15:14:08 [INFO] [Multiverse-Core] 5 - World(s) loaded.
2015-11-22 15:15:34 [INFO] [Multiverse-Core] - Version 2.4-b527 (API v14) Enabled - By Rigby, fernferret, lithium3141 and main--
2015-11-22 15:15:35 [INFO] [Multiverse-Core] Loading World & Settings - 'world' - Env: NORMAL - Type: FLAT & seed: -4315406086328175024
2015-11-22 15:15:35 [INFO] [Multiverse-Core] Loading World & Settings - 'world_nether' - Env: NETHER - Type: FLAT & seed: -4315406086328175024
2015-11-22 15:15:35 [INFO] [Multiverse-Core] Loading World & Settings - 'world_the_end' - Env: THE_END - Type: FLAT & seed: -4315406086328175024
2015-11-22 15:15:36 [INFO] [Multiverse-Core] Loading World & Settings - 'plotworld' - Env: NORMAL - Type: NORMAL & seed: 1483843031056246239 & generator: PlotMe
2015-11-22 15:15:36 [INFO] [Multiverse-Core] Loading World & Settings - 'eventos' - Env: NORMAL - Type: FLAT & seed: -4711516305468634534
2015-11-22 15:15:37 [INFO] [Multiverse-Core] 5 - World(s) loaded.
2015-11-22 16:00:22 [INFO] [Multiverse-Core] - Version 2.4-b527 (API v14) Enabled - By Rigby, fernferret, lithium3141 and main--
2015-11-22 16:00:22 [INFO] [Multiverse-Core] Loading World & Settings - 'world' - Env: NORMAL - Type: FLAT & seed: -4315406086328175024
2015-11-22 16:00:22 [INFO] [Multiverse-Core] Loading World & Settings - 'world_nether' - Env: NETHER - Type: FLAT & seed: -4315406086328175024
2015-11-22 16:00:23 [INFO] [Multiverse-Core] Loading World & Settings - 'world_the_end' - Env: THE_END - Type: FLAT & seed: -4315406086328175024
2015-11-22 16:00:24 [INFO] [Multiverse-Core] Loading World & Settings - 'plotworld' - Env: NORMAL - Type: NORMAL & seed: 1483843031056246239 & generator: PlotMe
2015-11-22 16:00:24 [INFO] [Multiverse-Core] Loading World & Settings - 'eventos' - Env: NORMAL - Type: FLAT & seed: -4711516305468634534
2015-11-22 16:05:01 [INFO] [Multiverse-Core] - Version 2.4-b527 (API v14) Enabled - By Rigby, fernferret, lithium3141 and main--
2015-11-22 16:05:02 [INFO] [Multiverse-Core] Loading World & Settings - 'world' - Env: NORMAL - Type: FLAT & seed: -4315406086328175024
2015-11-22 16:05:02 [INFO] [Multiverse-Core] Loading World & Settings - 'world_nether' - Env: NETHER - Type: FLAT & seed: -4315406086328175024
2015-11-22 16:05:02 [INFO] [Multiverse-Core] Loading World & Settings - 'world_the_end' - Env: THE_END - Type: FLAT & seed: -4315406086328175024
2015-11-22 16:05:03 [INFO] [Multiverse-Core] Loading World & Settings - 'plotworld' - Env: NORMAL - Type: NORMAL & seed: 1483843031056246239 & generator: PlotMe
2015-11-22 16:05:03 [INFO] [Multiverse-Core] Loading World & Settings - 'eventos' - Env: NORMAL - Type: FLAT & seed: -4711516305468634534
2015-11-22 16:05:04 [INFO] [Multiverse-Core] 5 - World(s) loaded.
2015-11-22 16:12:16 [INFO] [Multiverse-Core] - Version 2.4-b527 (API v14) Enabled - By Rigby, fernferret, lithium3141 and main--
2015-11-22 16:12:18 [INFO] [Multiverse-Core] Loading World & Settings - 'world' - Env: NORMAL - Type: FLAT & seed: -4315406086328175024
2015-11-22 16:12:19 [INFO] [Multiverse-Core] Loading World & Settings - 'world_nether' - Env: NETHER - Type: FLAT & seed: -4315406086328175024
2015-11-22 16:12:19 [INFO] [Multiverse-Core] Loading World & Settings - 'world_the_end' - Env: THE_END - Type: FLAT & seed: -4315406086328175024
2015-11-22 16:12:20 [INFO] [Multiverse-Core] Loading World & Settings - 'plotworld' - Env: NORMAL - Type: NORMAL & seed: 1483843031056246239 & generator: PlotMe
2015-11-22 16:12:20 [INFO] [Multiverse-Core] Loading World & Settings - 'eventos' - Env: NORMAL - Type: FLAT & seed: -4711516305468634534
2015-11-22 16:12:21 [INFO] [Multiverse-Core] 5 - World(s) loaded.
2015-11-22 16:19:27 [INFO] [Multiverse-Core] - Version 2.4-b527 (API v14) Enabled - By Rigby, fernferret, lithium3141 and main--
2015-11-22 16:19:35 [INFO] [Multiverse-Core] Loading World & Settings - 'world' - Env: NORMAL - Type: FLAT & seed: -4315406086328175024
2015-11-22 16:19:36 [INFO] [Multiverse-Core] Loading World & Settings - 'world_nether' - Env: NETHER - Type: FLAT & seed: -4315406086328175024
2015-11-22 16:19:37 [INFO] [Multiverse-Core] Loading World & Settings - 'world_the_end' - Env: THE_END - Type: FLAT & seed: -4315406086328175024
2015-11-22 16:19:37 [INFO] [Multiverse-Core] Loading World & Settings - 'plotworld' - Env: NORMAL - Type: NORMAL & seed: 1483843031056246239 & generator: PlotMe
2015-11-22 16:19:38 [INFO] [Multiverse-Core] Loading World & Settings - 'eventos' - Env: NORMAL - Type: FLAT & seed: -4711516305468634534
2015-11-22 16:19:38 [INFO] [Multiverse-Core] 5 - World(s) loaded.
2015-11-23 05:35:43 [INFO] [Multiverse-Core] - Version 2.4-b527 (API v14) Enabled - By Rigby, fernferret, lithium3141 and main--
2015-11-23 05:35:44 [INFO] [Multiverse-Core] Loading World & Settings - 'world' - Env: NORMAL - Type: FLAT & seed: -4315406086328175024
2015-11-23 05:35:45 [INFO] [Multiverse-Core] Loading World & Settings - 'world_nether' - Env: NETHER - Type: FLAT & seed: -4315406086328175024
2015-11-23 05:35:46 [INFO] [Multiverse-Core] Loading World & Settings - 'world_the_end' - Env: THE_END - Type: FLAT & seed: -4315406086328175024
2015-11-23 05:35:46 [INFO] [Multiverse-Core] Loading World & Settings - 'plotworld' - Env: NORMAL - Type: NORMAL & seed: 1483843031056246239 & generator: PlotMe
2015-11-23 05:35:47 [INFO] [Multiverse-Core] Loading World & Settings - 'eventos' - Env: NORMAL - Type: FLAT & seed: -4711516305468634534
2015-11-23 05:35:48 [INFO] [Multiverse-Core] 5 - World(s) loaded.
2015-11-23 09:34:26 [INFO] [Multiverse-Core] - Version 2.4-b527 (API v14) Enabled - By Rigby, fernferret, lithium3141 and main--
2015-11-23 09:34:27 [INFO] [Multiverse-Core] Loading World & Settings - 'world' - Env: NORMAL - Type: FLAT & seed: -4315406086328175024
2015-11-23 09:34:27 [INFO] [Multiverse-Core] Loading World & Settings - 'world_nether' - Env: NETHER - Type: FLAT & seed: -4315406086328175024
2015-11-23 09:34:28 [INFO] [Multiverse-Core] Loading World & Settings - 'world_the_end' - Env: THE_END - Type: FLAT & seed: -4315406086328175024
2015-11-23 09:34:31 [INFO] [Multiverse-Core] Loading World & Settings - 'plotworld' - Env: NORMAL - Type: NORMAL & seed: 1483843031056246239 & generator: PlotMe
2015-11-23 09:34:32 [INFO] [Multiverse-Core] Loading World & Settings - 'eventos' - Env: NORMAL - Type: FLAT & seed: -4711516305468634534
2015-11-23 09:34:33 [INFO] [Multiverse-Core] 5 - World(s) loaded.
2015-11-23 12:35:26 [INFO] [Multiverse-Core] - Version 2.4-b527 (API v14) Enabled - By Rigby, fernferret, lithium3141 and main--
2015-11-23 12:35:27 [INFO] [Multiverse-Core] Loading World & Settings - 'world' - Env: NORMAL - Type: FLAT & seed: -4315406086328175024
2015-11-23 12:35:27 [INFO] [Multiverse-Core] Loading World & Settings - 'world_nether' - Env: NETHER - Type: FLAT & seed: -4315406086328175024
2015-11-23 12:35:28 [INFO] [Multiverse-Core] Loading World & Settings - 'world_the_end' - Env: THE_END - Type: FLAT & seed: -4315406086328175024
2015-11-23 12:35:28 [INFO] [Multiverse-Core] Loading World & Settings - 'plotworld' - Env: NORMAL - Type: NORMAL & seed: 1483843031056246239 & generator: PlotMe
2015-11-23 12:35:29 [INFO] [Multiverse-Core] Loading World & Settings - 'eventos' - Env: NORMAL - Type: FLAT & seed: -4711516305468634534
2015-11-23 12:35:31 [INFO] [Multiverse-Core] 5 - World(s) loaded.
2015-11-23 17:00:59 [INFO] [Multiverse-Core] - Version 2.4-b527 (API v14) Enabled - By Rigby, fernferret, lithium3141 and main--
2015-11-23 17:01:00 [INFO] [Multiverse-Core] Loading World & Settings - 'world' - Env: NORMAL - Type: FLAT & seed: -4315406086328175024
2015-11-23 17:01:00 [INFO] [Multiverse-Core] Loading World & Settings - 'world_nether' - Env: NETHER - Type: FLAT & seed: -4315406086328175024
2015-11-23 17:01:01 [INFO] [Multiverse-Core] Loading World & Settings - 'world_the_end' - Env: THE_END - Type: FLAT & seed: -4315406086328175024
2015-11-23 17:01:01 [INFO] [Multiverse-Core] Loading World & Settings - 'plotworld' - Env: NORMAL - Type: NORMAL & seed: 1483843031056246239 & generator: PlotMe
2015-11-23 17:01:02 [INFO] [Multiverse-Core] Loading World & Settings - 'eventos' - Env: NORMAL - Type: FLAT & seed: -4711516305468634534
2015-11-23 17:01:02 [INFO] [Multiverse-Core] 5 - World(s) loaded.
2015-11-23 17:02:05 [INFO] [Multiverse-Core] - Version 2.4-b527 (API v14) Enabled - By Rigby, fernferret, lithium3141 and main--
2015-11-23 17:02:06 [INFO] [Multiverse-Core] Loading World & Settings - 'world' - Env: NORMAL - Type: FLAT & seed: -4315406086328175024
2015-11-23 17:02:06 [INFO] [Multiverse-Core] Loading World & Settings - 'world_nether' - Env: NETHER - Type: FLAT & seed: -4315406086328175024
2015-11-23 17:02:07 [INFO] [Multiverse-Core] Loading World & Settings - 'world_the_end' - Env: THE_END - Type: FLAT & seed: -4315406086328175024
2015-11-23 17:02:07 [INFO] [Multiverse-Core] Loading World & Settings - 'plotworld' - Env: NORMAL - Type: NORMAL & seed: 1483843031056246239 & generator: PlotMe
2015-11-23 17:02:08 [INFO] [Multiverse-Core] Loading World & Settings - 'eventos' - Env: NORMAL - Type: FLAT & seed: -4711516305468634534
2015-11-23 17:02:08 [INFO] [Multiverse-Core] 5 - World(s) loaded.
2015-11-24 08:00:16 [INFO] [Multiverse-Core] - Version 2.4-b527 (API v14) Enabled - By Rigby, fernferret, lithium3141 and main--
2015-11-24 08:00:18 [INFO] [Multiverse-Core] Loading World & Settings - 'world' - Env: NORMAL - Type: FLAT & seed: -4315406086328175024
2015-11-24 08:00:18 [INFO] [Multiverse-Core] Loading World & Settings - 'world_nether' - Env: NETHER - Type: FLAT & seed: -4315406086328175024
2015-11-24 08:00:21 [INFO] [Multiverse-Core] Loading World & Settings - 'world_the_end' - Env: THE_END - Type: FLAT & seed: -4315406086328175024
2015-11-24 08:00:25 [INFO] [Multiverse-Core] Loading World & Settings - 'plotworld' - Env: NORMAL - Type: NORMAL & seed: 1483843031056246239 & generator: PlotMe
2015-11-24 08:00:30 [INFO] [Multiverse-Core] Loading World & Settings - 'eventos' - Env: NORMAL - Type: FLAT & seed: -4711516305468634534
2015-11-24 08:00:35 [INFO] [Multiverse-Core] 5 - World(s) loaded.
2015-11-24 12:45:54 [INFO] [Multiverse-Core] - Version 2.4-b527 (API v14) Enabled - By Rigby, fernferret, lithium3141 and main--
2015-11-24 12:45:54 [INFO] [Multiverse-Core] Loading World & Settings - 'world' - Env: NORMAL - Type: FLAT & seed: -4315406086328175024
2015-11-24 12:45:54 [INFO] [Multiverse-Core] Loading World & Settings - 'world_nether' - Env: NETHER - Type: FLAT & seed: -4315406086328175024
2015-11-24 12:45:55 [INFO] [Multiverse-Core] Loading World & Settings - 'world_the_end' - Env: THE_END - Type: FLAT & seed: -4315406086328175024
2015-11-24 12:45:56 [INFO] [Multiverse-Core] Loading World & Settings - 'plotworld' - Env: NORMAL - Type: NORMAL & seed: 1483843031056246239 & generator: PlotMe
2015-11-24 12:45:57 [INFO] [Multiverse-Core] Loading World & Settings - 'eventos' - Env: NORMAL - Type: FLAT & seed: -4711516305468634534
2015-11-24 12:45:58 [INFO] [Multiverse-Core] 5 - World(s) loaded.
2015-11-24 14:55:27 [INFO] [Multiverse-Core] - Version 2.4-b527 (API v14) Enabled - By Rigby, fernferret, lithium3141 and main--
2015-11-24 14:55:28 [INFO] [Multiverse-Core] Loading World & Settings - 'world' - Env: NORMAL - Type: FLAT & seed: -4315406086328175024
2015-11-24 14:55:28 [INFO] [Multiverse-Core] Loading World & Settings - 'world_nether' - Env: NETHER - Type: FLAT & seed: -4315406086328175024
2015-11-24 14:55:29 [INFO] [Multiverse-Core] Loading World & Settings - 'world_the_end' - Env: THE_END - Type: FLAT & seed: -4315406086328175024
2015-11-24 14:55:29 [INFO] [Multiverse-Core] Loading World & Settings - 'plotworld' - Env: NORMAL - Type: NORMAL & seed: 1483843031056246239 & generator: PlotMe
2015-11-24 14:55:30 [INFO] [Multiverse-Core] Loading World & Settings - 'eventos' - Env: NORMAL - Type: FLAT & seed: -4711516305468634534
2015-11-24 14:55:30 [INFO] [Multiverse-Core] 5 - World(s) loaded.
2015-11-25 16:39:49 [INFO] [Multiverse-Core] - Version 2.4-b527 (API v14) Enabled - By Rigby, fernferret, lithium3141 and main--
2015-11-25 16:39:50 [INFO] [Multiverse-Core] Loading World & Settings - 'world' - Env: NORMAL - Type: FLAT & seed: -4315406086328175024
2015-11-25 16:39:50 [INFO] [Multiverse-Core] Loading World & Settings - 'world_nether' - Env: NETHER - Type: FLAT & seed: -4315406086328175024
2015-11-25 16:39:51 [INFO] [Multiverse-Core] Loading World & Settings - 'world_the_end' - Env: THE_END - Type: FLAT & seed: -4315406086328175024
2015-11-25 16:39:51 [INFO] [Multiverse-Core] Loading World & Settings - 'plotworld' - Env: NORMAL - Type: NORMAL & seed: 1483843031056246239 & generator: PlotMe
2015-11-25 16:39:52 [INFO] [Multiverse-Core] Loading World & Settings - 'eventos' - Env: NORMAL - Type: FLAT & seed: -4711516305468634534
2015-11-25 16:39:53 [INFO] [Multiverse-Core] 5 - World(s) loaded.
2015-11-25 17:27:32 [INFO] [Multiverse-Core] - Version 2.4-b527 (API v14) Enabled - By Rigby, fernferret, lithium3141 and main--
2015-11-25 17:27:33 [INFO] [Multiverse-Core] Loading World & Settings - 'world' - Env: NORMAL - Type: FLAT & seed: -4315406086328175024
2015-11-25 17:27:33 [INFO] [Multiverse-Core] Loading World & Settings - 'world_nether' - Env: NETHER - Type: FLAT & seed: -4315406086328175024
2015-11-25 17:27:34 [INFO] [Multiverse-Core] Loading World & Settings - 'world_the_end' - Env: THE_END - Type: FLAT & seed: -4315406086328175024
2015-11-25 17:27:35 [INFO] [Multiverse-Core] Loading World & Settings - 'plotworld' - Env: NORMAL - Type: NORMAL & seed: 1483843031056246239 & generator: PlotMe
2015-11-25 17:27:35 [INFO] [Multiverse-Core] Loading World & Settings - 'eventos' - Env: NORMAL - Type: FLAT & seed: -4711516305468634534
2015-11-25 17:27:36 [INFO] [Multiverse-Core] 5 - World(s) loaded.
2015-11-25 18:23:44 [INFO] [Multiverse-Core] - Version 2.4-b527 (API v14) Enabled - By Rigby, fernferret, lithium3141 and main--
2015-11-25 18:23:45 [INFO] [Multiverse-Core] Loading World & Settings - 'world' - Env: NORMAL - Type: FLAT & seed: -4315406086328175024
2015-11-25 18:23:45 [INFO] [Multiverse-Core] Loading World & Settings - 'world_nether' - Env: NETHER - Type: FLAT & seed: -4315406086328175024
2015-11-25 18:23:46 [INFO] [Multiverse-Core] Loading World & Settings - 'world_the_end' - Env: THE_END - Type: FLAT & seed: -4315406086328175024
2015-11-25 18:23:46 [INFO] [Multiverse-Core] Loading World & Settings - 'plotworld' - Env: NORMAL - Type: NORMAL & seed: 1483843031056246239 & generator: PlotMe
2015-11-25 18:23:47 [INFO] [Multiverse-Core] Loading World & Settings - 'eventos' - Env: NORMAL - Type: FLAT & seed: -4711516305468634534
2015-11-25 18:23:48 [INFO] [Multiverse-Core] 5 - World(s) loaded.
2015-11-25 18:39:46 [INFO] [Multiverse-Core] - Version 2.4-b527 (API v14) Enabled - By Rigby, fernferret, lithium3141 and main--
2015-11-25 18:39:47 [INFO] [Multiverse-Core] Loading World & Settings - 'world' - Env: NORMAL - Type: FLAT & seed: -4315406086328175024
2015-11-25 18:39:47 [INFO] [Multiverse-Core] Loading World & Settings - 'world_nether' - Env: NETHER - Type: FLAT & seed: -4315406086328175024
2015-11-25 18:39:49 [INFO] [Multiverse-Core] Loading World & Settings - 'world_the_end' - Env: THE_END - Type: FLAT & seed: -4315406086328175024
2015-11-25 18:39:49 [INFO] [Multiverse-Core] Loading World & Settings - 'plotworld' - Env: NORMAL - Type: NORMAL & seed: 1483843031056246239 & generator: PlotMe
2015-11-25 18:39:50 [INFO] [Multiverse-Core] Loading World & Settings - 'eventos' - Env: NORMAL - Type: FLAT & seed: -4711516305468634534
2015-11-25 18:39:51 [INFO] [Multiverse-Core] 5 - World(s) loaded.
2015-11-25 18:50:48 [INFO] [Multiverse-Core] - Version 2.4-b527 (API v14) Enabled - By Rigby, fernferret, lithium3141 and main--
2015-11-25 18:50:48 [INFO] [Multiverse-Core] Loading World & Settings - 'world' - Env: NORMAL - Type: FLAT & seed: -4315406086328175024
2015-11-25 18:50:48 [INFO] [Multiverse-Core] Loading World & Settings - 'world_nether' - Env: NETHER - Type: FLAT & seed: -4315406086328175024
2015-11-25 18:50:50 [INFO] [Multiverse-Core] Loading World & Settings - 'world_the_end' - Env: THE_END - Type: FLAT & seed: -4315406086328175024
2015-11-25 18:50:52 [INFO] [Multiverse-Core] Loading World & Settings - 'plotworld' - Env: NORMAL - Type: NORMAL & seed: 1483843031056246239 & generator: PlotMe
2015-11-25 18:50:53 [INFO] [Multiverse-Core] Loading World & Settings - 'eventos' - Env: NORMAL - Type: FLAT & seed: -4711516305468634534
2015-11-25 18:50:54 [INFO] [Multiverse-Core] 5 - World(s) loaded.
2015-11-26 12:45:25 [INFO] [Multiverse-Core] - Version 2.4-b527 (API v14) Enabled - By Rigby, fernferret, lithium3141 and main--
2015-11-26 12:45:26 [INFO] [Multiverse-Core] Loading World & Settings - 'world' - Env: NORMAL - Type: FLAT & seed: -4315406086328175024
2015-11-26 12:45:26 [INFO] [Multiverse-Core] Loading World & Settings - 'world_nether' - Env: NETHER - Type: FLAT & seed: -4315406086328175024
2015-11-26 12:45:27 [INFO] [Multiverse-Core] Loading World & Settings - 'world_the_end' - Env: THE_END - Type: FLAT & seed: -4315406086328175024
2015-11-26 12:45:28 [INFO] [Multiverse-Core] Loading World & Settings - 'plotworld' - Env: NORMAL - Type: NORMAL & seed: 1483843031056246239 & generator: PlotMe
2015-11-26 12:45:30 [INFO] [Multiverse-Core] Loading World & Settings - 'eventos' - Env: NORMAL - Type: FLAT & seed: -4711516305468634534
2015-11-26 12:45:32 [INFO] [Multiverse-Core] 5 - World(s) loaded.
2015-11-26 15:00:07 [INFO] [Multiverse-Core] - Version 2.4-b527 (API v14) Enabled - By Rigby, fernferret, lithium3141 and main--
2015-11-26 15:00:08 [INFO] [Multiverse-Core] Loading World & Settings - 'world' - Env: NORMAL - Type: FLAT & seed: -4315406086328175024
2015-11-26 15:00:08 [INFO] [Multiverse-Core] Loading World & Settings - 'world_nether' - Env: NETHER - Type: FLAT & seed: -4315406086328175024
2015-11-26 15:00:09 [INFO] [Multiverse-Core] Loading World & Settings - 'world_the_end' - Env: THE_END - Type: FLAT & seed: -4315406086328175024
2015-11-26 15:00:09 [INFO] [Multiverse-Core] Loading World & Settings - 'plotworld' - Env: NORMAL - Type: NORMAL & seed: 1483843031056246239 & generator: PlotMe
2015-11-26 15:00:09 [INFO] [Multiverse-Core] Loading World & Settings - 'eventos' - Env: NORMAL - Type: FLAT & seed: -4711516305468634534
2015-11-26 15:00:10 [INFO] [Multiverse-Core] 5 - World(s) loaded.
2015-11-26 16:18:12 [INFO] [Multiverse-Core] - Version 2.4-b527 (API v14) Enabled - By Rigby, fernferret, lithium3141 and main--
2015-11-26 16:18:13 [INFO] [Multiverse-Core] Loading World & Settings - 'world' - Env: NORMAL - Type: FLAT & seed: -4315406086328175024
2015-11-26 16:18:13 [INFO] [Multiverse-Core] Loading World & Settings - 'world_nether' - Env: NETHER - Type: FLAT & seed: -4315406086328175024
2015-11-26 16:18:14 [INFO] [Multiverse-Core] Loading World & Settings - 'world_the_end' - Env: THE_END - Type: FLAT & seed: -4315406086328175024
2015-11-26 16:18:14 [INFO] [Multiverse-Core] Loading World & Settings - 'plotworld' - Env: NORMAL - Type: NORMAL & seed: 1483843031056246239 & generator: PlotMe
2015-11-26 16:18:15 [INFO] [Multiverse-Core] Loading World & Settings - 'eventos' - Env: NORMAL - Type: FLAT & seed: -4711516305468634534
2015-11-26 16:18:15 [INFO] [Multiverse-Core] 5 - World(s) loaded.
2015-11-26 16:22:48 [INFO] [Multiverse-Core] - Version 2.4-b527 (API v14) Enabled - By Rigby, fernferret, lithium3141 and main--
2015-11-26 16:22:48 [INFO] [Multiverse-Core] Loading World & Settings - 'world' - Env: NORMAL - Type: FLAT & seed: -4315406086328175024
2015-11-26 16:22:48 [INFO] [Multiverse-Core] Loading World & Settings - 'world_nether' - Env: NETHER - Type: FLAT & seed: -4315406086328175024
2015-11-26 16:22:49 [INFO] [Multiverse-Core] Loading World & Settings - 'world_the_end' - Env: THE_END - Type: FLAT & seed: -4315406086328175024
2015-11-26 16:22:49 [INFO] [Multiverse-Core] Loading World & Settings - 'plotworld' - Env: NORMAL - Type: NORMAL & seed: 1483843031056246239 & generator: PlotMe
2015-11-26 16:22:50 [INFO] [Multiverse-Core] Loading World & Settings - 'eventos' - Env: NORMAL - Type: FLAT & seed: -4711516305468634534
2015-11-26 16:22:50 [INFO] [Multiverse-Core] 5 - World(s) loaded.
2015-11-26 18:06:50 [INFO] [Multiverse-Core] - Version 2.4-b527 (API v14) Enabled - By Rigby, fernferret, lithium3141 and main--
2015-11-26 18:06:51 [INFO] [Multiverse-Core] Loading World & Settings - 'world' - Env: NORMAL - Type: FLAT & seed: -4315406086328175024
2015-11-26 18:06:51 [INFO] [Multiverse-Core] Loading World & Settings - 'world_nether' - Env: NETHER - Type: FLAT & seed: -4315406086328175024
2015-11-26 18:06:52 [INFO] [Multiverse-Core] Loading World & Settings - 'world_the_end' - Env: THE_END - Type: FLAT & seed: -4315406086328175024
2015-11-26 18:06:52 [INFO] [Multiverse-Core] Loading World & Settings - 'plotworld' - Env: NORMAL - Type: NORMAL & seed: 1483843031056246239 & generator: PlotMe
2015-11-26 18:06:53 [INFO] [Multiverse-Core] Loading World & Settings - 'eventos' - Env: NORMAL - Type: FLAT & seed: -4711516305468634534
2015-11-26 18:06:54 [INFO] [Multiverse-Core] 5 - World(s) loaded.
2015-11-26 18:52:14 [INFO] [Multiverse-Core] - Version 2.4-b527 (API v14) Enabled - By Rigby, fernferret, lithium3141 and main--
2015-11-26 18:52:14 [INFO] [Multiverse-Core] Loading World & Settings - 'world' - Env: NORMAL - Type: FLAT & seed: -4315406086328175024
2015-11-26 18:52:14 [INFO] [Multiverse-Core] Loading World & Settings - 'world_nether' - Env: NETHER - Type: FLAT & seed: -4315406086328175024
2015-11-26 18:52:15 [INFO] [Multiverse-Core] Loading World & Settings - 'world_the_end' - Env: THE_END - Type: FLAT & seed: -4315406086328175024
2015-11-26 18:52:15 [INFO] [Multiverse-Core] Loading World & Settings - 'plotworld' - Env: NORMAL - Type: NORMAL & seed: 1483843031056246239 & generator: PlotMe
2015-11-26 18:52:16 [INFO] [Multiverse-Core] Loading World & Settings - 'eventos' - Env: NORMAL - Type: FLAT & seed: -4711516305468634534
2015-11-26 18:52:17 [INFO] [Multiverse-Core] 5 - World(s) loaded.
2015-11-27 10:08:55 [INFO] [Multiverse-Core] - Version 2.4-b527 (API v14) Enabled - By Rigby, fernferret, lithium3141 and main--
2015-11-27 10:08:55 [INFO] [Multiverse-Core] Loading World & Settings - 'world' - Env: NORMAL - Type: FLAT & seed: -4315406086328175024
2015-11-27 10:08:55 [INFO] [Multiverse-Core] Loading World & Settings - 'world_nether' - Env: NETHER - Type: FLAT & seed: -4315406086328175024
2015-11-27 10:08:56 [INFO] [Multiverse-Core] Loading World & Settings - 'world_the_end' - Env: THE_END - Type: FLAT & seed: -4315406086328175024
2015-11-27 10:08:57 [INFO] [Multiverse-Core] Loading World & Settings - 'plotworld' - Env: NORMAL - Type: NORMAL & seed: 1483843031056246239 & generator: PlotMe
2015-11-27 10:08:57 [INFO] [Multiverse-Core] Loading World & Settings - 'eventos' - Env: NORMAL - Type: FLAT & seed: -4711516305468634534
2015-11-27 10:08:58 [INFO] [Multiverse-Core] 5 - World(s) loaded.
2015-11-27 11:01:26 [INFO] [Multiverse-Core] - Version 2.4-b527 (API v14) Enabled - By Rigby, fernferret, lithium3141 and main--
2015-11-27 11:01:27 [INFO] [Multiverse-Core] Loading World & Settings - 'world' - Env: NORMAL - Type: FLAT & seed: -4315406086328175024
2015-11-27 11:01:27 [INFO] [Multiverse-Core] Loading World & Settings - 'world_nether' - Env: NETHER - Type: FLAT & seed: -4315406086328175024
2015-11-27 11:01:28 [INFO] [Multiverse-Core] Loading World & Settings - 'world_the_end' - Env: THE_END - Type: FLAT & seed: -4315406086328175024
2015-11-27 11:01:28 [INFO] [Multiverse-Core] Loading World & Settings - 'plotworld' - Env: NORMAL - Type: NORMAL & seed: 1483843031056246239 & generator: PlotMe
2015-11-27 11:01:28 [INFO] [Multiverse-Core] Loading World & Settings - 'eventos' - Env: NORMAL - Type: FLAT & seed: -4711516305468634534
2015-11-27 11:01:29 [INFO] [Multiverse-Core] 5 - World(s) loaded.
2015-11-27 11:35:56 [INFO] [Multiverse-Core] - Version 2.4-b527 (API v14) Enabled - By Rigby, fernferret, lithium3141 and main--
2015-11-27 11:35:56 [INFO] [Multiverse-Core] Loading World & Settings - 'world' - Env: NORMAL - Type: FLAT & seed: -4315406086328175024
2015-11-27 11:35:56 [INFO] [Multiverse-Core] Loading World & Settings - 'world_nether' - Env: NETHER - Type: FLAT & seed: -4315406086328175024
2015-11-27 11:35:57 [INFO] [Multiverse-Core] Loading World & Settings - 'world_the_end' - Env: THE_END - Type: FLAT & seed: -4315406086328175024
2015-11-27 11:35:57 [INFO] [Multiverse-Core] Loading World & Settings - 'plotworld' - Env: NORMAL - Type: NORMAL & seed: 1483843031056246239 & generator: PlotMe
2015-11-27 11:35:58 [INFO] [Multiverse-Core] Loading World & Settings - 'eventos' - Env: NORMAL - Type: FLAT & seed: -4711516305468634534
2015-11-27 11:35:58 [INFO] [Multiverse-Core] 5 - World(s) loaded.
2015-11-27 11:56:13 [INFO] [Multiverse-Core] - Version 2.4-b527 (API v14) Enabled - By Rigby, fernferret, lithium3141 and main--
2015-11-27 11:56:14 [INFO] [Multiverse-Core] Loading World & Settings - 'world' - Env: NORMAL - Type: FLAT & seed: -4315406086328175024
2015-11-27 11:56:14 [INFO] [Multiverse-Core] Loading World & Settings - 'world_nether' - Env: NETHER - Type: FLAT & seed: -4315406086328175024
2015-11-27 11:56:15 [INFO] [Multiverse-Core] Loading World & Settings - 'world_the_end' - Env: THE_END - Type: FLAT & seed: -4315406086328175024
2015-11-27 11:56:15 [INFO] [Multiverse-Core] Loading World & Settings - 'plotworld' - Env: NORMAL - Type: NORMAL & seed: 1483843031056246239 & generator: PlotMe
2015-11-27 11:56:16 [INFO] [Multiverse-Core] Loading World & Settings - 'eventos' - Env: NORMAL - Type: FLAT & seed: -4711516305468634534
2015-11-27 11:56:16 [INFO] [Multiverse-Core] 5 - World(s) loaded.
2015-11-27 12:33:26 [INFO] [Multiverse-Core] - Version 2.4-b527 (API v14) Enabled - By Rigby, fernferret, lithium3141 and main--
2015-11-27 12:33:27 [INFO] [Multiverse-Core] Loading World & Settings - 'world' - Env: NORMAL - Type: FLAT & seed: -4315406086328175024
2015-11-27 12:33:27 [INFO] [Multiverse-Core] Loading World & Settings - 'world_nether' - Env: NETHER - Type: FLAT & seed: -4315406086328175024
2015-11-27 12:33:28 [INFO] [Multiverse-Core] Loading World & Settings - 'world_the_end' - Env: THE_END - Type: FLAT & seed: -4315406086328175024
2015-11-27 12:33:28 [INFO] [Multiverse-Core] Loading World & Settings - 'plotworld' - Env: NORMAL - Type: NORMAL & seed: 1483843031056246239 & generator: PlotMe
2015-11-27 12:33:28 [INFO] [Multiverse-Core] Loading World & Settings - 'eventos' - Env: NORMAL - Type: FLAT & seed: -4711516305468634534
2015-11-27 12:33:29 [INFO] [Multiverse-Core] 5 - World(s) loaded.
2015-11-27 13:09:09 [INFO] [Multiverse-Core] - Version 2.4-b527 (API v14) Enabled - By Rigby, fernferret, lithium3141 and main--
2015-11-27 13:09:09 [INFO] [Multiverse-Core] Loading World & Settings - 'world' - Env: NORMAL - Type: FLAT & seed: -4315406086328175024
2015-11-27 13:09:09 [INFO] [Multiverse-Core] Loading World & Settings - 'world_nether' - Env: NETHER - Type: FLAT & seed: -4315406086328175024
2015-11-27 13:09:10 [INFO] [Multiverse-Core] Loading World & Settings - 'world_the_end' - Env: THE_END - Type: FLAT & seed: -4315406086328175024
2015-11-27 13:09:11 [INFO] [Multiverse-Core] Loading World & Settings - 'plotworld' - Env: NORMAL - Type: NORMAL & seed: 1483843031056246239 & generator: PlotMe
2015-11-27 13:09:11 [INFO] [Multiverse-Core] Loading World & Settings - 'eventos' - Env: NORMAL - Type: FLAT & seed: -4711516305468634534
2015-11-27 13:09:12 [INFO] [Multiverse-Core] 5 - World(s) loaded.
2015-11-27 18:30:08 [INFO] [Multiverse-Core] - Version 2.4-b527 (API v14) Enabled - By Rigby, fernferret, lithium3141 and main--
2015-11-27 18:30:09 [INFO] [Multiverse-Core] Loading World & Settings - 'world' - Env: NORMAL - Type: FLAT & seed: -4315406086328175024
2015-11-27 18:30:09 [INFO] [Multiverse-Core] Loading World & Settings - 'world_nether' - Env: NETHER - Type: FLAT & seed: -4315406086328175024
2015-11-27 18:30:10 [INFO] [Multiverse-Core] Loading World & Settings - 'world_the_end' - Env: THE_END - Type: FLAT & seed: -4315406086328175024
2015-11-27 18:30:10 [INFO] [Multiverse-Core] Loading World & Settings - 'plotworld' - Env: NORMAL - Type: NORMAL & seed: 1483843031056246239 & generator: PlotMe
2015-11-27 18:30:11 [INFO] [Multiverse-Core] Loading World & Settings - 'eventos' - Env: NORMAL - Type: FLAT & seed: -4711516305468634534
2015-11-27 18:30:11 [INFO] [Multiverse-Core] 5 - World(s) loaded.
2015-11-27 21:24:37 [INFO] [Multiverse-Core] - Version 2.4-b527 (API v14) Enabled - By Rigby, fernferret, lithium3141 and main--
2015-11-27 21:24:38 [INFO] [Multiverse-Core] Loading World & Settings - 'world' - Env: NORMAL - Type: FLAT & seed: -4315406086328175024
2015-11-27 21:24:38 [INFO] [Multiverse-Core] Loading World & Settings - 'world_nether' - Env: NETHER - Type: FLAT & seed: -4315406086328175024
2015-11-27 21:24:39 [INFO] [Multiverse-Core] Loading World & Settings - 'world_the_end' - Env: THE_END - Type: FLAT & seed: -4315406086328175024
2015-11-27 21:24:39 [INFO] [Multiverse-Core] Loading World & Settings - 'plotworld' - Env: NORMAL - Type: NORMAL & seed: 1483843031056246239 & generator: PlotMe
2015-11-27 21:24:40 [INFO] [Multiverse-Core] Loading World & Settings - 'eventos' - Env: NORMAL - Type: FLAT & seed: -4711516305468634534
2015-11-27 21:24:41 [INFO] [Multiverse-Core] 5 - World(s) loaded.
2015-11-28 06:15:51 [INFO] [Multiverse-Core] - Version 2.4-b527 (API v14) Enabled - By Rigby, fernferret, lithium3141 and main--
2015-11-28 06:15:51 [INFO] [Multiverse-Core] Loading World & Settings - 'world' - Env: NORMAL - Type: FLAT & seed: -4315406086328175024
2015-11-28 06:15:51 [INFO] [Multiverse-Core] Loading World & Settings - 'world_nether' - Env: NETHER - Type: FLAT & seed: -4315406086328175024
2015-11-28 06:15:52 [INFO] [Multiverse-Core] Loading World & Settings - 'world_the_end' - Env: THE_END - Type: FLAT & seed: -4315406086328175024
2015-11-28 06:15:52 [INFO] [Multiverse-Core] Loading World & Settings - 'plotworld' - Env: NORMAL - Type: NORMAL & seed: 1483843031056246239 & generator: PlotMe
2015-11-28 06:15:53 [INFO] [Multiverse-Core] Loading World & Settings - 'eventos' - Env: NORMAL - Type: FLAT & seed: -4711516305468634534
2015-11-28 06:15:53 [INFO] [Multiverse-Core] 5 - World(s) loaded.
2015-11-28 18:18:39 [INFO] [Multiverse-Core] - Version 2.4-b527 (API v14) Enabled - By Rigby, fernferret, lithium3141 and main--
2015-11-28 18:18:40 [INFO] [Multiverse-Core] Loading World & Settings - 'world' - Env: NORMAL - Type: FLAT & seed: -4315406086328175024
2015-11-28 18:18:40 [INFO] [Multiverse-Core] Loading World & Settings - 'world_nether' - Env: NETHER - Type: FLAT & seed: -4315406086328175024
2015-11-28 18:18:42 [INFO] [Multiverse-Core] Loading World & Settings - 'world_the_end' - Env: THE_END - Type: FLAT & seed: -4315406086328175024
2015-11-28 18:18:43 [INFO] [Multiverse-Core] Loading World & Settings - 'plotworld' - Env: NORMAL - Type: NORMAL & seed: 1483843031056246239 & generator: PlotMe
2015-11-28 18:18:44 [INFO] [Multiverse-Core] Loading World & Settings - 'eventos' - Env: NORMAL - Type: FLAT & seed: -4711516305468634534
2015-11-28 18:18:47 [INFO] [Multiverse-Core] 5 - World(s) loaded.
2015-11-30 17:03:40 [INFO] [Multiverse-Core] - Version 2.4-b527 (API v14) Enabled - By Rigby, fernferret, lithium3141 and main--
2015-11-30 17:03:40 [INFO] [Multiverse-Core] Loading World & Settings - 'world' - Env: NORMAL - Type: FLAT & seed: -4315406086328175024
2015-11-30 17:03:40 [INFO] [Multiverse-Core] Loading World & Settings - 'world_nether' - Env: NETHER - Type: FLAT & seed: -4315406086328175024
2015-11-30 17:03:41 [INFO] [Multiverse-Core] Loading World & Settings - 'world_the_end' - Env: THE_END - Type: FLAT & seed: -4315406086328175024
2015-11-30 17:03:42 [INFO] [Multiverse-Core] Loading World & Settings - 'plotworld' - Env: NORMAL - Type: NORMAL & seed: 1483843031056246239 & generator: PlotMe
2015-11-30 17:03:42 [INFO] [Multiverse-Core] Loading World & Settings - 'eventos' - Env: NORMAL - Type: FLAT & seed: -4711516305468634534
2015-11-30 17:03:43 [INFO] [Multiverse-Core] 5 - World(s) loaded.
2015-11-30 17:56:22 [INFO] [Multiverse-Core] - Version 2.4-b527 (API v14) Enabled - By Rigby, fernferret, lithium3141 and main--
2015-11-30 17:56:23 [INFO] [Multiverse-Core] Loading World & Settings - 'world' - Env: NORMAL - Type: FLAT & seed: -4315406086328175024
2015-11-30 17:56:24 [INFO] [Multiverse-Core] Loading World & Settings - 'world_nether' - Env: NETHER - Type: FLAT & seed: -4315406086328175024
2015-11-30 17:56:25 [INFO] [Multiverse-Core] Loading World & Settings - 'world_the_end' - Env: THE_END - Type: FLAT & seed: -4315406086328175024
2015-11-30 17:56:26 [INFO] [Multiverse-Core] Loading World & Settings - 'plotworld' - Env: NORMAL - Type: NORMAL & seed: 1483843031056246239 & generator: PlotMe
2015-11-30 17:56:26 [INFO] [Multiverse-Core] Loading World & Settings - 'eventos' - Env: NORMAL - Type: FLAT & seed: -4711516305468634534
2015-11-30 17:56:27 [INFO] [Multiverse-Core] 5 - World(s) loaded.
2015-11-30 18:08:01 [INFO] [Multiverse-Core] - Version 2.4-b527 (API v14) Enabled - By Rigby, fernferret, lithium3141 and main--
2015-11-30 18:08:02 [INFO] [Multiverse-Core] Loading World & Settings - 'world' - Env: NORMAL - Type: FLAT & seed: -4315406086328175024
2015-11-30 18:08:03 [INFO] [Multiverse-Core] Loading World & Settings - 'world_nether' - Env: NETHER - Type: FLAT & seed: -4315406086328175024
2015-11-30 18:08:04 [INFO] [Multiverse-Core] Loading World & Settings - 'world_the_end' - Env: THE_END - Type: FLAT & seed: -4315406086328175024
2015-11-30 18:08:04 [INFO] [Multiverse-Core] Loading World & Settings - 'plotworld' - Env: NORMAL - Type: NORMAL & seed: 1483843031056246239 & generator: PlotMe
2015-11-30 18:08:05 [INFO] [Multiverse-Core] Loading World & Settings - 'eventos' - Env: NORMAL - Type: FLAT & seed: -4711516305468634534
2015-11-30 18:08:06 [INFO] [Multiverse-Core] 5 - World(s) loaded.
2015-12-01 16:35:40 [INFO] [Multiverse-Core] - Version 2.4-b527 (API v14) Enabled - By Rigby, fernferret, lithium3141 and main--
2015-12-01 16:35:41 [INFO] [Multiverse-Core] Loading World & Settings - 'world' - Env: NORMAL - Type: FLAT & seed: -4315406086328175024
2015-12-01 16:35:41 [INFO] [Multiverse-Core] Loading World & Settings - 'world_nether' - Env: NETHER - Type: FLAT & seed: -4315406086328175024
2015-12-01 16:35:42 [INFO] [Multiverse-Core] Loading World & Settings - 'world_the_end' - Env: THE_END - Type: FLAT & seed: -4315406086328175024
2015-12-01 16:35:43 [INFO] [Multiverse-Core] Loading World & Settings - 'plotworld' - Env: NORMAL - Type: NORMAL & seed: 1483843031056246239 & generator: PlotMe
2015-12-01 16:35:44 [INFO] [Multiverse-Core] Loading World & Settings - 'eventos' - Env: NORMAL - Type: FLAT & seed: -4711516305468634534
2015-12-01 16:35:46 [INFO] [Multiverse-Core] 5 - World(s) loaded.
2015-12-01 16:57:57 [INFO] [Multiverse-Core] - Version 2.4-b527 (API v14) Enabled - By Rigby, fernferret, lithium3141 and main--
2015-12-01 16:57:57 [INFO] [Multiverse-Core] Loading World & Settings - 'world' - Env: NORMAL - Type: FLAT & seed: -4315406086328175024
2015-12-01 16:57:57 [INFO] [Multiverse-Core] Loading World & Settings - 'world_nether' - Env: NETHER - Type: FLAT & seed: -4315406086328175024
2015-12-01 16:57:58 [INFO] [Multiverse-Core] Loading World & Settings - 'world_the_end' - Env: THE_END - Type: FLAT & seed: -4315406086328175024
2015-12-01 16:57:59 [INFO] [Multiverse-Core] Loading World & Settings - 'plotworld' - Env: NORMAL - Type: NORMAL & seed: 1483843031056246239 & generator: PlotMe
2015-12-01 16:57:59 [INFO] [Multiverse-Core] Loading World & Settings - 'eventos' - Env: NORMAL - Type: FLAT & seed: -4711516305468634534
2015-12-01 16:58:00 [INFO] [Multiverse-Core] 5 - World(s) loaded.
2015-12-01 17:01:58 [INFO] [Multiverse-Core] - Version 2.4-b527 (API v14) Enabled - By Rigby, fernferret, lithium3141 and main--
2015-12-01 17:01:59 [INFO] [Multiverse-Core] Loading World & Settings - 'world' - Env: NORMAL - Type: FLAT & seed: -4315406086328175024
2015-12-01 17:01:59 [INFO] [Multiverse-Core] Loading World & Settings - 'world_nether' - Env: NETHER - Type: FLAT & seed: -4315406086328175024
2015-12-01 17:02:00 [INFO] [Multiverse-Core] Loading World & Settings - 'world_the_end' - Env: THE_END - Type: FLAT & seed: -4315406086328175024
2015-12-01 17:02:01 [INFO] [Multiverse-Core] Loading World & Settings - 'plotworld' - Env: NORMAL - Type: NORMAL & seed: 1483843031056246239 & generator: PlotMe
2015-12-01 17:02:02 [INFO] [Multiverse-Core] Loading World & Settings - 'eventos' - Env: NORMAL - Type: FLAT & seed: -4711516305468634534
2015-12-01 17:02:03 [INFO] [Multiverse-Core] 5 - World(s) loaded.
2015-12-01 17:22:57 [INFO] [Multiverse-Core] - Version 2.4-b527 (API v14) Enabled - By Rigby, fernferret, lithium3141 and main--
2015-12-01 17:22:58 [INFO] [Multiverse-Core] Loading World & Settings - 'world' - Env: NORMAL - Type: FLAT & seed: -4315406086328175024
2015-12-01 17:22:58 [INFO] [Multiverse-Core] Loading World & Settings - 'world_nether' - Env: NETHER - Type: FLAT & seed: -4315406086328175024
2015-12-01 17:22:59 [INFO] [Multiverse-Core] Loading World & Settings - 'world_the_end' - Env: THE_END - Type: FLAT & seed: -4315406086328175024
2015-12-01 17:23:00 [INFO] [Multiverse-Core] Loading World & Settings - 'plotworld' - Env: NORMAL - Type: NORMAL & seed: 1483843031056246239 & generator: PlotMe
2015-12-01 17:23:00 [INFO] [Multiverse-Core] Loading World & Settings - 'eventos' - Env: NORMAL - Type: FLAT & seed: -4711516305468634534
2015-12-01 17:23:02 [INFO] [Multiverse-Core] 5 - World(s) loaded.
2015-12-01 17:32:38 [INFO] [Multiverse-Core] - Version 2.4-b527 (API v14) Enabled - By Rigby, fernferret, lithium3141 and main--
2015-12-01 17:32:39 [INFO] [Multiverse-Core] Loading World & Settings - 'world' - Env: NORMAL - Type: FLAT & seed: -4315406086328175024
2015-12-01 17:32:39 [INFO] [Multiverse-Core] Loading World & Settings - 'world_nether' - Env: NETHER - Type: FLAT & seed: -4315406086328175024
2015-12-01 17:32:40 [INFO] [Multiverse-Core] Loading World & Settings - 'world_the_end' - Env: THE_END - Type: FLAT & seed: -4315406086328175024
2015-12-01 17:32:41 [INFO] [Multiverse-Core] Loading World & Settings - 'plotworld' - Env: NORMAL - Type: NORMAL & seed: 1483843031056246239 & generator: PlotMe
2015-12-01 17:32:42 [INFO] [Multiverse-Core] Loading World & Settings - 'eventos' - Env: NORMAL - Type: FLAT & seed: -4711516305468634534
2015-12-01 17:32:43 [INFO] [Multiverse-Core] 5 - World(s) loaded.
2015-12-02 07:07:25 [INFO] [Multiverse-Core] - Version 2.4-b527 (API v14) Enabled - By Rigby, fernferret, lithium3141 and main--
2015-12-02 07:07:26 [INFO] [Multiverse-Core] Loading World & Settings - 'world' - Env: NORMAL - Type: FLAT & seed: -4315406086328175024
2015-12-02 07:07:26 [INFO] [Multiverse-Core] Loading World & Settings - 'world_nether' - Env: NETHER - Type: FLAT & seed: -4315406086328175024
2015-12-02 07:07:27 [INFO] [Multiverse-Core] Loading World & Settings - 'world_the_end' - Env: THE_END - Type: FLAT & seed: -4315406086328175024
2015-12-02 07:07:28 [INFO] [Multiverse-Core] Loading World & Settings - 'plotworld' - Env: NORMAL - Type: NORMAL & seed: 1483843031056246239 & generator: PlotMe
2015-12-02 07:07:29 [INFO] [Multiverse-Core] Loading World & Settings - 'eventos' - Env: NORMAL - Type: FLAT & seed: -4711516305468634534
2015-12-02 07:07:31 [INFO] [Multiverse-Core] 5 - World(s) loaded.
2015-12-02 07:19:03 [INFO] [Multiverse-Core] - Version 2.4-b527 (API v14) Enabled - By Rigby, fernferret, lithium3141 and main--
2015-12-02 07:19:03 [INFO] [Multiverse-Core] Loading World & Settings - 'world' - Env: NORMAL - Type: FLAT & seed: -4315406086328175024
2015-12-02 07:19:03 [INFO] [Multiverse-Core] Loading World & Settings - 'world_nether' - Env: NETHER - Type: FLAT & seed: -4315406086328175024
2015-12-02 07:19:05 [INFO] [Multiverse-Core] Loading World & Settings - 'world_the_end' - Env: THE_END - Type: FLAT & seed: -4315406086328175024
2015-12-02 07:19:05 [INFO] [Multiverse-Core] Loading World & Settings - 'plotworld' - Env: NORMAL - Type: NORMAL & seed: 1483843031056246239 & generator: PlotMe
2015-12-02 07:19:06 [INFO] [Multiverse-Core] Loading World & Settings - 'eventos' - Env: NORMAL - Type: FLAT & seed: -4711516305468634534
2015-12-02 07:19:07 [INFO] [Multiverse-Core] 5 - World(s) loaded.
2015-12-04 16:27:45 [INFO] [Multiverse-Core] - Version 2.4-b527 (API v14) Enabled - By Rigby, fernferret, lithium3141 and main--
2015-12-04 16:27:46 [INFO] [Multiverse-Core] Loading World & Settings - 'world' - Env: NORMAL - Type: FLAT & seed: -4315406086328175024
2015-12-04 16:27:46 [INFO] [Multiverse-Core] Loading World & Settings - 'world_nether' - Env: NETHER - Type: FLAT & seed: -4315406086328175024
2015-12-04 16:27:47 [INFO] [Multiverse-Core] Loading World & Settings - 'world_the_end' - Env: THE_END - Type: FLAT & seed: -4315406086328175024
2015-12-04 16:27:47 [INFO] [Multiverse-Core] Loading World & Settings - 'plotworld' - Env: NORMAL - Type: NORMAL & seed: 1483843031056246239 & generator: PlotMe
2015-12-04 16:27:49 [INFO] [Multiverse-Core] Loading World & Settings - 'eventos' - Env: NORMAL - Type: FLAT & seed: -4711516305468634534
2015-12-04 16:27:50 [INFO] [Multiverse-Core] 5 - World(s) loaded.
2015-12-04 16:31:54 [INFO] [Multiverse-Core] - Version 2.4-b527 (API v14) Enabled - By Rigby, fernferret, lithium3141 and main--
2015-12-04 16:31:55 [INFO] [Multiverse-Core] Loading World & Settings - 'world' - Env: NORMAL - Type: FLAT & seed: -4315406086328175024
2015-12-04 16:31:55 [INFO] [Multiverse-Core] Loading World & Settings - 'world_nether' - Env: NETHER - Type: FLAT & seed: -4315406086328175024
2015-12-04 16:31:56 [INFO] [Multiverse-Core] Loading World & Settings - 'world_the_end' - Env: THE_END - Type: FLAT & seed: -4315406086328175024
2015-12-04 16:31:56 [INFO] [Multiverse-Core] Loading World & Settings - 'plotworld' - Env: NORMAL - Type: NORMAL & seed: 1483843031056246239 & generator: PlotMe
2015-12-04 16:31:57 [INFO] [Multiverse-Core] Loading World & Settings - 'eventos' - Env: NORMAL - Type: FLAT & seed: -4711516305468634534
2015-12-04 16:31:58 [INFO] [Multiverse-Core] 5 - World(s) loaded.
2015-12-04 16:42:29 [INFO] [Multiverse-Core] - Version 2.4-b527 (API v14) Enabled - By Rigby, fernferret, lithium3141 and main--
2015-12-04 16:42:30 [INFO] [Multiverse-Core] Loading World & Settings - 'world' - Env: NORMAL - Type: FLAT & seed: -4315406086328175024
2015-12-04 16:42:30 [INFO] [Multiverse-Core] Loading World & Settings - 'world_nether' - Env: NETHER - Type: FLAT & seed: -4315406086328175024
2015-12-04 16:42:31 [INFO] [Multiverse-Core] Loading World & Settings - 'world_the_end' - Env: THE_END - Type: FLAT & seed: -4315406086328175024
2015-12-04 16:42:32 [INFO] [Multiverse-Core] Loading World & Settings - 'plotworld' - Env: NORMAL - Type: NORMAL & seed: 1483843031056246239 & generator: PlotMe
2015-12-04 16:42:33 [INFO] [Multiverse-Core] Loading World & Settings - 'eventos' - Env: NORMAL - Type: FLAT & seed: -4711516305468634534
2015-12-04 16:42:34 [INFO] [Multiverse-Core] 5 - World(s) loaded.
2015-12-04 16:46:40 [INFO] [Multiverse-Core] - Version 2.4-b527 (API v14) Enabled - By Rigby, fernferret, lithium3141 and main--
2015-12-04 16:46:41 [INFO] [Multiverse-Core] Loading World & Settings - 'world' - Env: NORMAL - Type: FLAT & seed: -4315406086328175024
2015-12-04 16:46:41 [INFO] [Multiverse-Core] Loading World & Settings - 'world_nether' - Env: NETHER - Type: FLAT & seed: -4315406086328175024
2015-12-04 16:46:43 [INFO] [Multiverse-Core] Loading World & Settings - 'world_the_end' - Env: THE_END - Type: FLAT & seed: -4315406086328175024
2015-12-04 16:46:43 [INFO] [Multiverse-Core] Loading World & Settings - 'plotworld' - Env: NORMAL - Type: NORMAL & seed: 1483843031056246239 & generator: PlotMe
2015-12-04 16:46:44 [INFO] [Multiverse-Core] Loading World & Settings - 'eventos' - Env: NORMAL - Type: FLAT & seed: -4711516305468634534
2015-12-04 16:46:45 [INFO] [Multiverse-Core] 5 - World(s) loaded.
2015-12-04 16:55:39 [INFO] [Multiverse-Core] - Version 2.4-b527 (API v14) Enabled - By Rigby, fernferret, lithium3141 and main--
2015-12-04 16:55:40 [INFO] [Multiverse-Core] Loading World & Settings - 'world' - Env: NORMAL - Type: FLAT & seed: -4315406086328175024
2015-12-04 16:55:40 [INFO] [Multiverse-Core] Loading World & Settings - 'world_nether' - Env: NETHER - Type: FLAT & seed: -4315406086328175024
2015-12-04 16:55:40 [INFO] [Multiverse-Core] Loading World & Settings - 'world_the_end' - Env: THE_END - Type: FLAT & seed: -4315406086328175024
2015-12-04 16:55:41 [INFO] [Multiverse-Core] Loading World & Settings - 'plotworld' - Env: NORMAL - Type: NORMAL & seed: 1483843031056246239 & generator: PlotMe
2015-12-04 16:55:41 [INFO] [Multiverse-Core] Loading World & Settings - 'eventos' - Env: NORMAL - Type: FLAT & seed: -4711516305468634534
2015-12-04 16:55:42 [INFO] [Multiverse-Core] 5 - World(s) loaded.
2015-12-04 17:00:31 [INFO] [Multiverse-Core] - Version 2.4-b527 (API v14) Enabled - By Rigby, fernferret, lithium3141 and main--
2015-12-04 17:00:31 [INFO] [Multiverse-Core] Loading World & Settings - 'world' - Env: NORMAL - Type: FLAT & seed: -4315406086328175024
2015-12-04 17:00:31 [INFO] [Multiverse-Core] Loading World & Settings - 'world_nether' - Env: NETHER - Type: FLAT & seed: -4315406086328175024
2015-12-04 17:00:32 [INFO] [Multiverse-Core] Loading World & Settings - 'world_the_end' - Env: THE_END - Type: FLAT & seed: -4315406086328175024
2015-12-04 17:00:32 [INFO] [Multiverse-Core] Loading World & Settings - 'plotworld' - Env: NORMAL - Type: NORMAL & seed: 1483843031056246239 & generator: PlotMe
2015-12-04 17:00:33 [INFO] [Multiverse-Core] Loading World & Settings - 'eventos' - Env: NORMAL - Type: FLAT & seed: -4711516305468634534
2015-12-04 17:00:34 [INFO] [Multiverse-Core] 5 - World(s) loaded.
2015-12-07 11:07:54 [INFO] [Multiverse-Core] - Version 2.4-b527 (API v14) Enabled - By Rigby, fernferret, lithium3141 and main--
2015-12-07 11:07:55 [INFO] [Multiverse-Core] Loading World & Settings - 'world' - Env: NORMAL - Type: FLAT & seed: -4315406086328175024
2015-12-07 11:07:55 [INFO] [Multiverse-Core] Loading World & Settings - 'world_nether' - Env: NETHER - Type: FLAT & seed: -4315406086328175024
2015-12-07 11:07:58 [INFO] [Multiverse-Core] Loading World & Settings - 'world_the_end' - Env: THE_END - Type: FLAT & seed: -4315406086328175024
2015-12-07 11:07:59 [INFO] [Multiverse-Core] Loading World & Settings - 'plotworld' - Env: NORMAL - Type: NORMAL & seed: 1483843031056246239 & generator: PlotMe
2015-12-07 11:08:01 [INFO] [Multiverse-Core] Loading World & Settings - 'eventos' - Env: NORMAL - Type: FLAT & seed: -4711516305468634534
2015-12-07 11:08:03 [INFO] [Multiverse-Core] 5 - World(s) loaded.
2015-12-09 17:30:32 [INFO] [Multiverse-Core] - Version 2.4-b527 (API v14) Enabled - By Rigby, fernferret, lithium3141 and main--
2015-12-09 17:30:33 [INFO] [Multiverse-Core] Loading World & Settings - 'world' - Env: NORMAL - Type: FLAT & seed: -4315406086328175024
2015-12-09 17:30:33 [INFO] [Multiverse-Core] Loading World & Settings - 'world_nether' - Env: NETHER - Type: FLAT & seed: -4315406086328175024
2015-12-09 17:30:35 [INFO] [Multiverse-Core] Loading World & Settings - 'world_the_end' - Env: THE_END - Type: FLAT & seed: -4315406086328175024
2015-12-09 17:30:35 [INFO] [Multiverse-Core] Loading World & Settings - 'plotworld' - Env: NORMAL - Type: NORMAL & seed: 1483843031056246239 & generator: PlotMe
2015-12-09 17:30:36 [INFO] [Multiverse-Core] Loading World & Settings - 'eventos' - Env: NORMAL - Type: FLAT & seed: -4711516305468634534
2015-12-09 17:30:38 [INFO] [Multiverse-Core] 5 - World(s) loaded.
2015-12-09 19:24:42 [INFO] [Multiverse-Core] - Version 2.4-b527 (API v14) Enabled - By Rigby, fernferret, lithium3141 and main--
2015-12-09 19:24:45 [INFO] [Multiverse-Core] Loading World & Settings - 'world' - Env: NORMAL - Type: FLAT & seed: -4315406086328175024
2015-12-09 19:24:46 [INFO] [Multiverse-Core] Loading World & Settings - 'world_nether' - Env: NETHER - Type: FLAT & seed: -4315406086328175024
2015-12-09 19:24:47 [INFO] [Multiverse-Core] Loading World & Settings - 'world_the_end' - Env: THE_END - Type: FLAT & seed: -4315406086328175024
2015-12-09 19:24:48 [INFO] [Multiverse-Core] Loading World & Settings - 'plotworld' - Env: NORMAL - Type: NORMAL & seed: 1483843031056246239 & generator: PlotMe
2015-12-09 19:24:49 [INFO] [Multiverse-Core] Loading World & Settings - 'eventos' - Env: NORMAL - Type: FLAT & seed: -4711516305468634534
2015-12-09 19:24:50 [INFO] [Multiverse-Core] 5 - World(s) loaded.
2015-12-09 20:47:35 [INFO] [Multiverse-Core] - Version 2.4-b527 (API v14) Enabled - By Rigby, fernferret, lithium3141 and main--
2015-12-09 20:47:36 [INFO] [Multiverse-Core] Loading World & Settings - 'world' - Env: NORMAL - Type: FLAT & seed: -4315406086328175024
2015-12-09 20:47:36 [INFO] [Multiverse-Core] Loading World & Settings - 'world_nether' - Env: NETHER - Type: FLAT & seed: -4315406086328175024
2015-12-09 20:47:38 [INFO] [Multiverse-Core] Loading World & Settings - 'world_the_end' - Env: THE_END - Type: FLAT & seed: -4315406086328175024
2015-12-09 20:47:38 [INFO] [Multiverse-Core] Loading World & Settings - 'plotworld' - Env: NORMAL - Type: NORMAL & seed: 1483843031056246239 & generator: PlotMe
2015-12-09 20:47:39 [INFO] [Multiverse-Core] Loading World & Settings - 'eventos' - Env: NORMAL - Type: FLAT & seed: -4711516305468634534
2015-12-09 20:47:41 [INFO] [Multiverse-Core] 5 - World(s) loaded.
2015-12-09 20:49:38 [INFO] [Multiverse-Core] - Version 2.4-b527 (API v14) Enabled - By Rigby, fernferret, lithium3141 and main--
2015-12-09 20:49:39 [INFO] [Multiverse-Core] Loading World & Settings - 'world' - Env: NORMAL - Type: FLAT & seed: -4315406086328175024
2015-12-09 20:49:39 [INFO] [Multiverse-Core] Loading World & Settings - 'world_nether' - Env: NETHER - Type: FLAT & seed: -4315406086328175024
2015-12-09 20:49:41 [INFO] [Multiverse-Core] Loading World & Settings - 'world_the_end' - Env: THE_END - Type: FLAT & seed: -4315406086328175024
2015-12-09 20:49:42 [INFO] [Multiverse-Core] Loading World & Settings - 'plotworld' - Env: NORMAL - Type: NORMAL & seed: 1483843031056246239 & generator: PlotMe
2015-12-09 20:49:43 [INFO] [Multiverse-Core] Loading World & Settings - 'eventos' - Env: NORMAL - Type: FLAT & seed: -4711516305468634534
2015-12-09 20:49:45 [INFO] [Multiverse-Core] 5 - World(s) loaded.
2015-12-09 21:01:38 [INFO] [Multiverse-Core] - Version 2.4-b527 (API v14) Enabled - By Rigby, fernferret, lithium3141 and main--
2015-12-09 21:01:39 [INFO] [Multiverse-Core] Loading World & Settings - 'world' - Env: NORMAL - Type: FLAT & seed: -4315406086328175024
2015-12-09 21:01:39 [INFO] [Multiverse-Core] Loading World & Settings - 'world_nether' - Env: NETHER - Type: FLAT & seed: -4315406086328175024
2015-12-09 21:01:40 [INFO] [Multiverse-Core] Loading World & Settings - 'world_the_end' - Env: THE_END - Type: FLAT & seed: -4315406086328175024
2015-12-09 21:01:41 [INFO] [Multiverse-Core] Loading World & Settings - 'plotworld' - Env: NORMAL - Type: NORMAL & seed: 1483843031056246239 & generator: PlotMe
2015-12-09 21:01:42 [INFO] [Multiverse-Core] Loading World & Settings - 'eventos' - Env: NORMAL - Type: FLAT & seed: -4711516305468634534
2015-12-09 21:01:43 [INFO] [Multiverse-Core] 5 - World(s) loaded.
2015-12-10 09:42:53 [INFO] [Multiverse-Core] - Version 2.4-b527 (API v14) Enabled - By Rigby, fernferret, lithium3141 and main--
2015-12-10 09:42:54 [INFO] [Multiverse-Core] Loading World & Settings - 'world' - Env: NORMAL - Type: FLAT & seed: -4315406086328175024
2015-12-10 09:42:54 [INFO] [Multiverse-Core] Loading World & Settings - 'world_nether' - Env: NETHER - Type: FLAT & seed: -4315406086328175024
2015-12-10 09:42:55 [INFO] [Multiverse-Core] Loading World & Settings - 'world_the_end' - Env: THE_END - Type: FLAT & seed: -4315406086328175024
2015-12-10 09:42:56 [INFO] [Multiverse-Core] Loading World & Settings - 'plotworld' - Env: NORMAL - Type: NORMAL & seed: 1483843031056246239 & generator: PlotMe
2015-12-10 09:42:56 [INFO] [Multiverse-Core] Loading World & Settings - 'eventos' - Env: NORMAL - Type: FLAT & seed: -4711516305468634534
2015-12-10 09:42:57 [INFO] [Multiverse-Core] 5 - World(s) loaded.
2015-12-10 10:05:53 [INFO] [Multiverse-Core] - Version 2.4-b527 (API v14) Enabled - By Rigby, fernferret, lithium3141 and main--
2015-12-10 10:05:54 [INFO] [Multiverse-Core] Loading World & Settings - 'world' - Env: NORMAL - Type: FLAT & seed: -4315406086328175024
2015-12-10 10:05:54 [INFO] [Multiverse-Core] Loading World & Settings - 'world_nether' - Env: NETHER - Type: FLAT & seed: -4315406086328175024
2015-12-10 10:05:55 [INFO] [Multiverse-Core] Loading World & Settings - 'world_the_end' - Env: THE_END - Type: FLAT & seed: -4315406086328175024
2015-12-10 10:05:55 [INFO] [Multiverse-Core] Loading World & Settings - 'plotworld' - Env: NORMAL - Type: NORMAL & seed: 1483843031056246239 & generator: PlotMe
2015-12-10 10:05:56 [INFO] [Multiverse-Core] Loading World & Settings - 'eventos' - Env: NORMAL - Type: FLAT & seed: -4711516305468634534
2015-12-10 10:05:57 [INFO] [Multiverse-Core] 5 - World(s) loaded.
2015-12-10 10:20:34 [INFO] [Multiverse-Core] - Version 2.4-b527 (API v14) Enabled - By Rigby, fernferret, lithium3141 and main--
2015-12-10 10:20:35 [INFO] [Multiverse-Core] Loading World & Settings - 'world' - Env: NORMAL - Type: FLAT & seed: -4315406086328175024
2015-12-10 10:20:35 [INFO] [Multiverse-Core] Loading World & Settings - 'world_nether' - Env: NETHER - Type: FLAT & seed: -4315406086328175024
2015-12-10 10:20:36 [INFO] [Multiverse-Core] Loading World & Settings - 'world_the_end' - Env: THE_END - Type: FLAT & seed: -4315406086328175024
2015-12-10 10:20:37 [INFO] [Multiverse-Core] Loading World & Settings - 'plotworld' - Env: NORMAL - Type: NORMAL & seed: 1483843031056246239 & generator: PlotMe
2015-12-10 10:20:38 [INFO] [Multiverse-Core] Loading World & Settings - 'eventos' - Env: NORMAL - Type: FLAT & seed: -4711516305468634534
2015-12-10 10:20:39 [INFO] [Multiverse-Core] 5 - World(s) loaded.
2015-12-10 11:54:29 [INFO] [Multiverse-Core] - Version 2.4-b527 (API v14) Enabled - By Rigby, fernferret, lithium3141 and main--
2015-12-10 11:54:30 [INFO] [Multiverse-Core] Loading World & Settings - 'world' - Env: NORMAL - Type: FLAT & seed: -4315406086328175024
2015-12-10 11:54:30 [INFO] [Multiverse-Core] Loading World & Settings - 'world_nether' - Env: NETHER - Type: FLAT & seed: -4315406086328175024
2015-12-10 11:54:31 [INFO] [Multiverse-Core] Loading World & Settings - 'world_the_end' - Env: THE_END - Type: FLAT & seed: -4315406086328175024
2015-12-10 11:54:31 [INFO] [Multiverse-Core] Loading World & Settings - 'plotworld' - Env: NORMAL - Type: NORMAL & seed: 1483843031056246239 & generator: PlotMe
2015-12-10 11:54:32 [INFO] [Multiverse-Core] Loading World & Settings - 'eventos' - Env: NORMAL - Type: FLAT & seed: -4711516305468634534
2015-12-10 11:54:33 [INFO] [Multiverse-Core] 5 - World(s) loaded.
2015-12-10 16:16:39 [INFO] [Multiverse-Core] - Version 2.4-b527 (API v14) Enabled - By Rigby, fernferret, lithium3141 and main--
2015-12-10 16:16:40 [INFO] [Multiverse-Core] Loading World & Settings - 'world' - Env: NORMAL - Type: FLAT & seed: -4315406086328175024
2015-12-10 16:16:40 [INFO] [Multiverse-Core] Loading World & Settings - 'world_nether' - Env: NETHER - Type: FLAT & seed: -4315406086328175024
2015-12-10 16:16:41 [INFO] [Multiverse-Core] Loading World & Settings - 'world_the_end' - Env: THE_END - Type: FLAT & seed: -4315406086328175024
2015-12-10 16:16:41 [INFO] [Multiverse-Core] Loading World & Settings - 'plotworld' - Env: NORMAL - Type: NORMAL & seed: 1483843031056246239 & generator: PlotMe
2015-12-10 16:16:42 [INFO] [Multiverse-Core] Loading World & Settings - 'eventos' - Env: NORMAL - Type: FLAT & seed: -4711516305468634534
2015-12-10 16:16:43 [INFO] [Multiverse-Core] 5 - World(s) loaded.
2015-12-10 16:56:47 [INFO] [Multiverse-Core] - Version 2.4-b527 (API v14) Enabled - By Rigby, fernferret, lithium3141 and main--
2015-12-10 16:56:48 [INFO] [Multiverse-Core] Loading World & Settings - 'world' - Env: NORMAL - Type: FLAT & seed: -4315406086328175024
2015-12-10 16:56:48 [INFO] [Multiverse-Core] Loading World & Settings - 'world_nether' - Env: NETHER - Type: FLAT & seed: -4315406086328175024
2015-12-10 16:56:48 [INFO] [Multiverse-Core] Loading World & Settings - 'world_the_end' - Env: THE_END - Type: FLAT & seed: -4315406086328175024
2015-12-10 16:56:49 [INFO] [Multiverse-Core] Loading World & Settings - 'plotworld' - Env: NORMAL - Type: NORMAL & seed: 1483843031056246239 & generator: PlotMe
2015-12-10 16:56:49 [INFO] [Multiverse-Core] Loading World & Settings - 'eventos' - Env: NORMAL - Type: FLAT & seed: -4711516305468634534
2015-12-10 16:56:50 [INFO] [Multiverse-Core] 5 - World(s) loaded.
2015-12-10 18:11:42 [INFO] [Multiverse-Core] - Version 2.4-b527 (API v14) Enabled - By Rigby, fernferret, lithium3141 and main--
2015-12-10 18:11:43 [INFO] [Multiverse-Core] Loading World & Settings - 'world' - Env: NORMAL - Type: FLAT & seed: -4315406086328175024
2015-12-10 18:11:44 [INFO] [Multiverse-Core] Loading World & Settings - 'world_nether' - Env: NETHER - Type: FLAT & seed: -4315406086328175024
2015-12-10 18:11:45 [INFO] [Multiverse-Core] Loading World & Settings - 'world_the_end' - Env: THE_END - Type: FLAT & seed: -4315406086328175024
2015-12-10 18:11:46 [INFO] [Multiverse-Core] Loading World & Settings - 'plotworld' - Env: NORMAL - Type: NORMAL & seed: 1483843031056246239 & generator: PlotMe
2015-12-10 18:11:47 [INFO] [Multiverse-Core] Loading World & Settings - 'eventos' - Env: NORMAL - Type: FLAT & seed: -4711516305468634534
2015-12-10 18:11:49 [INFO] [Multiverse-Core] 5 - World(s) loaded.
2015-12-10 18:40:17 [INFO] [Multiverse-Core] - Version 2.4-b527 (API v14) Enabled - By Rigby, fernferret, lithium3141 and main--
2015-12-10 18:40:18 [INFO] [Multiverse-Core] Loading World & Settings - 'world' - Env: NORMAL - Type: FLAT & seed: -4315406086328175024
2015-12-10 18:40:18 [INFO] [Multiverse-Core] Loading World & Settings - 'world_nether' - Env: NETHER - Type: FLAT & seed: -4315406086328175024
2015-12-10 18:40:18 [INFO] [Multiverse-Core] Loading World & Settings - 'world_the_end' - Env: THE_END - Type: FLAT & seed: -4315406086328175024
2015-12-10 18:40:19 [INFO] [Multiverse-Core] Loading World & Settings - 'plotworld' - Env: NORMAL - Type: NORMAL & seed: 1483843031056246239 & generator: PlotMe
2015-12-10 18:40:19 [INFO] [Multiverse-Core] Loading World & Settings - 'eventos' - Env: NORMAL - Type: FLAT & seed: -4711516305468634534
2015-12-10 18:40:20 [INFO] [Multiverse-Core] 5 - World(s) loaded.
2015-12-10 19:31:33 [INFO] [Multiverse-Core] - Version 2.4-b527 (API v14) Enabled - By Rigby, fernferret, lithium3141 and main--
2015-12-10 19:31:34 [INFO] [Multiverse-Core] Loading World & Settings - 'world' - Env: NORMAL - Type: FLAT & seed: -4315406086328175024
2015-12-10 19:31:34 [INFO] [Multiverse-Core] Loading World & Settings - 'world_nether' - Env: NETHER - Type: FLAT & seed: -4315406086328175024
2015-12-10 19:31:35 [INFO] [Multiverse-Core] Loading World & Settings - 'world_the_end' - Env: THE_END - Type: FLAT & seed: -4315406086328175024
2015-12-10 19:31:35 [INFO] [Multiverse-Core] Loading World & Settings - 'plotworld' - Env: NORMAL - Type: NORMAL & seed: 1483843031056246239 & generator: PlotMe
2015-12-10 19:31:36 [INFO] [Multiverse-Core] Loading World & Settings - 'eventos' - Env: NORMAL - Type: FLAT & seed: -4711516305468634534
2015-12-10 19:31:37 [INFO] [Multiverse-Core] 5 - World(s) loaded.
2015-12-10 19:43:18 [INFO] [Multiverse-Core] - Version 2.4-b527 (API v14) Enabled - By Rigby, fernferret, lithium3141 and main--
2015-12-10 19:43:19 [INFO] [Multiverse-Core] Loading World & Settings - 'world' - Env: NORMAL - Type: FLAT & seed: -4315406086328175024
2015-12-10 19:43:19 [INFO] [Multiverse-Core] Loading World & Settings - 'world_nether' - Env: NETHER - Type: FLAT & seed: -4315406086328175024
2015-12-10 19:43:20 [INFO] [Multiverse-Core] Loading World & Settings - 'world_the_end' - Env: THE_END - Type: FLAT & seed: -4315406086328175024
2015-12-10 19:43:20 [INFO] [Multiverse-Core] Loading World & Settings - 'plotworld' - Env: NORMAL - Type: NORMAL & seed: 1483843031056246239 & generator: PlotMe
2015-12-10 19:43:21 [INFO] [Multiverse-Core] Loading World & Settings - 'eventos' - Env: NORMAL - Type: FLAT & seed: -4711516305468634534
2015-12-10 19:43:22 [INFO] [Multiverse-Core] 5 - World(s) loaded.
2015-12-11 18:59:50 [INFO] [Multiverse-Core] - Version 2.4-b527 (API v14) Enabled - By Rigby, fernferret, lithium3141 and main--
2015-12-11 18:59:51 [INFO] [Multiverse-Core] Loading World & Settings - 'world' - Env: NORMAL - Type: FLAT & seed: -4315406086328175024
2015-12-11 18:59:51 [INFO] [Multiverse-Core] Loading World & Settings - 'world_nether' - Env: NETHER - Type: FLAT & seed: -4315406086328175024
2015-12-11 18:59:53 [INFO] [Multiverse-Core] Loading World & Settings - 'world_the_end' - Env: THE_END - Type: FLAT & seed: -4315406086328175024
2015-12-11 18:59:55 [INFO] [Multiverse-Core] Loading World & Settings - 'plotworld' - Env: NORMAL - Type: NORMAL & seed: 1483843031056246239 & generator: PlotMe
2015-12-11 18:59:57 [INFO] [Multiverse-Core] Loading World & Settings - 'eventos' - Env: NORMAL - Type: FLAT & seed: -4711516305468634534
2015-12-11 19:00:00 [INFO] [Multiverse-Core] 5 - World(s) loaded.
2015-12-11 19:04:01 [INFO] [Multiverse-Core] - Version 2.4-b527 (API v14) Enabled - By Rigby, fernferret, lithium3141 and main--
2015-12-11 19:04:01 [INFO] [Multiverse-Core] Loading World & Settings - 'world' - Env: NORMAL - Type: FLAT & seed: -4315406086328175024
2015-12-11 19:04:01 [INFO] [Multiverse-Core] Loading World & Settings - 'world_nether' - Env: NETHER - Type: FLAT & seed: -4315406086328175024
2015-12-11 19:04:02 [INFO] [Multiverse-Core] Loading World & Settings - 'world_the_end' - Env: THE_END - Type: FLAT & seed: -4315406086328175024
2015-12-11 19:04:03 [INFO] [Multiverse-Core] Loading World & Settings - 'plotworld' - Env: NORMAL - Type: NORMAL & seed: 1483843031056246239 & generator: PlotMe
2015-12-11 19:04:04 [INFO] [Multiverse-Core] Loading World & Settings - 'eventos' - Env: NORMAL - Type: FLAT & seed: -4711516305468634534
2015-12-11 19:04:05 [INFO] [Multiverse-Core] 5 - World(s) loaded.
2015-12-11 19:07:27 [INFO] [Multiverse-Core] - Version 2.4-b527 (API v14) Enabled - By Rigby, fernferret, lithium3141 and main--
2015-12-11 19:07:28 [INFO] [Multiverse-Core] Loading World & Settings - 'world' - Env: NORMAL - Type: FLAT & seed: -4315406086328175024
2015-12-11 19:07:28 [INFO] [Multiverse-Core] Loading World & Settings - 'world_nether' - Env: NETHER - Type: FLAT & seed: -4315406086328175024
2015-12-11 19:07:29 [INFO] [Multiverse-Core] Loading World & Settings - 'world_the_end' - Env: THE_END - Type: FLAT & seed: -4315406086328175024
2015-12-11 19:07:29 [INFO] [Multiverse-Core] Loading World & Settings - 'plotworld' - Env: NORMAL - Type: NORMAL & seed: 1483843031056246239 & generator: PlotMe
2015-12-11 19:07:30 [INFO] [Multiverse-Core] Loading World & Settings - 'eventos' - Env: NORMAL - Type: FLAT & seed: -4711516305468634534
2015-12-11 19:07:31 [INFO] [Multiverse-Core] 5 - World(s) loaded.
2015-12-11 19:15:19 [INFO] [Multiverse-Core] - Version 2.4-b527 (API v14) Enabled - By Rigby, fernferret, lithium3141 and main--
2015-12-11 19:15:20 [INFO] [Multiverse-Core] Loading World & Settings - 'world' - Env: NORMAL - Type: FLAT & seed: -4315406086328175024
2015-12-11 19:15:20 [INFO] [Multiverse-Core] Loading World & Settings - 'world_nether' - Env: NETHER - Type: FLAT & seed: -4315406086328175024
2015-12-11 19:15:21 [INFO] [Multiverse-Core] Loading World & Settings - 'world_the_end' - Env: THE_END - Type: FLAT & seed: -4315406086328175024
2015-12-11 19:15:22 [INFO] [Multiverse-Core] Loading World & Settings - 'plotworld' - Env: NORMAL - Type: NORMAL & seed: 1483843031056246239 & generator: PlotMe
2015-12-11 19:15:22 [INFO] [Multiverse-Core] Loading World & Settings - 'eventos' - Env: NORMAL - Type: FLAT & seed: -4711516305468634534
2015-12-11 19:15:23 [INFO] [Multiverse-Core] 5 - World(s) loaded.
2015-12-11 19:33:02 [INFO] [Multiverse-Core] - Version 2.4-b527 (API v14) Enabled - By Rigby, fernferret, lithium3141 and main--
2015-12-11 19:33:03 [INFO] [Multiverse-Core] Loading World & Settings - 'world' - Env: NORMAL - Type: FLAT & seed: -4315406086328175024
2015-12-11 19:33:03 [INFO] [Multiverse-Core] Loading World & Settings - 'world_nether' - Env: NETHER - Type: FLAT & seed: -4315406086328175024
2015-12-11 19:33:04 [INFO] [Multiverse-Core] Loading World & Settings - 'world_the_end' - Env: THE_END - Type: FLAT & seed: -4315406086328175024
2015-12-11 19:33:04 [INFO] [Multiverse-Core] Loading World & Settings - 'plotworld' - Env: NORMAL - Type: NORMAL & seed: 1483843031056246239 & generator: PlotMe
2015-12-11 19:33:05 [INFO] [Multiverse-Core] Loading World & Settings - 'eventos' - Env: NORMAL - Type: FLAT & seed: -4711516305468634534
2015-12-11 19:33:06 [INFO] [Multiverse-Core] 5 - World(s) loaded.
2015-12-11 19:43:20 [INFO] [Multiverse-Core] - Version 2.4-b527 (API v14) Enabled - By Rigby, fernferret, lithium3141 and main--
2015-12-11 19:43:21 [INFO] [Multiverse-Core] Loading World & Settings - 'world' - Env: NORMAL - Type: FLAT & seed: -4315406086328175024
2015-12-11 19:43:21 [INFO] [Multiverse-Core] Loading World & Settings - 'world_nether' - Env: NETHER - Type: FLAT & seed: -4315406086328175024
2015-12-11 19:43:22 [INFO] [Multiverse-Core] Loading World & Settings - 'world_the_end' - Env: THE_END - Type: FLAT & seed: -4315406086328175024
2015-12-11 19:43:23 [INFO] [Multiverse-Core] Loading World & Settings - 'plotworld' - Env: NORMAL - Type: NORMAL & seed: 1483843031056246239 & generator: PlotMe
2015-12-11 19:43:23 [INFO] [Multiverse-Core] Loading World & Settings - 'eventos' - Env: NORMAL - Type: FLAT & seed: -4711516305468634534
2015-12-11 19:43:25 [INFO] [Multiverse-Core] 5 - World(s) loaded.
2015-12-11 20:07:12 [INFO] [Multiverse-Core] - Version 2.4-b527 (API v14) Enabled - By Rigby, fernferret, lithium3141 and main--
2015-12-11 20:07:13 [INFO] [Multiverse-Core] Loading World & Settings - 'world' - Env: NORMAL - Type: FLAT & seed: -4315406086328175024
2015-12-11 20:07:13 [INFO] [Multiverse-Core] Loading World & Settings - 'world_nether' - Env: NETHER - Type: FLAT & seed: -4315406086328175024
2015-12-11 20:07:14 [INFO] [Multiverse-Core] Loading World & Settings - 'world_the_end' - Env: THE_END - Type: FLAT & seed: -4315406086328175024
2015-12-11 20:07:15 [INFO] [Multiverse-Core] Loading World & Settings - 'plotworld' - Env: NORMAL - Type: NORMAL & seed: 1483843031056246239 & generator: PlotMe
2015-12-11 20:07:15 [INFO] [Multiverse-Core] Loading World & Settings - 'eventos' - Env: NORMAL - Type: FLAT & seed: -4711516305468634534
2015-12-11 20:07:17 [INFO] [Multiverse-Core] 5 - World(s) loaded.
2015-12-11 20:09:20 [INFO] [Multiverse-Core] - Version 2.4-b527 (API v14) Enabled - By Rigby, fernferret, lithium3141 and main--
2015-12-11 20:09:21 [INFO] [Multiverse-Core] Loading World & Settings - 'world' - Env: NORMAL - Type: FLAT & seed: -4315406086328175024
2015-12-11 20:09:21 [INFO] [Multiverse-Core] Loading World & Settings - 'world_nether' - Env: NETHER - Type: FLAT & seed: -4315406086328175024
2015-12-11 20:09:22 [INFO] [Multiverse-Core] Loading World & Settings - 'world_the_end' - Env: THE_END - Type: FLAT & seed: -4315406086328175024
2015-12-11 20:09:23 [INFO] [Multiverse-Core] Loading World & Settings - 'plotworld' - Env: NORMAL - Type: NORMAL & seed: 1483843031056246239 & generator: PlotMe
2015-12-11 20:09:23 [INFO] [Multiverse-Core] Loading World & Settings - 'eventos' - Env: NORMAL - Type: FLAT & seed: -4711516305468634534
2015-12-11 20:09:24 [INFO] [Multiverse-Core] 5 - World(s) loaded.
2015-12-11 21:55:13 [INFO] [Multiverse-Core] Loading World & Settings - 'tesouro' - Env: NORMAL - Type: NORMAL & generator: flat
2015-12-11 21:56:52 [INFO] [Multiverse-Core] World 'tesouro' was unloaded from memory.
2015-12-11 21:56:52 [INFO] [Multiverse-Core] World 'tesouro' was removed from config.yml
2015-12-11 21:56:52 [INFO] [Multiverse-Core] World tesouro was DELETED.
2015-12-11 21:57:52 [INFO] [Multiverse-Core] Loading World & Settings - 'tesouro' - Env: NORMAL - Type: FLAT
2015-12-11 22:50:55 [INFO] [Multiverse-Core] - Version 2.4-b527 (API v14) Enabled - By Rigby, fernferret, lithium3141 and main--
2015-12-11 22:50:56 [INFO] [Multiverse-Core] Loading World & Settings - 'world' - Env: NORMAL - Type: FLAT & seed: -4315406086328175024
2015-12-11 22:50:56 [INFO] [Multiverse-Core] Loading World & Settings - 'world_nether' - Env: NETHER - Type: FLAT & seed: -4315406086328175024
2015-12-11 22:50:57 [INFO] [Multiverse-Core] Loading World & Settings - 'world_the_end' - Env: THE_END - Type: FLAT & seed: -4315406086328175024
2015-12-11 22:50:57 [INFO] [Multiverse-Core] Loading World & Settings - 'plotworld' - Env: NORMAL - Type: NORMAL & seed: 1483843031056246239 & generator: PlotMe
2015-12-11 22:50:57 [INFO] [Multiverse-Core] Loading World & Settings - 'eventos' - Env: NORMAL - Type: FLAT & seed: -4711516305468634534
2015-12-11 22:50:58 [INFO] [Multiverse-Core] Loading World & Settings - 'tesouro' - Env: NORMAL - Type: FLAT & seed: 3968959952317792882
2015-12-11 22:51:00 [INFO] [Multiverse-Core] 6 - World(s) loaded.
2015-12-12 07:06:55 [INFO] [Multiverse-Core] - Version 2.4-b527 (API v14) Enabled - By Rigby, fernferret, lithium3141 and main--
2015-12-12 07:06:56 [INFO] [Multiverse-Core] Loading World & Settings - 'world' - Env: NORMAL - Type: FLAT & seed: -4315406086328175024
2015-12-12 07:06:56 [INFO] [Multiverse-Core] Loading World & Settings - 'world_nether' - Env: NETHER - Type: FLAT & seed: -4315406086328175024
2015-12-12 07:06:57 [INFO] [Multiverse-Core] Loading World & Settings - 'world_the_end' - Env: THE_END - Type: FLAT & seed: -4315406086328175024
2015-12-12 07:06:58 [INFO] [Multiverse-Core] Loading World & Settings - 'plotworld' - Env: NORMAL - Type: NORMAL & seed: 1483843031056246239 & generator: PlotMe
2015-12-12 07:06:58 [INFO] [Multiverse-Core] Loading World & Settings - 'eventos' - Env: NORMAL - Type: FLAT & seed: -4711516305468634534
2015-12-12 07:07:00 [INFO] [Multiverse-Core] Loading World & Settings - 'tesouro' - Env: NORMAL - Type: FLAT & seed: 3968959952317792882
2015-12-12 07:07:02 [INFO] [Multiverse-Core] 6 - World(s) loaded.
2015-12-12 07:52:25 [INFO] [Multiverse-Core] - Version 2.4-b527 (API v14) Enabled - By Rigby, fernferret, lithium3141 and main--
2015-12-12 07:52:25 [INFO] [Multiverse-Core] Loading World & Settings - 'world' - Env: NORMAL - Type: FLAT & seed: -4315406086328175024
2015-12-12 07:52:25 [INFO] [Multiverse-Core] Loading World & Settings - 'world_nether' - Env: NETHER - Type: FLAT & seed: -4315406086328175024
2015-12-12 07:52:26 [INFO] [Multiverse-Core] Loading World & Settings - 'world_the_end' - Env: THE_END - Type: FLAT & seed: -4315406086328175024
2015-12-12 07:52:26 [INFO] [Multiverse-Core] Loading World & Settings - 'plotworld' - Env: NORMAL - Type: NORMAL & seed: 1483843031056246239 & generator: PlotMe
2015-12-12 07:52:27 [INFO] [Multiverse-Core] Loading World & Settings - 'eventos' - Env: NORMAL - Type: FLAT & seed: -4711516305468634534
2015-12-12 07:52:28 [INFO] [Multiverse-Core] Loading World & Settings - 'tesouro' - Env: NORMAL - Type: FLAT & seed: 3968959952317792882
2015-12-12 07:52:29 [INFO] [Multiverse-Core] 6 - World(s) loaded.
2015-12-12 08:40:14 [INFO] [Multiverse-Core] - Version 2.4-b527 (API v14) Enabled - By Rigby, fernferret, lithium3141 and main--
2015-12-12 08:40:15 [INFO] [Multiverse-Core] Loading World & Settings - 'world' - Env: NORMAL - Type: FLAT & seed: -4315406086328175024
2015-12-12 08:40:15 [INFO] [Multiverse-Core] Loading World & Settings - 'world_nether' - Env: NETHER - Type: FLAT & seed: -4315406086328175024
2015-12-12 08:40:16 [INFO] [Multiverse-Core] Loading World & Settings - 'world_the_end' - Env: THE_END - Type: FLAT & seed: -4315406086328175024
2015-12-12 08:40:16 [INFO] [Multiverse-Core] Loading World & Settings - 'plotworld' - Env: NORMAL - Type: NORMAL & seed: 1483843031056246239 & generator: PlotMe
2015-12-12 08:40:17 [INFO] [Multiverse-Core] Loading World & Settings - 'eventos' - Env: NORMAL - Type: FLAT & seed: -4711516305468634534
2015-12-12 08:40:18 [INFO] [Multiverse-Core] Loading World & Settings - 'tesouro' - Env: NORMAL - Type: FLAT & seed: 3968959952317792882
2015-12-12 08:40:18 [INFO] [Multiverse-Core] 6 - World(s) loaded.
2015-12-12 13:45:53 [INFO] [Multiverse-Core] - Version 2.4-b527 (API v14) Enabled - By Rigby, fernferret, lithium3141 and main--
2015-12-12 13:45:54 [INFO] [Multiverse-Core] Loading World & Settings - 'world' - Env: NORMAL - Type: FLAT & seed: -4315406086328175024
2015-12-12 13:45:54 [INFO] [Multiverse-Core] Loading World & Settings - 'world_nether' - Env: NETHER - Type: FLAT & seed: -4315406086328175024
2015-12-12 13:45:54 [INFO] [Multiverse-Core] Loading World & Settings - 'world_the_end' - Env: THE_END - Type: FLAT & seed: -4315406086328175024
2015-12-12 13:45:55 [INFO] [Multiverse-Core] Loading World & Settings - 'plotworld' - Env: NORMAL - Type: NORMAL & seed: 1483843031056246239 & generator: PlotMe
2015-12-12 13:45:55 [INFO] [Multiverse-Core] Loading World & Settings - 'eventos' - Env: NORMAL - Type: FLAT & seed: -4711516305468634534
2015-12-12 13:45:56 [INFO] [Multiverse-Core] Loading World & Settings - 'tesouro' - Env: NORMAL - Type: FLAT & seed: 3968959952317792882
2015-12-12 13:45:57 [INFO] [Multiverse-Core] 6 - World(s) loaded.
2015-12-12 14:00:49 [INFO] [Multiverse-Core] - Version 2.4-b527 (API v14) Enabled - By Rigby, fernferret, lithium3141 and main--
2015-12-12 14:00:50 [INFO] [Multiverse-Core] Loading World & Settings - 'world' - Env: NORMAL - Type: FLAT & seed: -4315406086328175024
2015-12-12 14:00:50 [INFO] [Multiverse-Core] Loading World & Settings - 'world_nether' - Env: NETHER - Type: FLAT & seed: -4315406086328175024
2015-12-12 14:00:51 [INFO] [Multiverse-Core] Loading World & Settings - 'world_the_end' - Env: THE_END - Type: FLAT & seed: -4315406086328175024
2015-12-12 14:00:51 [INFO] [Multiverse-Core] Loading World & Settings - 'plotworld' - Env: NORMAL - Type: NORMAL & seed: 1483843031056246239 & generator: PlotMe
2015-12-12 14:00:52 [INFO] [Multiverse-Core] Loading World & Settings - 'eventos' - Env: NORMAL - Type: FLAT & seed: -4711516305468634534
2015-12-12 14:00:53 [INFO] [Multiverse-Core] Loading World & Settings - 'tesouro' - Env: NORMAL - Type: FLAT & seed: 3968959952317792882
2015-12-12 14:00:54 [INFO] [Multiverse-Core] 6 - World(s) loaded.
2015-12-12 14:44:26 [INFO] [Multiverse-Core] - Version 2.4-b527 (API v14) Enabled - By Rigby, fernferret, lithium3141 and main--
2015-12-12 14:44:27 [INFO] [Multiverse-Core] Loading World & Settings - 'world' - Env: NORMAL - Type: FLAT & seed: -4315406086328175024
2015-12-12 14:44:27 [INFO] [Multiverse-Core] Loading World & Settings - 'world_nether' - Env: NETHER - Type: FLAT & seed: -4315406086328175024
2015-12-12 14:44:27 [INFO] [Multiverse-Core] Loading World & Settings - 'world_the_end' - Env: THE_END - Type: FLAT & seed: -4315406086328175024
2015-12-12 14:44:28 [INFO] [Multiverse-Core] Loading World & Settings - 'plotworld' - Env: NORMAL - Type: NORMAL & seed: 1483843031056246239 & generator: PlotMe
2015-12-12 14:44:28 [INFO] [Multiverse-Core] Loading World & Settings - 'eventos' - Env: NORMAL - Type: FLAT & seed: -4711516305468634534
2015-12-12 14:44:29 [INFO] [Multiverse-Core] Loading World & Settings - 'tesouro' - Env: NORMAL - Type: FLAT & seed: 3968959952317792882
2015-12-12 14:44:30 [INFO] [Multiverse-Core] 6 - World(s) loaded.
2015-12-12 16:07:18 [INFO] [Multiverse-Core] - Version 2.4-b527 (API v14) Enabled - By Rigby, fernferret, lithium3141 and main--
2015-12-12 16:07:19 [INFO] [Multiverse-Core] Loading World & Settings - 'world' - Env: NORMAL - Type: FLAT & seed: -4315406086328175024
2015-12-12 16:07:19 [INFO] [Multiverse-Core] Loading World & Settings - 'world_nether' - Env: NETHER - Type: FLAT & seed: -4315406086328175024
2015-12-12 16:07:20 [INFO] [Multiverse-Core] Loading World & Settings - 'world_the_end' - Env: THE_END - Type: FLAT & seed: -4315406086328175024
2015-12-12 16:07:20 [INFO] [Multiverse-Core] Loading World & Settings - 'plotworld' - Env: NORMAL - Type: NORMAL & seed: 1483843031056246239 & generator: PlotMe
2015-12-12 16:07:21 [INFO] [Multiverse-Core] Loading World & Settings - 'eventos' - Env: NORMAL - Type: FLAT & seed: -4711516305468634534
2015-12-12 16:07:22 [INFO] [Multiverse-Core] Loading World & Settings - 'tesouro' - Env: NORMAL - Type: FLAT & seed: 3968959952317792882
2015-12-12 16:07:23 [INFO] [Multiverse-Core] 6 - World(s) loaded.
2015-12-12 16:32:33 [INFO] [Multiverse-Core] - Version 2.4-b527 (API v14) Enabled - By Rigby, fernferret, lithium3141 and main--
2015-12-12 16:32:33 [INFO] [Multiverse-Core] Loading World & Settings - 'world' - Env: NORMAL - Type: FLAT & seed: -4315406086328175024
2015-12-12 16:32:33 [INFO] [Multiverse-Core] Loading World & Settings - 'world_nether' - Env: NETHER - Type: FLAT & seed: -4315406086328175024
2015-12-12 16:32:34 [INFO] [Multiverse-Core] Loading World & Settings - 'world_the_end' - Env: THE_END - Type: FLAT & seed: -4315406086328175024
2015-12-12 16:32:35 [INFO] [Multiverse-Core] Loading World & Settings - 'plotworld' - Env: NORMAL - Type: NORMAL & seed: 1483843031056246239 & generator: PlotMe
2015-12-12 16:32:35 [INFO] [Multiverse-Core] Loading World & Settings - 'eventos' - Env: NORMAL - Type: FLAT & seed: -4711516305468634534
2015-12-12 16:32:36 [INFO] [Multiverse-Core] Loading World & Settings - 'tesouro' - Env: NORMAL - Type: FLAT & seed: 3968959952317792882
2015-12-12 16:32:37 [INFO] [Multiverse-Core] 6 - World(s) loaded.
2015-12-12 16:47:34 [INFO] [Multiverse-Core] - Version 2.4-b527 (API v14) Enabled - By Rigby, fernferret, lithium3141 and main--
2015-12-12 16:47:35 [INFO] [Multiverse-Core] Loading World & Settings - 'world' - Env: NORMAL - Type: FLAT & seed: -4315406086328175024
2015-12-12 16:47:35 [INFO] [Multiverse-Core] Loading World & Settings - 'world_nether' - Env: NETHER - Type: FLAT & seed: -4315406086328175024
2015-12-12 16:47:36 [INFO] [Multiverse-Core] Loading World & Settings - 'world_the_end' - Env: THE_END - Type: FLAT & seed: -4315406086328175024
2015-12-12 16:47:36 [INFO] [Multiverse-Core] Loading World & Settings - 'plotworld' - Env: NORMAL - Type: NORMAL & seed: 1483843031056246239 & generator: PlotMe
2015-12-12 16:47:37 [INFO] [Multiverse-Core] Loading World & Settings - 'eventos' - Env: NORMAL - Type: FLAT & seed: -4711516305468634534
2015-12-12 16:47:38 [INFO] [Multiverse-Core] Loading World & Settings - 'tesouro' - Env: NORMAL - Type: FLAT & seed: 3968959952317792882
2015-12-12 16:47:39 [INFO] [Multiverse-Core] 6 - World(s) loaded.
2015-12-12 17:15:08 [INFO] [Multiverse-Core] - Version 2.4-b527 (API v14) Enabled - By Rigby, fernferret, lithium3141 and main--
2015-12-12 17:15:09 [INFO] [Multiverse-Core] Loading World & Settings - 'world' - Env: NORMAL - Type: FLAT & seed: -4315406086328175024
2015-12-12 17:15:09 [INFO] [Multiverse-Core] Loading World & Settings - 'world_nether' - Env: NETHER - Type: FLAT & seed: -4315406086328175024
2015-12-12 17:15:10 [INFO] [Multiverse-Core] Loading World & Settings - 'world_the_end' - Env: THE_END - Type: FLAT & seed: -4315406086328175024
2015-12-12 17:15:10 [INFO] [Multiverse-Core] Loading World & Settings - 'plotworld' - Env: NORMAL - Type: NORMAL & seed: 1483843031056246239 & generator: PlotMe
2015-12-12 17:15:11 [INFO] [Multiverse-Core] Loading World & Settings - 'eventos' - Env: NORMAL - Type: FLAT & seed: -4711516305468634534
2015-12-12 17:15:12 [INFO] [Multiverse-Core] Loading World & Settings - 'tesouro' - Env: NORMAL - Type: FLAT & seed: 3968959952317792882
2015-12-12 17:15:14 [INFO] [Multiverse-Core] 6 - World(s) loaded.
2015-12-12 17:34:25 [INFO] [Multiverse-Core] - Version 2.4-b527 (API v14) Enabled - By Rigby, fernferret, lithium3141 and main--
2015-12-12 17:34:26 [INFO] [Multiverse-Core] Loading World & Settings - 'world' - Env: NORMAL - Type: FLAT & seed: -4315406086328175024
2015-12-12 17:34:26 [INFO] [Multiverse-Core] Loading World & Settings - 'world_nether' - Env: NETHER - Type: FLAT & seed: -4315406086328175024
2015-12-12 17:34:27 [INFO] [Multiverse-Core] Loading World & Settings - 'world_the_end' - Env: THE_END - Type: FLAT & seed: -4315406086328175024
2015-12-12 17:34:28 [INFO] [Multiverse-Core] Loading World & Settings - 'plotworld' - Env: NORMAL - Type: NORMAL & seed: 1483843031056246239 & generator: PlotMe
2015-12-12 17:34:28 [INFO] [Multiverse-Core] Loading World & Settings - 'eventos' - Env: NORMAL - Type: FLAT & seed: -4711516305468634534
2015-12-12 17:34:29 [INFO] [Multiverse-Core] Loading World & Settings - 'tesouro' - Env: NORMAL - Type: FLAT & seed: 3968959952317792882
2015-12-12 17:34:33 [INFO] [Multiverse-Core] 6 - World(s) loaded.
2015-12-12 17:38:38 [INFO] [Multiverse-Core] - Version 2.4-b527 (API v14) Enabled - By Rigby, fernferret, lithium3141 and main--
2015-12-12 17:38:39 [INFO] [Multiverse-Core] Loading World & Settings - 'world' - Env: NORMAL - Type: FLAT & seed: -4315406086328175024
2015-12-12 17:38:39 [INFO] [Multiverse-Core] Loading World & Settings - 'world_nether' - Env: NETHER - Type: FLAT & seed: -4315406086328175024
2015-12-12 17:38:40 [INFO] [Multiverse-Core] Loading World & Settings - 'world_the_end' - Env: THE_END - Type: FLAT & seed: -4315406086328175024
2015-12-12 17:38:40 [INFO] [Multiverse-Core] Loading World & Settings - 'plotworld' - Env: NORMAL - Type: NORMAL & seed: 1483843031056246239 & generator: PlotMe
2015-12-12 17:38:41 [INFO] [Multiverse-Core] Loading World & Settings - 'eventos' - Env: NORMAL - Type: FLAT & seed: -4711516305468634534
2015-12-12 17:38:42 [INFO] [Multiverse-Core] Loading World & Settings - 'tesouro' - Env: NORMAL - Type: FLAT & seed: 3968959952317792882
2015-12-12 17:38:43 [INFO] [Multiverse-Core] 6 - World(s) loaded.
2015-12-12 17:47:45 [INFO] [Multiverse-Core] - Version 2.4-b527 (API v14) Enabled - By Rigby, fernferret, lithium3141 and main--
2015-12-12 17:47:46 [INFO] [Multiverse-Core] Loading World & Settings - 'world' - Env: NORMAL - Type: FLAT & seed: -4315406086328175024
2015-12-12 17:47:46 [INFO] [Multiverse-Core] Loading World & Settings - 'world_nether' - Env: NETHER - Type: FLAT & seed: -4315406086328175024
2015-12-12 17:47:47 [INFO] [Multiverse-Core] Loading World & Settings - 'world_the_end' - Env: THE_END - Type: FLAT & seed: -4315406086328175024
2015-12-12 17:47:47 [INFO] [Multiverse-Core] Loading World & Settings - 'plotworld' - Env: NORMAL - Type: NORMAL & seed: 1483843031056246239 & generator: PlotMe
2015-12-12 17:47:48 [INFO] [Multiverse-Core] Loading World & Settings - 'eventos' - Env: NORMAL - Type: FLAT & seed: -4711516305468634534
2015-12-12 17:47:49 [INFO] [Multiverse-Core] Loading World & Settings - 'tesouro' - Env: NORMAL - Type: FLAT & seed: 3968959952317792882
2015-12-12 17:47:50 [INFO] [Multiverse-Core] 6 - World(s) loaded.
2015-12-12 18:49:27 [INFO] [Multiverse-Core] - Version 2.4-b527 (API v14) Enabled - By Rigby, fernferret, lithium3141 and main--
2015-12-12 18:49:27 [INFO] [Multiverse-Core] Loading World & Settings - 'world' - Env: NORMAL - Type: FLAT & seed: -4315406086328175024
2015-12-12 18:49:27 [INFO] [Multiverse-Core] Loading World & Settings - 'world_nether' - Env: NETHER - Type: FLAT & seed: -4315406086328175024
2015-12-12 18:49:28 [INFO] [Multiverse-Core] Loading World & Settings - 'world_the_end' - Env: THE_END - Type: FLAT & seed: -4315406086328175024
2015-12-12 18:49:28 [INFO] [Multiverse-Core] Loading World & Settings - 'plotworld' - Env: NORMAL - Type: NORMAL & seed: 1483843031056246239 & generator: PlotMe
2015-12-12 18:49:29 [INFO] [Multiverse-Core] Loading World & Settings - 'eventos' - Env: NORMAL - Type: FLAT & seed: -4711516305468634534
2015-12-12 18:49:30 [INFO] [Multiverse-Core] Loading World & Settings - 'tesouro' - Env: NORMAL - Type: FLAT & seed: 3968959952317792882
2015-12-12 18:49:30 [INFO] [Multiverse-Core] 6 - World(s) loaded.
2015-12-12 19:00:47 [INFO] [Multiverse-Core] - Version 2.4-b527 (API v14) Enabled - By Rigby, fernferret, lithium3141 and main--
2015-12-12 19:00:48 [INFO] [Multiverse-Core] Loading World & Settings - 'world' - Env: NORMAL - Type: FLAT & seed: -4315406086328175024
2015-12-12 19:00:48 [INFO] [Multiverse-Core] Loading World & Settings - 'world_nether' - Env: NETHER - Type: FLAT & seed: -4315406086328175024
2015-12-12 19:00:49 [INFO] [Multiverse-Core] Loading World & Settings - 'world_the_end' - Env: THE_END - Type: FLAT & seed: -4315406086328175024
2015-12-12 19:00:49 [INFO] [Multiverse-Core] Loading World & Settings - 'plotworld' - Env: NORMAL - Type: NORMAL & seed: 1483843031056246239 & generator: PlotMe
2015-12-12 19:00:50 [INFO] [Multiverse-Core] Loading World & Settings - 'eventos' - Env: NORMAL - Type: FLAT & seed: -4711516305468634534
2015-12-12 19:00:50 [INFO] [Multiverse-Core] Loading World & Settings - 'tesouro' - Env: NORMAL - Type: FLAT & seed: 3968959952317792882
2015-12-12 19:00:51 [INFO] [Multiverse-Core] 6 - World(s) loaded.
2015-12-12 22:27:14 [INFO] [Multiverse-Core] - Version 2.4-b527 (API v14) Enabled - By Rigby, fernferret, lithium3141 and main--
2015-12-12 22:27:15 [INFO] [Multiverse-Core] Loading World & Settings - 'world' - Env: NORMAL - Type: FLAT & seed: -4315406086328175024
2015-12-12 22:27:15 [INFO] [Multiverse-Core] Loading World & Settings - 'world_nether' - Env: NETHER - Type: FLAT & seed: -4315406086328175024
2015-12-12 22:27:16 [INFO] [Multiverse-Core] Loading World & Settings - 'world_the_end' - Env: THE_END - Type: FLAT & seed: -4315406086328175024
2015-12-12 22:27:17 [INFO] [Multiverse-Core] Loading World & Settings - 'plotworld' - Env: NORMAL - Type: NORMAL & seed: 1483843031056246239 & generator: PlotMe
2015-12-12 22:27:17 [INFO] [Multiverse-Core] Loading World & Settings - 'eventos' - Env: NORMAL - Type: FLAT & seed: -4711516305468634534
2015-12-12 22:27:18 [INFO] [Multiverse-Core] Loading World & Settings - 'tesouro' - Env: NORMAL - Type: FLAT & seed: 3968959952317792882
2015-12-12 22:27:20 [INFO] [Multiverse-Core] 6 - World(s) loaded.
2015-12-12 22:46:33 [INFO] [Multiverse-Core] - Version 2.4-b527 (API v14) Enabled - By Rigby, fernferret, lithium3141 and main--
2015-12-12 22:46:33 [INFO] [Multiverse-Core] Loading World & Settings - 'world' - Env: NORMAL - Type: FLAT & seed: -4315406086328175024
2015-12-12 22:46:33 [INFO] [Multiverse-Core] Loading World & Settings - 'world_nether' - Env: NETHER - Type: FLAT & seed: -4315406086328175024
2015-12-12 22:46:34 [INFO] [Multiverse-Core] Loading World & Settings - 'world_the_end' - Env: THE_END - Type: FLAT & seed: -4315406086328175024
2015-12-12 22:46:35 [INFO] [Multiverse-Core] Loading World & Settings - 'plotworld' - Env: NORMAL - Type: NORMAL & seed: 1483843031056246239 & generator: PlotMe
2015-12-12 22:46:35 [INFO] [Multiverse-Core] Loading World & Settings - 'eventos' - Env: NORMAL - Type: FLAT & seed: -4711516305468634534
2015-12-12 22:46:37 [INFO] [Multiverse-Core] Loading World & Settings - 'tesouro' - Env: NORMAL - Type: FLAT & seed: 3968959952317792882
2015-12-12 22:46:38 [INFO] [Multiverse-Core] 6 - World(s) loaded.
2015-12-13 08:03:56 [INFO] [Multiverse-Core] - Version 2.4-b527 (API v14) Enabled - By Rigby, fernferret, lithium3141 and main--
2015-12-13 08:03:56 [INFO] [Multiverse-Core] Loading World & Settings - 'world' - Env: NORMAL - Type: FLAT & seed: -4315406086328175024
2015-12-13 08:03:56 [INFO] [Multiverse-Core] Loading World & Settings - 'world_nether' - Env: NETHER - Type: FLAT & seed: -4315406086328175024
2015-12-13 08:03:57 [INFO] [Multiverse-Core] Loading World & Settings - 'world_the_end' - Env: THE_END - Type: FLAT & seed: -4315406086328175024
2015-12-13 08:03:58 [INFO] [Multiverse-Core] Loading World & Settings - 'plotworld' - Env: NORMAL - Type: NORMAL & seed: 1483843031056246239 & generator: PlotMe
2015-12-13 08:03:59 [INFO] [Multiverse-Core] Loading World & Settings - 'eventos' - Env: NORMAL - Type: FLAT & seed: -4711516305468634534
2015-12-13 08:04:01 [INFO] [Multiverse-Core] Loading World & Settings - 'tesouro' - Env: NORMAL - Type: FLAT & seed: 3968959952317792882
2015-12-13 08:04:04 [INFO] [Multiverse-Core] 6 - World(s) loaded.
2015-12-13 08:07:03 [INFO] [Multiverse-Core] - Version 2.4-b527 (API v14) Enabled - By Rigby, fernferret, lithium3141 and main--
2015-12-13 08:07:03 [INFO] [Multiverse-Core] Loading World & Settings - 'world' - Env: NORMAL - Type: FLAT & seed: -4315406086328175024
2015-12-13 08:07:04 [INFO] [Multiverse-Core] Loading World & Settings - 'world_nether' - Env: NETHER - Type: FLAT & seed: -4315406086328175024
2015-12-13 08:07:04 [INFO] [Multiverse-Core] Loading World & Settings - 'world_the_end' - Env: THE_END - Type: FLAT & seed: -4315406086328175024
2015-12-13 08:07:04 [INFO] [Multiverse-Core] Loading World & Settings - 'plotworld' - Env: NORMAL - Type: NORMAL & seed: 1483843031056246239 & generator: PlotMe
2015-12-13 08:07:05 [INFO] [Multiverse-Core] Loading World & Settings - 'eventos' - Env: NORMAL - Type: FLAT & seed: -4711516305468634534
2015-12-13 08:07:06 [INFO] [Multiverse-Core] Loading World & Settings - 'tesouro' - Env: NORMAL - Type: FLAT & seed: 3968959952317792882
2015-12-13 08:07:07 [INFO] [Multiverse-Core] 6 - World(s) loaded.
2015-12-13 08:15:34 [INFO] [Multiverse-Core] - Version 2.4-b527 (API v14) Enabled - By Rigby, fernferret, lithium3141 and main--
2015-12-13 08:15:37 [INFO] [Multiverse-Core] Loading World & Settings - 'world' - Env: NORMAL - Type: FLAT & seed: -4315406086328175024
2015-12-13 08:15:38 [INFO] [Multiverse-Core] Loading World & Settings - 'world_nether' - Env: NETHER - Type: FLAT & seed: -4315406086328175024
2015-12-13 08:15:39 [INFO] [Multiverse-Core] Loading World & Settings - 'world_the_end' - Env: THE_END - Type: FLAT & seed: -4315406086328175024
2015-12-13 08:15:39 [INFO] [Multiverse-Core] Loading World & Settings - 'plotworld' - Env: NORMAL - Type: NORMAL & seed: 1483843031056246239 & generator: PlotMe
2015-12-13 08:15:40 [INFO] [Multiverse-Core] Loading World & Settings - 'eventos' - Env: NORMAL - Type: FLAT & seed: -4711516305468634534
2015-12-13 08:15:41 [INFO] [Multiverse-Core] Loading World & Settings - 'tesouro' - Env: NORMAL - Type: FLAT & seed: 3968959952317792882
2015-12-13 08:15:42 [INFO] [Multiverse-Core] 6 - World(s) loaded.
2015-12-13 09:10:28 [INFO] [Multiverse-Core] - Version 2.4-b527 (API v14) Enabled - By Rigby, fernferret, lithium3141 and main--
2015-12-13 09:10:29 [INFO] [Multiverse-Core] Loading World & Settings - 'world' - Env: NORMAL - Type: FLAT & seed: -4315406086328175024
2015-12-13 09:10:29 [INFO] [Multiverse-Core] Loading World & Settings - 'world_nether' - Env: NETHER - Type: FLAT & seed: -4315406086328175024
2015-12-13 09:10:30 [INFO] [Multiverse-Core] Loading World & Settings - 'world_the_end' - Env: THE_END - Type: FLAT & seed: -4315406086328175024
2015-12-13 09:10:30 [INFO] [Multiverse-Core] Loading World & Settings - 'plotworld' - Env: NORMAL - Type: NORMAL & seed: 1483843031056246239 & generator: PlotMe
2015-12-13 09:10:31 [INFO] [Multiverse-Core] Loading World & Settings - 'eventos' - Env: NORMAL - Type: FLAT & seed: -4711516305468634534
2015-12-13 09:10:32 [INFO] [Multiverse-Core] Loading World & Settings - 'tesouro' - Env: NORMAL - Type: FLAT & seed: 3968959952317792882
2015-12-13 09:10:33 [INFO] [Multiverse-Core] 6 - World(s) loaded.
2015-12-13 09:16:08 [INFO] [Multiverse-Core] - Version 2.4-b527 (API v14) Enabled - By Rigby, fernferret, lithium3141 and main--
2015-12-13 09:16:10 [INFO] [Multiverse-Core] Loading World & Settings - 'world' - Env: NORMAL - Type: FLAT & seed: -4315406086328175024
2015-12-13 09:16:10 [INFO] [Multiverse-Core] Loading World & Settings - 'world_nether' - Env: NETHER - Type: FLAT & seed: -4315406086328175024
2015-12-13 09:16:11 [INFO] [Multiverse-Core] Loading World & Settings - 'world_the_end' - Env: THE_END - Type: FLAT & seed: -4315406086328175024
2015-12-13 09:16:11 [INFO] [Multiverse-Core] Loading World & Settings - 'plotworld' - Env: NORMAL - Type: NORMAL & seed: 1483843031056246239 & generator: PlotMe
2015-12-13 09:16:11 [INFO] [Multiverse-Core] Loading World & Settings - 'eventos' - Env: NORMAL - Type: FLAT & seed: -4711516305468634534
2015-12-13 09:16:12 [INFO] [Multiverse-Core] Loading World & Settings - 'tesouro' - Env: NORMAL - Type: FLAT & seed: 3968959952317792882
2015-12-13 09:16:13 [INFO] [Multiverse-Core] 6 - World(s) loaded.
2015-12-13 09:43:52 [INFO] [Multiverse-Core] - Version 2.4-b527 (API v14) Enabled - By Rigby, fernferret, lithium3141 and main--
2015-12-13 09:43:53 [INFO] [Multiverse-Core] Loading World & Settings - 'world' - Env: NORMAL - Type: FLAT & seed: -4315406086328175024
2015-12-13 09:43:54 [INFO] [Multiverse-Core] Loading World & Settings - 'world_nether' - Env: NETHER - Type: FLAT & seed: -4315406086328175024
2015-12-13 09:43:55 [INFO] [Multiverse-Core] Loading World & Settings - 'world_the_end' - Env: THE_END - Type: FLAT & seed: -4315406086328175024
2015-12-13 09:43:55 [INFO] [Multiverse-Core] Loading World & Settings - 'plotworld' - Env: NORMAL - Type: NORMAL & seed: 1483843031056246239 & generator: PlotMe
2015-12-13 09:43:56 [INFO] [Multiverse-Core] Loading World & Settings - 'eventos' - Env: NORMAL - Type: FLAT & seed: -4711516305468634534
2015-12-13 09:43:58 [INFO] [Multiverse-Core] Loading World & Settings - 'tesouro' - Env: NORMAL - Type: FLAT & seed: 3968959952317792882
2015-12-13 09:43:59 [INFO] [Multiverse-Core] 6 - World(s) loaded.
2015-12-13 10:56:00 [INFO] [Multiverse-Core] - Version 2.4-b527 (API v14) Enabled - By Rigby, fernferret, lithium3141 and main--
2015-12-13 10:56:00 [INFO] [Multiverse-Core] Loading World & Settings - 'world' - Env: NORMAL - Type: FLAT & seed: -4315406086328175024
2015-12-13 10:56:00 [INFO] [Multiverse-Core] Loading World & Settings - 'world_nether' - Env: NETHER - Type: FLAT & seed: -4315406086328175024
2015-12-13 10:56:01 [INFO] [Multiverse-Core] Loading World & Settings - 'world_the_end' - Env: THE_END - Type: FLAT & seed: -4315406086328175024
2015-12-13 10:56:02 [INFO] [Multiverse-Core] Loading World & Settings - 'plotworld' - Env: NORMAL - Type: NORMAL & seed: 1483843031056246239 & generator: PlotMe
2015-12-13 10:56:03 [INFO] [Multiverse-Core] Loading World & Settings - 'eventos' - Env: NORMAL - Type: FLAT & seed: -4711516305468634534
2015-12-13 10:56:04 [INFO] [Multiverse-Core] Loading World & Settings - 'tesouro' - Env: NORMAL - Type: FLAT & seed: 3968959952317792882
2015-12-13 10:56:06 [INFO] [Multiverse-Core] 6 - World(s) loaded.
2015-12-13 11:24:54 [INFO] [Multiverse-Core] - Version 2.4-b527 (API v14) Enabled - By Rigby, fernferret, lithium3141 and main--
2015-12-13 11:24:55 [INFO] [Multiverse-Core] Loading World & Settings - 'world' - Env: NORMAL - Type: FLAT & seed: -4315406086328175024
2015-12-13 11:24:55 [INFO] [Multiverse-Core] Loading World & Settings - 'world_nether' - Env: NETHER - Type: FLAT & seed: -4315406086328175024
2015-12-13 11:24:56 [INFO] [Multiverse-Core] Loading World & Settings - 'world_the_end' - Env: THE_END - Type: FLAT & seed: -4315406086328175024
2015-12-13 11:24:56 [INFO] [Multiverse-Core] Loading World & Settings - 'plotworld' - Env: NORMAL - Type: NORMAL & seed: 1483843031056246239 & generator: PlotMe
2015-12-13 11:24:56 [INFO] [Multiverse-Core] Loading World & Settings - 'eventos' - Env: NORMAL - Type: FLAT & seed: -4711516305468634534
2015-12-13 11:24:57 [INFO] [Multiverse-Core] Loading World & Settings - 'tesouro' - Env: NORMAL - Type: FLAT & seed: 3968959952317792882
2015-12-13 11:24:58 [INFO] [Multiverse-Core] 6 - World(s) loaded.
2015-12-13 12:03:31 [INFO] [Multiverse-Core] - Version 2.4-b527 (API v14) Enabled - By Rigby, fernferret, lithium3141 and main--
2015-12-13 12:03:32 [INFO] [Multiverse-Core] Loading World & Settings - 'world' - Env: NORMAL - Type: FLAT & seed: -4315406086328175024
2015-12-13 12:03:32 [INFO] [Multiverse-Core] Loading World & Settings - 'world_nether' - Env: NETHER - Type: FLAT & seed: -4315406086328175024
2015-12-13 12:03:33 [INFO] [Multiverse-Core] Loading World & Settings - 'world_the_end' - Env: THE_END - Type: FLAT & seed: -4315406086328175024
2015-12-13 12:03:33 [INFO] [Multiverse-Core] Loading World & Settings - 'plotworld' - Env: NORMAL - Type: NORMAL & seed: 1483843031056246239 & generator: PlotMe
2015-12-13 12:03:34 [INFO] [Multiverse-Core] Loading World & Settings - 'eventos' - Env: NORMAL - Type: FLAT & seed: -4711516305468634534
2015-12-13 12:03:35 [INFO] [Multiverse-Core] Loading World & Settings - 'tesouro' - Env: NORMAL - Type: FLAT & seed: 3968959952317792882
2015-12-13 12:03:36 [INFO] [Multiverse-Core] 6 - World(s) loaded.
2015-12-13 13:00:18 [INFO] [Multiverse-Core] - Version 2.4-b527 (API v14) Enabled - By Rigby, fernferret, lithium3141 and main--
2015-12-13 13:00:19 [INFO] [Multiverse-Core] Loading World & Settings - 'world' - Env: NORMAL - Type: FLAT & seed: -4315406086328175024
2015-12-13 13:00:19 [INFO] [Multiverse-Core] Loading World & Settings - 'world_nether' - Env: NETHER - Type: FLAT & seed: -4315406086328175024
2015-12-13 13:00:20 [INFO] [Multiverse-Core] Loading World & Settings - 'world_the_end' - Env: THE_END - Type: FLAT & seed: -4315406086328175024
2015-12-13 13:00:20 [INFO] [Multiverse-Core] Loading World & Settings - 'plotworld' - Env: NORMAL - Type: NORMAL & seed: 1483843031056246239 & generator: PlotMe
2015-12-13 13:00:21 [INFO] [Multiverse-Core] Loading World & Settings - 'eventos' - Env: NORMAL - Type: FLAT & seed: -4711516305468634534
2015-12-13 13:00:21 [INFO] [Multiverse-Core] Loading World & Settings - 'tesouro' - Env: NORMAL - Type: FLAT & seed: 3968959952317792882
2015-12-13 13:00:22 [INFO] [Multiverse-Core] 6 - World(s) loaded.
2015-12-13 14:18:24 [INFO] [Multiverse-Core] - Version 2.4-b527 (API v14) Enabled - By Rigby, fernferret, lithium3141 and main--
2015-12-13 14:18:25 [INFO] [Multiverse-Core] Loading World & Settings - 'world' - Env: NORMAL - Type: FLAT & seed: -4315406086328175024
2015-12-13 14:18:26 [INFO] [Multiverse-Core] Loading World & Settings - 'world_nether' - Env: NETHER - Type: FLAT & seed: -4315406086328175024
2015-12-13 14:18:27 [INFO] [Multiverse-Core] Loading World & Settings - 'world_the_end' - Env: THE_END - Type: FLAT & seed: -4315406086328175024
2015-12-13 14:18:27 [INFO] [Multiverse-Core] Loading World & Settings - 'plotworld' - Env: NORMAL - Type: NORMAL & seed: 1483843031056246239 & generator: PlotMe
2015-12-13 14:18:28 [INFO] [Multiverse-Core] Loading World & Settings - 'eventos' - Env: NORMAL - Type: FLAT & seed: -4711516305468634534
2015-12-13 14:18:28 [INFO] [Multiverse-Core] Loading World & Settings - 'tesouro' - Env: NORMAL - Type: FLAT & seed: 3968959952317792882
2015-12-13 14:18:30 [INFO] [Multiverse-Core] 6 - World(s) loaded.
2015-12-13 15:28:25 [INFO] [Multiverse-Core] - Version 2.4-b527 (API v14) Enabled - By Rigby, fernferret, lithium3141 and main--
2015-12-13 15:28:26 [INFO] [Multiverse-Core] Loading World & Settings - 'world' - Env: NORMAL - Type: FLAT & seed: -4315406086328175024
2015-12-13 15:28:26 [INFO] [Multiverse-Core] Loading World & Settings - 'world_nether' - Env: NETHER - Type: FLAT & seed: -4315406086328175024
2015-12-13 15:28:27 [INFO] [Multiverse-Core] Loading World & Settings - 'world_the_end' - Env: THE_END - Type: FLAT & seed: -4315406086328175024
2015-12-13 15:28:27 [INFO] [Multiverse-Core] Loading World & Settings - 'plotworld' - Env: NORMAL - Type: NORMAL & seed: 1483843031056246239 & generator: PlotMe
2015-12-13 15:28:28 [INFO] [Multiverse-Core] Loading World & Settings - 'eventos' - Env: NORMAL - Type: FLAT & seed: -4711516305468634534
2015-12-13 15:28:28 [INFO] [Multiverse-Core] Loading World & Settings - 'tesouro' - Env: NORMAL - Type: FLAT & seed: 3968959952317792882
2015-12-13 15:28:29 [INFO] [Multiverse-Core] 6 - World(s) loaded.
2015-12-13 15:40:58 [INFO] [Multiverse-Core] - Version 2.4-b527 (API v14) Enabled - By Rigby, fernferret, lithium3141 and main--
2015-12-13 15:41:02 [INFO] [Multiverse-Core] Loading World & Settings - 'world' - Env: NORMAL - Type: FLAT & seed: -4315406086328175024
2015-12-13 15:41:03 [INFO] [Multiverse-Core] Loading World & Settings - 'world_nether' - Env: NETHER - Type: FLAT & seed: -4315406086328175024
2015-12-13 15:41:04 [INFO] [Multiverse-Core] Loading World & Settings - 'world_the_end' - Env: THE_END - Type: FLAT & seed: -4315406086328175024
2015-12-13 15:41:04 [INFO] [Multiverse-Core] Loading World & Settings - 'plotworld' - Env: NORMAL - Type: NORMAL & seed: 1483843031056246239 & generator: PlotMe
2015-12-13 15:41:04 [INFO] [Multiverse-Core] Loading World & Settings - 'eventos' - Env: NORMAL - Type: FLAT & seed: -4711516305468634534
2015-12-13 15:41:05 [INFO] [Multiverse-Core] Loading World & Settings - 'tesouro' - Env: NORMAL - Type: FLAT & seed: 3968959952317792882
2015-12-13 15:41:06 [INFO] [Multiverse-Core] 6 - World(s) loaded.
2015-12-13 15:45:15 [INFO] [Multiverse-Core] - Version 2.4-b527 (API v14) Enabled - By Rigby, fernferret, lithium3141 and main--
2015-12-13 15:45:17 [INFO] [Multiverse-Core] Loading World & Settings - 'world' - Env: NORMAL - Type: FLAT & seed: -4315406086328175024
2015-12-13 15:45:17 [INFO] [Multiverse-Core] Loading World & Settings - 'world_nether' - Env: NETHER - Type: FLAT & seed: -4315406086328175024
2015-12-13 15:45:18 [INFO] [Multiverse-Core] Loading World & Settings - 'world_the_end' - Env: THE_END - Type: FLAT & seed: -4315406086328175024
2015-12-13 15:45:18 [INFO] [Multiverse-Core] Loading World & Settings - 'plotworld' - Env: NORMAL - Type: NORMAL & seed: 1483843031056246239 & generator: PlotMe
2015-12-13 15:45:18 [INFO] [Multiverse-Core] Loading World & Settings - 'eventos' - Env: NORMAL - Type: FLAT & seed: -4711516305468634534
2015-12-13 15:45:19 [INFO] [Multiverse-Core] Loading World & Settings - 'tesouro' - Env: NORMAL - Type: FLAT & seed: 3968959952317792882
2015-12-13 15:45:19 [INFO] [Multiverse-Core] 6 - World(s) loaded.
2015-12-13 15:50:03 [INFO] [Multiverse-Core] - Version 2.4-b527 (API v14) Enabled - By Rigby, fernferret, lithium3141 and main--
2015-12-13 15:50:05 [INFO] [Multiverse-Core] Loading World & Settings - 'world' - Env: NORMAL - Type: FLAT & seed: -4315406086328175024
2015-12-13 15:50:06 [INFO] [Multiverse-Core] Loading World & Settings - 'world_nether' - Env: NETHER - Type: FLAT & seed: -4315406086328175024
2015-12-13 15:50:06 [INFO] [Multiverse-Core] Loading World & Settings - 'world_the_end' - Env: THE_END - Type: FLAT & seed: -4315406086328175024
2015-12-13 15:50:06 [INFO] [Multiverse-Core] Loading World & Settings - 'plotworld' - Env: NORMAL - Type: NORMAL & seed: 1483843031056246239 & generator: PlotMe
2015-12-13 15:50:07 [INFO] [Multiverse-Core] Loading World & Settings - 'eventos' - Env: NORMAL - Type: FLAT & seed: -4711516305468634534
2015-12-13 15:50:07 [INFO] [Multiverse-Core] Loading World & Settings - 'tesouro' - Env: NORMAL - Type: FLAT & seed: 3968959952317792882
2015-12-13 15:50:08 [INFO] [Multiverse-Core] 6 - World(s) loaded.
2015-12-13 16:02:43 [INFO] [Multiverse-Core] - Version 2.4-b527 (API v14) Enabled - By Rigby, fernferret, lithium3141 and main--
2015-12-13 16:02:46 [INFO] [Multiverse-Core] Loading World & Settings - 'world' - Env: NORMAL - Type: FLAT & seed: -4315406086328175024
2015-12-13 16:02:47 [INFO] [Multiverse-Core] Loading World & Settings - 'world_nether' - Env: NETHER - Type: FLAT & seed: -4315406086328175024
2015-12-13 16:02:48 [INFO] [Multiverse-Core] Loading World & Settings - 'world_the_end' - Env: THE_END - Type: FLAT & seed: -4315406086328175024
2015-12-13 16:02:48 [INFO] [Multiverse-Core] Loading World & Settings - 'plotworld' - Env: NORMAL - Type: NORMAL & seed: 1483843031056246239 & generator: PlotMe
2015-12-13 16:02:48 [INFO] [Multiverse-Core] Loading World & Settings - 'eventos' - Env: NORMAL - Type: FLAT & seed: -4711516305468634534
2015-12-13 16:02:49 [INFO] [Multiverse-Core] Loading World & Settings - 'tesouro' - Env: NORMAL - Type: FLAT & seed: 3968959952317792882
2015-12-13 16:02:49 [INFO] [Multiverse-Core] 6 - World(s) loaded.
2015-12-13 18:13:57 [INFO] [Multiverse-Core] - Version 2.4-b527 (API v14) Enabled - By Rigby, fernferret, lithium3141 and main--
2015-12-13 18:13:58 [INFO] [Multiverse-Core] Loading World & Settings - 'world' - Env: NORMAL - Type: FLAT & seed: -4315406086328175024
2015-12-13 18:13:58 [INFO] [Multiverse-Core] Loading World & Settings - 'world_nether' - Env: NETHER - Type: FLAT & seed: -4315406086328175024
2015-12-13 18:13:59 [INFO] [Multiverse-Core] Loading World & Settings - 'world_the_end' - Env: THE_END - Type: FLAT & seed: -4315406086328175024
2015-12-13 18:14:00 [INFO] [Multiverse-Core] Loading World & Settings - 'plotworld' - Env: NORMAL - Type: NORMAL & seed: 1483843031056246239 & generator: PlotMe
2015-12-13 18:14:01 [INFO] [Multiverse-Core] Loading World & Settings - 'eventos' - Env: NORMAL - Type: FLAT & seed: -4711516305468634534
2015-12-13 18:14:02 [INFO] [Multiverse-Core] Loading World & Settings - 'tesouro' - Env: NORMAL - Type: FLAT & seed: 3968959952317792882
2015-12-13 18:14:04 [INFO] [Multiverse-Core] 6 - World(s) loaded.
2015-12-13 18:22:19 [INFO] [Multiverse-Core] - Version 2.4-b527 (API v14) Enabled - By Rigby, fernferret, lithium3141 and main--
2015-12-13 18:22:19 [INFO] [Multiverse-Core] Loading World & Settings - 'world' - Env: NORMAL - Type: FLAT & seed: -4315406086328175024
2015-12-13 18:22:20 [INFO] [Multiverse-Core] Loading World & Settings - 'world_nether' - Env: NETHER - Type: FLAT & seed: -4315406086328175024
2015-12-13 18:22:21 [INFO] [Multiverse-Core] Loading World & Settings - 'world_the_end' - Env: THE_END - Type: FLAT & seed: -4315406086328175024
2015-12-13 18:22:21 [INFO] [Multiverse-Core] Loading World & Settings - 'plotworld' - Env: NORMAL - Type: NORMAL & seed: 1483843031056246239 & generator: PlotMe
2015-12-13 18:22:22 [INFO] [Multiverse-Core] Loading World & Settings - 'eventos' - Env: NORMAL - Type: FLAT & seed: -4711516305468634534
2015-12-13 18:22:23 [INFO] [Multiverse-Core] Loading World & Settings - 'tesouro' - Env: NORMAL - Type: FLAT & seed: 3968959952317792882
2015-12-13 18:22:24 [INFO] [Multiverse-Core] 6 - World(s) loaded.
2015-12-13 19:38:40 [INFO] [Multiverse-Core] - Version 2.4-b527 (API v14) Enabled - By Rigby, fernferret, lithium3141 and main--
2015-12-13 19:38:41 [INFO] [Multiverse-Core] Loading World & Settings - 'world' - Env: NORMAL - Type: FLAT & seed: -4315406086328175024
2015-12-13 19:38:41 [INFO] [Multiverse-Core] Loading World & Settings - 'world_nether' - Env: NETHER - Type: FLAT & seed: -4315406086328175024
2015-12-13 19:38:42 [INFO] [Multiverse-Core] Loading World & Settings - 'world_the_end' - Env: THE_END - Type: FLAT & seed: -4315406086328175024
2015-12-13 19:38:43 [INFO] [Multiverse-Core] Loading World & Settings - 'plotworld' - Env: NORMAL - Type: NORMAL & seed: 1483843031056246239 & generator: PlotMe
2015-12-13 19:38:43 [INFO] [Multiverse-Core] Loading World & Settings - 'eventos' - Env: NORMAL - Type: FLAT & seed: -4711516305468634534
2015-12-13 19:38:44 [INFO] [Multiverse-Core] Loading World & Settings - 'tesouro' - Env: NORMAL - Type: FLAT & seed: 3968959952317792882
2015-12-13 19:38:46 [INFO] [Multiverse-Core] 6 - World(s) loaded.
2015-12-13 19:46:57 [INFO] [Multiverse-Core] - Version 2.4-b527 (API v14) Enabled - By Rigby, fernferret, lithium3141 and main--
2015-12-13 19:46:58 [INFO] [Multiverse-Core] Loading World & Settings - 'world' - Env: NORMAL - Type: FLAT & seed: -4315406086328175024
2015-12-13 19:46:58 [INFO] [Multiverse-Core] Loading World & Settings - 'world_nether' - Env: NETHER - Type: FLAT & seed: -4315406086328175024
2015-12-13 19:47:01 [INFO] [Multiverse-Core] Loading World & Settings - 'world_the_end' - Env: THE_END - Type: FLAT & seed: -4315406086328175024
2015-12-13 19:47:02 [INFO] [Multiverse-Core] Loading World & Settings - 'plotworld' - Env: NORMAL - Type: NORMAL & seed: 1483843031056246239 & generator: PlotMe
2015-12-13 19:47:03 [INFO] [Multiverse-Core] Loading World & Settings - 'eventos' - Env: NORMAL - Type: FLAT & seed: -4711516305468634534
2015-12-13 19:47:04 [INFO] [Multiverse-Core] Loading World & Settings - 'tesouro' - Env: NORMAL - Type: FLAT & seed: 3968959952317792882
2015-12-13 19:47:05 [INFO] [Multiverse-Core] 6 - World(s) loaded.
2015-12-13 20:21:25 [INFO] [Multiverse-Core] - Version 2.4-b527 (API v14) Enabled - By Rigby, fernferret, lithium3141 and main--
2015-12-13 20:21:26 [INFO] [Multiverse-Core] Loading World & Settings - 'world' - Env: NORMAL - Type: FLAT & seed: -4315406086328175024
2015-12-13 20:21:26 [INFO] [Multiverse-Core] Loading World & Settings - 'world_nether' - Env: NETHER - Type: FLAT & seed: -4315406086328175024
2015-12-13 20:21:26 [INFO] [Multiverse-Core] Loading World & Settings - 'world_the_end' - Env: THE_END - Type: FLAT & seed: -4315406086328175024
2015-12-13 20:21:27 [INFO] [Multiverse-Core] Loading World & Settings - 'plotworld' - Env: NORMAL - Type: NORMAL & seed: 1483843031056246239 & generator: PlotMe
2015-12-13 20:21:27 [INFO] [Multiverse-Core] Loading World & Settings - 'eventos' - Env: NORMAL - Type: FLAT & seed: -4711516305468634534
2015-12-13 20:21:28 [INFO] [Multiverse-Core] Loading World & Settings - 'tesouro' - Env: NORMAL - Type: FLAT & seed: 3968959952317792882
2015-12-13 20:21:29 [INFO] [Multiverse-Core] 6 - World(s) loaded.
2015-12-13 20:30:36 [INFO] [Multiverse-Core] - Version 2.4-b527 (API v14) Enabled - By Rigby, fernferret, lithium3141 and main--
2015-12-13 20:30:37 [INFO] [Multiverse-Core] Loading World & Settings - 'world' - Env: NORMAL - Type: FLAT & seed: -4315406086328175024
2015-12-13 20:30:37 [INFO] [Multiverse-Core] Loading World & Settings - 'world_nether' - Env: NETHER - Type: FLAT & seed: -4315406086328175024
2015-12-13 20:30:38 [INFO] [Multiverse-Core] Loading World & Settings - 'world_the_end' - Env: THE_END - Type: FLAT & seed: -4315406086328175024
2015-12-13 20:30:38 [INFO] [Multiverse-Core] Loading World & Settings - 'plotworld' - Env: NORMAL - Type: NORMAL & seed: 1483843031056246239 & generator: PlotMe
2015-12-13 20:30:39 [INFO] [Multiverse-Core] Loading World & Settings - 'eventos' - Env: NORMAL - Type: FLAT & seed: -4711516305468634534
2015-12-13 20:30:40 [INFO] [Multiverse-Core] Loading World & Settings - 'tesouro' - Env: NORMAL - Type: FLAT & seed: 3968959952317792882
2015-12-13 20:30:41 [INFO] [Multiverse-Core] 6 - World(s) loaded.
2015-12-14 08:18:28 [INFO] [Multiverse-Core] - Version 2.4-b527 (API v14) Enabled - By Rigby, fernferret, lithium3141 and main--
2015-12-14 08:18:28 [INFO] [Multiverse-Core] Loading World & Settings - 'world' - Env: NORMAL - Type: FLAT & seed: -4315406086328175024
2015-12-14 08:18:29 [INFO] [Multiverse-Core] Loading World & Settings - 'world_nether' - Env: NETHER - Type: FLAT & seed: -4315406086328175024
2015-12-14 08:18:29 [INFO] [Multiverse-Core] Loading World & Settings - 'world_the_end' - Env: THE_END - Type: FLAT & seed: -4315406086328175024
2015-12-14 08:18:29 [INFO] [Multiverse-Core] Loading World & Settings - 'plotworld' - Env: NORMAL - Type: NORMAL & seed: 1483843031056246239 & generator: PlotMe
2015-12-14 08:18:30 [INFO] [Multiverse-Core] Loading World & Settings - 'eventos' - Env: NORMAL - Type: FLAT & seed: -4711516305468634534
2015-12-14 08:18:30 [INFO] [Multiverse-Core] Loading World & Settings - 'tesouro' - Env: NORMAL - Type: FLAT & seed: 3968959952317792882
2015-12-14 08:18:31 [INFO] [Multiverse-Core] 6 - World(s) loaded.
2015-12-14 15:24:34 [INFO] [Multiverse-Core] - Version 2.4-b527 (API v14) Enabled - By Rigby, fernferret, lithium3141 and main--
2015-12-14 15:24:36 [INFO] [Multiverse-Core] Loading World & Settings - 'world' - Env: NORMAL - Type: FLAT & seed: -4315406086328175024
2015-12-14 15:24:37 [INFO] [Multiverse-Core] Loading World & Settings - 'world_nether' - Env: NETHER - Type: FLAT & seed: -4315406086328175024
2015-12-14 15:24:38 [INFO] [Multiverse-Core] Loading World & Settings - 'world_the_end' - Env: THE_END - Type: FLAT & seed: -4315406086328175024
2015-12-14 15:24:38 [INFO] [Multiverse-Core] Loading World & Settings - 'plotworld' - Env: NORMAL - Type: NORMAL & seed: 1483843031056246239 & generator: PlotMe
2015-12-14 15:24:38 [INFO] [Multiverse-Core] Loading World & Settings - 'eventos' - Env: NORMAL - Type: FLAT & seed: -4711516305468634534
2015-12-14 15:24:39 [INFO] [Multiverse-Core] Loading World & Settings - 'tesouro' - Env: NORMAL - Type: FLAT & seed: 3968959952317792882
2015-12-14 15:24:40 [INFO] [Multiverse-Core] 6 - World(s) loaded.
2015-12-14 16:07:01 [INFO] [Multiverse-Core] - Version 2.4-b527 (API v14) Enabled - By Rigby, fernferret, lithium3141 and main--
2015-12-14 16:07:01 [INFO] [Multiverse-Core] Loading World & Settings - 'world' - Env: NORMAL - Type: FLAT & seed: -4315406086328175024
2015-12-14 16:07:02 [INFO] [Multiverse-Core] Loading World & Settings - 'world_nether' - Env: NETHER - Type: FLAT & seed: -4315406086328175024
2015-12-14 16:07:03 [INFO] [Multiverse-Core] Loading World & Settings - 'world_the_end' - Env: THE_END - Type: FLAT & seed: -4315406086328175024
2015-12-14 16:07:03 [INFO] [Multiverse-Core] Loading World & Settings - 'plotworld' - Env: NORMAL - Type: NORMAL & seed: 1483843031056246239 & generator: PlotMe
2015-12-14 16:07:03 [INFO] [Multiverse-Core] Loading World & Settings - 'eventos' - Env: NORMAL - Type: FLAT & seed: -4711516305468634534
2015-12-14 16:07:04 [INFO] [Multiverse-Core] Loading World & Settings - 'tesouro' - Env: NORMAL - Type: FLAT & seed: 3968959952317792882
2015-12-14 16:07:04 [INFO] [Multiverse-Core] 6 - World(s) loaded.
2015-12-14 16:34:56 [INFO] [Multiverse-Core] - Version 2.4-b527 (API v14) Enabled - By Rigby, fernferret, lithium3141 and main--
2015-12-14 16:34:58 [INFO] [Multiverse-Core] Loading World & Settings - 'world' - Env: NORMAL - Type: FLAT & seed: -4315406086328175024
2015-12-14 16:34:59 [INFO] [Multiverse-Core] Loading World & Settings - 'world_nether' - Env: NETHER - Type: FLAT & seed: -4315406086328175024
2015-12-14 16:35:00 [INFO] [Multiverse-Core] Loading World & Settings - 'world_the_end' - Env: THE_END - Type: FLAT & seed: -4315406086328175024
2015-12-14 16:35:00 [INFO] [Multiverse-Core] Loading World & Settings - 'plotworld' - Env: NORMAL - Type: NORMAL & seed: 1483843031056246239 & generator: PlotMe
2015-12-14 16:35:00 [INFO] [Multiverse-Core] Loading World & Settings - 'eventos' - Env: NORMAL - Type: FLAT & seed: -4711516305468634534
2015-12-14 16:35:01 [INFO] [Multiverse-Core] Loading World & Settings - 'tesouro' - Env: NORMAL - Type: FLAT & seed: 3968959952317792882
2015-12-14 16:35:02 [INFO] [Multiverse-Core] 6 - World(s) loaded.
2015-12-14 17:15:16 [INFO] [Multiverse-Core] - Version 2.4-b527 (API v14) Enabled - By Rigby, fernferret, lithium3141 and main--
2015-12-14 17:15:28 [INFO] [Multiverse-Core] Loading World & Settings - 'world' - Env: NORMAL - Type: FLAT & seed: -4315406086328175024
2015-12-14 17:15:29 [INFO] [Multiverse-Core] Loading World & Settings - 'world_nether' - Env: NETHER - Type: FLAT & seed: -4315406086328175024
2015-12-14 17:15:31 [INFO] [Multiverse-Core] Loading World & Settings - 'world_the_end' - Env: THE_END - Type: FLAT & seed: -4315406086328175024
2015-12-14 17:15:32 [INFO] [Multiverse-Core] Loading World & Settings - 'plotworld' - Env: NORMAL - Type: NORMAL & seed: 1483843031056246239 & generator: PlotMe
2015-12-14 17:15:32 [INFO] [Multiverse-Core] Loading World & Settings - 'eventos' - Env: NORMAL - Type: FLAT & seed: -4711516305468634534
2015-12-14 17:15:33 [INFO] [Multiverse-Core] Loading World & Settings - 'tesouro' - Env: NORMAL - Type: FLAT & seed: 3968959952317792882
2015-12-14 17:15:35 [INFO] [Multiverse-Core] 6 - World(s) loaded.
2015-12-15 07:30:40 [INFO] [Multiverse-Core] - Version 2.4-b527 (API v14) Enabled - By Rigby, fernferret, lithium3141 and main--
2015-12-15 07:30:40 [INFO] [Multiverse-Core] Loading World & Settings - 'world' - Env: NORMAL - Type: FLAT & seed: -4315406086328175024
2015-12-15 07:30:41 [INFO] [Multiverse-Core] Loading World & Settings - 'world_nether' - Env: NETHER - Type: FLAT & seed: -4315406086328175024
2015-12-15 07:30:41 [INFO] [Multiverse-Core] Loading World & Settings - 'world_the_end' - Env: THE_END - Type: FLAT & seed: -4315406086328175024
2015-12-15 07:30:42 [INFO] [Multiverse-Core] Loading World & Settings - 'plotworld' - Env: NORMAL - Type: NORMAL & seed: 1483843031056246239 & generator: PlotMe
2015-12-15 07:30:43 [INFO] [Multiverse-Core] Loading World & Settings - 'eventos' - Env: NORMAL - Type: FLAT & seed: -4711516305468634534
2015-12-15 07:30:45 [INFO] [Multiverse-Core] Loading World & Settings - 'tesouro' - Env: NORMAL - Type: FLAT & seed: 3968959952317792882
2015-12-15 07:30:48 [INFO] [Multiverse-Core] 6 - World(s) loaded.
2015-12-15 07:35:40 [INFO] [Multiverse-Core] - Version 2.4-b527 (API v14) Enabled - By Rigby, fernferret, lithium3141 and main--
2015-12-15 07:35:40 [INFO] [Multiverse-Core] Loading World & Settings - 'world' - Env: NORMAL - Type: FLAT & seed: -4315406086328175024
2015-12-15 07:35:40 [INFO] [Multiverse-Core] Loading World & Settings - 'world_nether' - Env: NETHER - Type: FLAT & seed: -4315406086328175024
2015-12-15 07:35:41 [INFO] [Multiverse-Core] Loading World & Settings - 'world_the_end' - Env: THE_END - Type: FLAT & seed: -4315406086328175024
2015-12-15 07:35:41 [INFO] [Multiverse-Core] Loading World & Settings - 'plotworld' - Env: NORMAL - Type: NORMAL & seed: 1483843031056246239 & generator: PlotMe
2015-12-15 07:35:41 [INFO] [Multiverse-Core] Loading World & Settings - 'eventos' - Env: NORMAL - Type: FLAT & seed: -4711516305468634534
2015-12-15 07:35:42 [INFO] [Multiverse-Core] Loading World & Settings - 'tesouro' - Env: NORMAL - Type: FLAT & seed: 3968959952317792882
2015-12-15 07:35:43 [INFO] [Multiverse-Core] 6 - World(s) loaded.
2015-12-15 08:29:37 [INFO] [Multiverse-Core] - Version 2.4-b527 (API v14) Enabled - By Rigby, fernferret, lithium3141 and main--
2015-12-15 08:29:37 [INFO] [Multiverse-Core] Loading World & Settings - 'world' - Env: NORMAL - Type: FLAT & seed: -4315406086328175024
2015-12-15 08:29:37 [INFO] [Multiverse-Core] Loading World & Settings - 'world_nether' - Env: NETHER - Type: FLAT & seed: -4315406086328175024
2015-12-15 08:29:38 [INFO] [Multiverse-Core] Loading World & Settings - 'world_the_end' - Env: THE_END - Type: FLAT & seed: -4315406086328175024
2015-12-15 08:29:38 [INFO] [Multiverse-Core] Loading World & Settings - 'plotworld' - Env: NORMAL - Type: NORMAL & seed: 1483843031056246239 & generator: PlotMe
2015-12-15 08:29:39 [INFO] [Multiverse-Core] Loading World & Settings - 'eventos' - Env: NORMAL - Type: FLAT & seed: -4711516305468634534
2015-12-15 08:29:40 [INFO] [Multiverse-Core] Loading World & Settings - 'tesouro' - Env: NORMAL - Type: FLAT & seed: 3968959952317792882
2015-12-15 08:29:41 [INFO] [Multiverse-Core] 6 - World(s) loaded.
2015-12-15 09:31:32 [INFO] [Multiverse-Core] - Version 2.4-b527 (API v14) Enabled - By Rigby, fernferret, lithium3141 and main--
2015-12-15 09:31:33 [INFO] [Multiverse-Core] Loading World & Settings - 'world' - Env: NORMAL - Type: FLAT & seed: -4315406086328175024
2015-12-15 09:31:33 [INFO] [Multiverse-Core] Loading World & Settings - 'world_nether' - Env: NETHER - Type: FLAT & seed: -4315406086328175024
2015-12-15 09:31:34 [INFO] [Multiverse-Core] Loading World & Settings - 'world_the_end' - Env: THE_END - Type: FLAT & seed: -4315406086328175024
2015-12-15 09:31:34 [INFO] [Multiverse-Core] Loading World & Settings - 'plotworld' - Env: NORMAL - Type: NORMAL & seed: 1483843031056246239 & generator: PlotMe
2015-12-15 09:31:34 [INFO] [Multiverse-Core] Loading World & Settings - 'eventos' - Env: NORMAL - Type: FLAT & seed: -4711516305468634534
2015-12-15 09:31:35 [INFO] [Multiverse-Core] Loading World & Settings - 'tesouro' - Env: NORMAL - Type: FLAT & seed: 3968959952317792882
2015-12-15 09:31:35 [INFO] [Multiverse-Core] 6 - World(s) loaded.
2015-12-15 11:24:32 [INFO] [Multiverse-Core] - Version 2.4-b527 (API v14) Enabled - By Rigby, fernferret, lithium3141 and main--
2015-12-15 11:24:32 [INFO] [Multiverse-Core] Loading World & Settings - 'world' - Env: NORMAL - Type: FLAT & seed: -4315406086328175024
2015-12-15 11:24:32 [INFO] [Multiverse-Core] Loading World & Settings - 'world_nether' - Env: NETHER - Type: FLAT & seed: -4315406086328175024
2015-12-15 11:24:33 [INFO] [Multiverse-Core] Loading World & Settings - 'world_the_end' - Env: THE_END - Type: FLAT & seed: -4315406086328175024
2015-12-15 11:24:33 [INFO] [Multiverse-Core] Loading World & Settings - 'plotworld' - Env: NORMAL - Type: NORMAL & seed: 1483843031056246239 & generator: PlotMe
2015-12-15 11:24:34 [INFO] [Multiverse-Core] Loading World & Settings - 'eventos' - Env: NORMAL - Type: FLAT & seed: -4711516305468634534
2015-12-15 11:24:34 [INFO] [Multiverse-Core] Loading World & Settings - 'tesouro' - Env: NORMAL - Type: FLAT & seed: 3968959952317792882
2015-12-15 11:24:35 [INFO] [Multiverse-Core] 6 - World(s) loaded.
2015-12-15 11:48:38 [INFO] [Multiverse-Core] - Version 2.4-b527 (API v14) Enabled - By Rigby, fernferret, lithium3141 and main--
2015-12-15 11:48:39 [INFO] [Multiverse-Core] Loading World & Settings - 'world' - Env: NORMAL - Type: FLAT & seed: -4315406086328175024
2015-12-15 11:48:39 [INFO] [Multiverse-Core] Loading World & Settings - 'world_nether' - Env: NETHER - Type: FLAT & seed: -4315406086328175024
2015-12-15 11:48:40 [INFO] [Multiverse-Core] Loading World & Settings - 'world_the_end' - Env: THE_END - Type: FLAT & seed: -4315406086328175024
2015-12-15 11:48:40 [INFO] [Multiverse-Core] Loading World & Settings - 'plotworld' - Env: NORMAL - Type: NORMAL & seed: 1483843031056246239 & generator: PlotMe
2015-12-15 11:48:40 [INFO] [Multiverse-Core] Loading World & Settings - 'eventos' - Env: NORMAL - Type: FLAT & seed: -4711516305468634534
2015-12-15 11:48:40 [INFO] [Multiverse-Core] Loading World & Settings - 'tesouro' - Env: NORMAL - Type: FLAT & seed: 3968959952317792882
2015-12-15 11:48:41 [INFO] [Multiverse-Core] 6 - World(s) loaded.
2015-12-15 15:07:11 [INFO] [Multiverse-Core] - Version 2.4-b527 (API v14) Enabled - By Rigby, fernferret, lithium3141 and main--
2015-12-15 15:07:11 [INFO] [Multiverse-Core] Loading World & Settings - 'world' - Env: NORMAL - Type: FLAT & seed: -4315406086328175024
2015-12-15 15:07:11 [INFO] [Multiverse-Core] Loading World & Settings - 'world_nether' - Env: NETHER - Type: FLAT & seed: -4315406086328175024
2015-12-15 15:07:12 [INFO] [Multiverse-Core] Loading World & Settings - 'world_the_end' - Env: THE_END - Type: FLAT & seed: -4315406086328175024
2015-12-15 15:07:12 [INFO] [Multiverse-Core] Loading World & Settings - 'plotworld' - Env: NORMAL - Type: NORMAL & seed: 1483843031056246239 & generator: PlotMe
2015-12-15 15:07:12 [INFO] [Multiverse-Core] Loading World & Settings - 'eventos' - Env: NORMAL - Type: FLAT & seed: -4711516305468634534
2015-12-15 15:07:13 [INFO] [Multiverse-Core] Loading World & Settings - 'tesouro' - Env: NORMAL - Type: FLAT & seed: 3968959952317792882
2015-12-15 15:07:14 [INFO] [Multiverse-Core] 6 - World(s) loaded.
2015-12-15 19:56:22 [INFO] [Multiverse-Core] - Version 2.4-b527 (API v14) Enabled - By Rigby, fernferret, lithium3141 and main--
2015-12-15 19:56:22 [INFO] [Multiverse-Core] Loading World & Settings - 'world' - Env: NORMAL - Type: FLAT & seed: -4315406086328175024
2015-12-15 19:56:23 [INFO] [Multiverse-Core] Loading World & Settings - 'world_nether' - Env: NETHER - Type: FLAT & seed: -4315406086328175024
2015-12-15 19:56:23 [INFO] [Multiverse-Core] Loading World & Settings - 'world_the_end' - Env: THE_END - Type: FLAT & seed: -4315406086328175024
2015-12-15 19:56:24 [INFO] [Multiverse-Core] Loading World & Settings - 'plotworld' - Env: NORMAL - Type: NORMAL & seed: 1483843031056246239 & generator: PlotMe
2015-12-15 19:56:25 [INFO] [Multiverse-Core] Loading World & Settings - 'eventos' - Env: NORMAL - Type: FLAT & seed: -4711516305468634534
2015-12-15 19:56:26 [INFO] [Multiverse-Core] Loading World & Settings - 'tesouro' - Env: NORMAL - Type: FLAT & seed: 3968959952317792882
2015-12-15 19:56:28 [INFO] [Multiverse-Core] 6 - World(s) loaded.
2015-12-15 20:10:07 [INFO] [Multiverse-Core] - Version 2.4-b527 (API v14) Enabled - By Rigby, fernferret, lithium3141 and main--
2015-12-15 20:10:08 [INFO] [Multiverse-Core] Loading World & Settings - 'world' - Env: NORMAL - Type: FLAT & seed: -4315406086328175024
2015-12-15 20:10:09 [INFO] [Multiverse-Core] Loading World & Settings - 'world_nether' - Env: NETHER - Type: FLAT & seed: -4315406086328175024
2015-12-15 20:10:09 [INFO] [Multiverse-Core] Loading World & Settings - 'world_the_end' - Env: THE_END - Type: FLAT & seed: -4315406086328175024
2015-12-15 20:10:09 [INFO] [Multiverse-Core] Loading World & Settings - 'plotworld' - Env: NORMAL - Type: NORMAL & seed: 1483843031056246239 & generator: PlotMe
2015-12-15 20:10:10 [INFO] [Multiverse-Core] Loading World & Settings - 'eventos' - Env: NORMAL - Type: FLAT & seed: -4711516305468634534
2015-12-15 20:10:10 [INFO] [Multiverse-Core] Loading World & Settings - 'tesouro' - Env: NORMAL - Type: FLAT & seed: 3968959952317792882
2015-12-15 20:10:10 [INFO] [Multiverse-Core] 6 - World(s) loaded.
2015-12-16 10:41:29 [INFO] [Multiverse-Core] - Version 2.4-b527 (API v14) Enabled - By Rigby, fernferret, lithium3141 and main--
2015-12-16 10:41:30 [INFO] [Multiverse-Core] Loading World & Settings - 'world' - Env: NORMAL - Type: FLAT & seed: -4315406086328175024
2015-12-16 10:41:30 [INFO] [Multiverse-Core] Loading World & Settings - 'world_nether' - Env: NETHER - Type: FLAT & seed: -4315406086328175024
2015-12-16 10:41:30 [INFO] [Multiverse-Core] Loading World & Settings - 'world_the_end' - Env: THE_END - Type: FLAT & seed: -4315406086328175024
2015-12-16 10:41:31 [INFO] [Multiverse-Core] Loading World & Settings - 'plotworld' - Env: NORMAL - Type: NORMAL & seed: 1483843031056246239 & generator: PlotMe
2015-12-16 10:41:31 [INFO] [Multiverse-Core] Loading World & Settings - 'eventos' - Env: NORMAL - Type: FLAT & seed: -4711516305468634534
2015-12-16 10:41:32 [INFO] [Multiverse-Core] Loading World & Settings - 'tesouro' - Env: NORMAL - Type: FLAT & seed: 3968959952317792882
2015-12-16 10:41:32 [INFO] [Multiverse-Core] 6 - World(s) loaded.
2015-12-16 15:37:46 [INFO] [Multiverse-Core] - Version 2.4-b527 (API v14) Enabled - By Rigby, fernferret, lithium3141 and main--
2015-12-16 15:37:46 [INFO] [Multiverse-Core] Loading World & Settings - 'world' - Env: NORMAL - Type: FLAT & seed: -4315406086328175024
2015-12-16 15:37:46 [INFO] [Multiverse-Core] Loading World & Settings - 'world_nether' - Env: NETHER - Type: FLAT & seed: -4315406086328175024
2015-12-16 15:37:47 [INFO] [Multiverse-Core] Loading World & Settings - 'world_the_end' - Env: THE_END - Type: FLAT & seed: -4315406086328175024
2015-12-16 15:37:47 [INFO] [Multiverse-Core] Loading World & Settings - 'plotworld' - Env: NORMAL - Type: NORMAL & seed: 1483843031056246239 & generator: PlotMe
2015-12-16 15:37:48 [INFO] [Multiverse-Core] Loading World & Settings - 'eventos' - Env: NORMAL - Type: FLAT & seed: -4711516305468634534
2015-12-16 15:37:48 [INFO] [Multiverse-Core] Loading World & Settings - 'tesouro' - Env: NORMAL - Type: FLAT & seed: 3968959952317792882
2015-12-16 15:37:49 [INFO] [Multiverse-Core] 6 - World(s) loaded.
2015-12-16 20:41:18 [INFO] [Multiverse-Core] - Version 2.4-b527 (API v14) Enabled - By Rigby, fernferret, lithium3141 and main--
2015-12-16 20:41:18 [INFO] [Multiverse-Core] Loading World & Settings - 'world' - Env: NORMAL - Type: FLAT & seed: -4315406086328175024
2015-12-16 20:41:18 [INFO] [Multiverse-Core] Loading World & Settings - 'world_nether' - Env: NETHER - Type: FLAT & seed: -4315406086328175024
2015-12-16 20:41:19 [INFO] [Multiverse-Core] Loading World & Settings - 'world_the_end' - Env: THE_END - Type: FLAT & seed: -4315406086328175024
2015-12-16 20:41:19 [INFO] [Multiverse-Core] Loading World & Settings - 'plotworld' - Env: NORMAL - Type: NORMAL & seed: 1483843031056246239 & generator: PlotMe
2015-12-16 20:41:20 [INFO] [Multiverse-Core] Loading World & Settings - 'eventos' - Env: NORMAL - Type: FLAT & seed: -4711516305468634534
2015-12-16 20:41:21 [INFO] [Multiverse-Core] Loading World & Settings - 'tesouro' - Env: NORMAL - Type: FLAT & seed: 3968959952317792882
2015-12-16 20:41:21 [INFO] [Multiverse-Core] 6 - World(s) loaded.
2015-12-16 21:59:22 [INFO] [Multiverse-Core] - Version 2.4-b527 (API v14) Enabled - By Rigby, fernferret, lithium3141 and main--
2015-12-16 21:59:23 [INFO] [Multiverse-Core] Loading World & Settings - 'world' - Env: NORMAL - Type: FLAT & seed: -4315406086328175024
2015-12-16 21:59:23 [INFO] [Multiverse-Core] Loading World & Settings - 'world_nether' - Env: NETHER - Type: FLAT & seed: -4315406086328175024
2015-12-16 21:59:23 [INFO] [Multiverse-Core] Loading World & Settings - 'world_the_end' - Env: THE_END - Type: FLAT & seed: -4315406086328175024
2015-12-16 21:59:24 [INFO] [Multiverse-Core] Loading World & Settings - 'plotworld' - Env: NORMAL - Type: NORMAL & seed: 1483843031056246239 & generator: PlotMe
2015-12-16 21:59:24 [INFO] [Multiverse-Core] Loading World & Settings - 'eventos' - Env: NORMAL - Type: FLAT & seed: -4711516305468634534
2015-12-16 21:59:25 [INFO] [Multiverse-Core] Loading World & Settings - 'tesouro' - Env: NORMAL - Type: FLAT & seed: 3968959952317792882
2015-12-16 21:59:26 [INFO] [Multiverse-Core] 6 - World(s) loaded.
2015-12-16 22:20:44 [INFO] [Multiverse-Core] - Version 2.4-b527 (API v14) Enabled - By Rigby, fernferret, lithium3141 and main--
2015-12-16 22:20:45 [INFO] [Multiverse-Core] Loading World & Settings - 'world' - Env: NORMAL - Type: FLAT & seed: -4315406086328175024
2015-12-16 22:20:45 [INFO] [Multiverse-Core] Loading World & Settings - 'world_nether' - Env: NETHER - Type: FLAT & seed: -4315406086328175024
2015-12-16 22:20:46 [INFO] [Multiverse-Core] Loading World & Settings - 'world_the_end' - Env: THE_END - Type: FLAT & seed: -4315406086328175024
2015-12-16 22:20:46 [INFO] [Multiverse-Core] Loading World & Settings - 'plotworld' - Env: NORMAL - Type: NORMAL & seed: 1483843031056246239 & generator: PlotMe
2015-12-16 22:20:47 [INFO] [Multiverse-Core] Loading World & Settings - 'eventos' - Env: NORMAL - Type: FLAT & seed: -4711516305468634534
2015-12-16 22:20:48 [INFO] [Multiverse-Core] Loading World & Settings - 'tesouro' - Env: NORMAL - Type: FLAT & seed: 3968959952317792882
2015-12-16 22:20:49 [INFO] [Multiverse-Core] 6 - World(s) loaded.
2015-12-16 22:24:44 [INFO] [Multiverse-Core] - Version 2.4-b527 (API v14) Enabled - By Rigby, fernferret, lithium3141 and main--
2015-12-16 22:24:45 [INFO] [Multiverse-Core] Loading World & Settings - 'world' - Env: NORMAL - Type: FLAT & seed: -4315406086328175024
2015-12-16 22:24:45 [INFO] [Multiverse-Core] Loading World & Settings - 'world_nether' - Env: NETHER - Type: FLAT & seed: -4315406086328175024
2015-12-16 22:24:46 [INFO] [Multiverse-Core] Loading World & Settings - 'world_the_end' - Env: THE_END - Type: FLAT & seed: -4315406086328175024
2015-12-16 22:24:46 [INFO] [Multiverse-Core] Loading World & Settings - 'plotworld' - Env: NORMAL - Type: NORMAL & seed: 1483843031056246239 & generator: PlotMe
2015-12-16 22:24:47 [INFO] [Multiverse-Core] Loading World & Settings - 'eventos' - Env: NORMAL - Type: FLAT & seed: -4711516305468634534
2015-12-16 22:24:48 [INFO] [Multiverse-Core] Loading World & Settings - 'tesouro' - Env: NORMAL - Type: FLAT & seed: 3968959952317792882
2015-12-16 22:24:48 [INFO] [Multiverse-Core] 6 - World(s) loaded.
2015-12-17 13:07:52 [INFO] [Multiverse-Core] - Version 2.4-b527 (API v14) Enabled - By Rigby, fernferret, lithium3141 and main--
2015-12-17 13:07:53 [INFO] [Multiverse-Core] Loading World & Settings - 'world' - Env: NORMAL - Type: FLAT & seed: -4315406086328175024
2015-12-17 13:07:53 [INFO] [Multiverse-Core] Loading World & Settings - 'world_nether' - Env: NETHER - Type: FLAT & seed: -4315406086328175024
2015-12-17 13:07:54 [INFO] [Multiverse-Core] Loading World & Settings - 'world_the_end' - Env: THE_END - Type: FLAT & seed: -4315406086328175024
2015-12-17 13:07:54 [INFO] [Multiverse-Core] Loading World & Settings - 'plotworld' - Env: NORMAL - Type: NORMAL & seed: 1483843031056246239 & generator: PlotMe
2015-12-17 13:07:55 [INFO] [Multiverse-Core] Loading World & Settings - 'eventos' - Env: NORMAL - Type: FLAT & seed: -4711516305468634534
2015-12-17 13:07:56 [INFO] [Multiverse-Core] Loading World & Settings - 'tesouro' - Env: NORMAL - Type: FLAT & seed: 3968959952317792882
2015-12-17 13:07:59 [INFO] [Multiverse-Core] 6 - World(s) loaded.
2015-12-17 19:43:05 [INFO] [Multiverse-Core] - Version 2.4-b527 (API v14) Enabled - By Rigby, fernferret, lithium3141 and main--
2015-12-17 19:43:06 [INFO] [Multiverse-Core] Loading World & Settings - 'world' - Env: NORMAL - Type: FLAT & seed: -4315406086328175024
2015-12-17 19:43:06 [INFO] [Multiverse-Core] Loading World & Settings - 'world_nether' - Env: NETHER - Type: FLAT & seed: -4315406086328175024
2015-12-17 19:43:07 [INFO] [Multiverse-Core] Loading World & Settings - 'world_the_end' - Env: THE_END - Type: FLAT & seed: -4315406086328175024
2015-12-17 19:43:07 [INFO] [Multiverse-Core] Loading World & Settings - 'plotworld' - Env: NORMAL - Type: NORMAL & seed: 1483843031056246239 & generator: PlotMe
2015-12-17 19:43:07 [INFO] [Multiverse-Core] Loading World & Settings - 'eventos' - Env: NORMAL - Type: FLAT & seed: -4711516305468634534
2015-12-17 19:43:08 [INFO] [Multiverse-Core] Loading World & Settings - 'tesouro' - Env: NORMAL - Type: FLAT & seed: 3968959952317792882
2015-12-17 19:43:09 [INFO] [Multiverse-Core] 6 - World(s) loaded.
2015-12-18 07:59:05 [INFO] [Multiverse-Core] - Version 2.4-b527 (API v14) Enabled - By Rigby, fernferret, lithium3141 and main--
2015-12-18 07:59:06 [INFO] [Multiverse-Core] Loading World & Settings - 'world' - Env: NORMAL - Type: FLAT & seed: -4315406086328175024
2015-12-18 07:59:06 [INFO] [Multiverse-Core] Loading World & Settings - 'world_nether' - Env: NETHER - Type: FLAT & seed: -4315406086328175024
2015-12-18 07:59:07 [INFO] [Multiverse-Core] Loading World & Settings - 'world_the_end' - Env: THE_END - Type: FLAT & seed: -4315406086328175024
2015-12-18 07:59:07 [INFO] [Multiverse-Core] Loading World & Settings - 'plotworld' - Env: NORMAL - Type: NORMAL & seed: 1483843031056246239 & generator: PlotMe
2015-12-18 07:59:08 [INFO] [Multiverse-Core] Loading World & Settings - 'eventos' - Env: NORMAL - Type: FLAT & seed: -4711516305468634534
2015-12-18 07:59:09 [INFO] [Multiverse-Core] Loading World & Settings - 'tesouro' - Env: NORMAL - Type: FLAT & seed: 3968959952317792882
2015-12-18 07:59:10 [INFO] [Multiverse-Core] 6 - World(s) loaded.
2015-12-18 08:40:10 [INFO] [Multiverse-Core] - Version 2.4-b527 (API v14) Enabled - By Rigby, fernferret, lithium3141 and main--
2015-12-18 08:40:10 [INFO] [Multiverse-Core] Loading World & Settings - 'world' - Env: NORMAL - Type: FLAT & seed: -4315406086328175024
2015-12-18 08:40:11 [INFO] [Multiverse-Core] Loading World & Settings - 'world_nether' - Env: NETHER - Type: FLAT & seed: -4315406086328175024
2015-12-18 08:40:11 [INFO] [Multiverse-Core] Loading World & Settings - 'world_the_end' - Env: THE_END - Type: FLAT & seed: -4315406086328175024
2015-12-18 08:40:11 [INFO] [Multiverse-Core] Loading World & Settings - 'plotworld' - Env: NORMAL - Type: NORMAL & seed: 1483843031056246239 & generator: PlotMe
2015-12-18 08:40:12 [INFO] [Multiverse-Core] Loading World & Settings - 'eventos' - Env: NORMAL - Type: FLAT & seed: -4711516305468634534
2015-12-18 08:40:13 [INFO] [Multiverse-Core] Loading World & Settings - 'tesouro' - Env: NORMAL - Type: FLAT & seed: 3968959952317792882
2015-12-18 08:40:14 [INFO] [Multiverse-Core] 6 - World(s) loaded.
2015-12-18 11:19:58 [INFO] [Multiverse-Core] - Version 2.4-b527 (API v14) Enabled - By Rigby, fernferret, lithium3141 and main--
2015-12-18 11:19:59 [INFO] [Multiverse-Core] Loading World & Settings - 'world' - Env: NORMAL - Type: FLAT & seed: -4315406086328175024
2015-12-18 11:19:59 [INFO] [Multiverse-Core] Loading World & Settings - 'world_nether' - Env: NETHER - Type: FLAT & seed: -4315406086328175024
2015-12-18 11:19:59 [INFO] [Multiverse-Core] Loading World & Settings - 'world_the_end' - Env: THE_END - Type: FLAT & seed: -4315406086328175024
2015-12-18 11:20:00 [INFO] [Multiverse-Core] Loading World & Settings - 'plotworld' - Env: NORMAL - Type: NORMAL & seed: 1483843031056246239 & generator: PlotMe
2015-12-18 11:20:00 [INFO] [Multiverse-Core] Loading World & Settings - 'eventos' - Env: NORMAL - Type: FLAT & seed: -4711516305468634534
2015-12-18 11:20:01 [INFO] [Multiverse-Core] Loading World & Settings - 'tesouro' - Env: NORMAL - Type: FLAT & seed: 3968959952317792882
2015-12-18 11:20:02 [INFO] [Multiverse-Core] 6 - World(s) loaded.
2015-12-18 12:22:45 [INFO] [Multiverse-Core] - Version 2.4-b527 (API v14) Enabled - By Rigby, fernferret, lithium3141 and main--
2015-12-18 12:22:45 [INFO] [Multiverse-Core] Loading World & Settings - 'world' - Env: NORMAL - Type: FLAT & seed: -4315406086328175024
2015-12-18 12:22:45 [INFO] [Multiverse-Core] Loading World & Settings - 'world_nether' - Env: NETHER - Type: FLAT & seed: -4315406086328175024
2015-12-18 12:22:46 [INFO] [Multiverse-Core] Loading World & Settings - 'world_the_end' - Env: THE_END - Type: FLAT & seed: -4315406086328175024
2015-12-18 12:22:46 [INFO] [Multiverse-Core] Loading World & Settings - 'plotworld' - Env: NORMAL - Type: NORMAL & seed: 1483843031056246239 & generator: PlotMe
2015-12-18 12:22:47 [INFO] [Multiverse-Core] Loading World & Settings - 'eventos' - Env: NORMAL - Type: FLAT & seed: -4711516305468634534
2015-12-18 12:22:48 [INFO] [Multiverse-Core] Loading World & Settings - 'tesouro' - Env: NORMAL - Type: FLAT & seed: 3968959952317792882
2015-12-18 12:22:48 [INFO] [Multiverse-Core] 6 - World(s) loaded.
2015-12-18 14:48:39 [INFO] [Multiverse-Core] - Version 2.4-b527 (API v14) Enabled - By Rigby, fernferret, lithium3141 and main--
2015-12-18 14:48:45 [INFO] [Multiverse-Core] Loading World & Settings - 'world' - Env: NORMAL - Type: FLAT & seed: -4315406086328175024
2015-12-18 14:48:46 [INFO] [Multiverse-Core] Loading World & Settings - 'world_nether' - Env: NETHER - Type: FLAT & seed: -4315406086328175024
2015-12-18 14:48:47 [INFO] [Multiverse-Core] Loading World & Settings - 'world_the_end' - Env: THE_END - Type: FLAT & seed: -4315406086328175024
2015-12-18 14:48:48 [INFO] [Multiverse-Core] Loading World & Settings - 'plotworld' - Env: NORMAL - Type: NORMAL & seed: 1483843031056246239 & generator: PlotMe
2015-12-18 14:48:48 [INFO] [Multiverse-Core] Loading World & Settings - 'eventos' - Env: NORMAL - Type: FLAT & seed: -4711516305468634534
2015-12-18 14:48:49 [INFO] [Multiverse-Core] Loading World & Settings - 'tesouro' - Env: NORMAL - Type: FLAT & seed: 3968959952317792882
2015-12-18 14:48:50 [INFO] [Multiverse-Core] 6 - World(s) loaded.
2015-12-18 15:24:20 [INFO] [Multiverse-Core] - Version 2.4-b527 (API v14) Enabled - By Rigby, fernferret, lithium3141 and main--
2015-12-18 15:24:21 [INFO] [Multiverse-Core] Loading World & Settings - 'world' - Env: NORMAL - Type: FLAT & seed: -4315406086328175024
2015-12-18 15:24:21 [INFO] [Multiverse-Core] Loading World & Settings - 'world_nether' - Env: NETHER - Type: FLAT & seed: -4315406086328175024
2015-12-18 15:24:21 [INFO] [Multiverse-Core] Loading World & Settings - 'world_the_end' - Env: THE_END - Type: FLAT & seed: -4315406086328175024
2015-12-18 15:24:22 [INFO] [Multiverse-Core] Loading World & Settings - 'plotworld' - Env: NORMAL - Type: NORMAL & seed: 1483843031056246239 & generator: PlotMe
2015-12-18 15:24:22 [INFO] [Multiverse-Core] Loading World & Settings - 'eventos' - Env: NORMAL - Type: FLAT & seed: -4711516305468634534
2015-12-18 15:24:23 [INFO] [Multiverse-Core] Loading World & Settings - 'tesouro' - Env: NORMAL - Type: FLAT & seed: 3968959952317792882
2015-12-18 15:24:23 [INFO] [Multiverse-Core] 6 - World(s) loaded.
2015-12-18 17:16:54 [INFO] [Multiverse-Core] - Version 2.4-b527 (API v14) Enabled - By Rigby, fernferret, lithium3141 and main--
2015-12-18 17:16:55 [INFO] [Multiverse-Core] Loading World & Settings - 'world' - Env: NORMAL - Type: FLAT & seed: -4315406086328175024
2015-12-18 17:16:55 [INFO] [Multiverse-Core] Loading World & Settings - 'world_nether' - Env: NETHER - Type: FLAT & seed: -4315406086328175024
2015-12-18 17:16:56 [INFO] [Multiverse-Core] Loading World & Settings - 'world_the_end' - Env: THE_END - Type: FLAT & seed: -4315406086328175024
2015-12-18 17:16:56 [INFO] [Multiverse-Core] Loading World & Settings - 'plotworld' - Env: NORMAL - Type: NORMAL & seed: 1483843031056246239 & generator: PlotMe
2015-12-18 17:16:57 [INFO] [Multiverse-Core] Loading World & Settings - 'eventos' - Env: NORMAL - Type: FLAT & seed: -4711516305468634534
2015-12-18 17:16:59 [INFO] [Multiverse-Core] Loading World & Settings - 'tesouro' - Env: NORMAL - Type: FLAT & seed: 3968959952317792882
2015-12-18 17:17:00 [INFO] [Multiverse-Core] 6 - World(s) loaded.
2015-12-18 17:41:01 [INFO] [Multiverse-Core] - Version 2.4-b527 (API v14) Enabled - By Rigby, fernferret, lithium3141 and main--
2015-12-18 17:41:01 [INFO] [Multiverse-Core] Loading World & Settings - 'world' - Env: NORMAL - Type: FLAT & seed: -4315406086328175024
2015-12-18 17:41:01 [INFO] [Multiverse-Core] Loading World & Settings - 'world_nether' - Env: NETHER - Type: FLAT & seed: -4315406086328175024
2015-12-18 17:41:02 [INFO] [Multiverse-Core] Loading World & Settings - 'world_the_end' - Env: THE_END - Type: FLAT & seed: -4315406086328175024
2015-12-18 17:41:03 [INFO] [Multiverse-Core] Loading World & Settings - 'plotworld' - Env: NORMAL - Type: NORMAL & seed: 1483843031056246239 & generator: PlotMe
2015-12-18 17:41:04 [INFO] [Multiverse-Core] Loading World & Settings - 'eventos' - Env: NORMAL - Type: FLAT & seed: -4711516305468634534
2015-12-18 17:41:05 [INFO] [Multiverse-Core] Loading World & Settings - 'tesouro' - Env: NORMAL - Type: FLAT & seed: 3968959952317792882
2015-12-18 17:41:06 [INFO] [Multiverse-Core] 6 - World(s) loaded.
2015-12-18 18:04:43 [INFO] [Multiverse-Core] - Version 2.4-b527 (API v14) Enabled - By Rigby, fernferret, lithium3141 and main--
2015-12-18 18:04:44 [INFO] [Multiverse-Core] Loading World & Settings - 'world' - Env: NORMAL - Type: FLAT & seed: -4315406086328175024
2015-12-18 18:04:44 [INFO] [Multiverse-Core] Loading World & Settings - 'world_nether' - Env: NETHER - Type: FLAT & seed: -4315406086328175024
2015-12-18 18:04:45 [INFO] [Multiverse-Core] Loading World & Settings - 'world_the_end' - Env: THE_END - Type: FLAT & seed: -4315406086328175024
2015-12-18 18:04:46 [INFO] [Multiverse-Core] Loading World & Settings - 'plotworld' - Env: NORMAL - Type: NORMAL & seed: 1483843031056246239 & generator: PlotMe
2015-12-18 18:04:47 [INFO] [Multiverse-Core] Loading World & Settings - 'eventos' - Env: NORMAL - Type: FLAT & seed: -4711516305468634534
2015-12-18 18:04:48 [INFO] [Multiverse-Core] Loading World & Settings - 'tesouro' - Env: NORMAL - Type: FLAT & seed: 3968959952317792882
2015-12-18 18:04:49 [INFO] [Multiverse-Core] 6 - World(s) loaded.
2015-12-18 18:25:37 [INFO] [Multiverse-Core] - Version 2.4-b527 (API v14) Enabled - By Rigby, fernferret, lithium3141 and main--
2015-12-18 18:25:39 [INFO] [Multiverse-Core] Loading World & Settings - 'world' - Env: NORMAL - Type: FLAT & seed: -4315406086328175024
2015-12-18 18:25:40 [INFO] [Multiverse-Core] Loading World & Settings - 'world_nether' - Env: NETHER - Type: FLAT & seed: -4315406086328175024
2015-12-18 18:25:41 [INFO] [Multiverse-Core] Loading World & Settings - 'world_the_end' - Env: THE_END - Type: FLAT & seed: -4315406086328175024
2015-12-18 18:25:41 [INFO] [Multiverse-Core] Loading World & Settings - 'plotworld' - Env: NORMAL - Type: NORMAL & seed: 1483843031056246239 & generator: PlotMe
2015-12-18 18:25:42 [INFO] [Multiverse-Core] Loading World & Settings - 'eventos' - Env: NORMAL - Type: FLAT & seed: -4711516305468634534
2015-12-18 18:25:43 [INFO] [Multiverse-Core] Loading World & Settings - 'tesouro' - Env: NORMAL - Type: FLAT & seed: 3968959952317792882
2015-12-18 18:25:43 [INFO] [Multiverse-Core] 6 - World(s) loaded.
2015-12-18 18:34:21 [INFO] [Multiverse-Core] - Version 2.4-b527 (API v14) Enabled - By Rigby, fernferret, lithium3141 and main--
2015-12-18 18:34:32 [INFO] [Multiverse-Core] Loading World & Settings - 'world' - Env: NORMAL - Type: FLAT & seed: -4315406086328175024
2015-12-18 18:34:34 [INFO] [Multiverse-Core] Loading World & Settings - 'world_nether' - Env: NETHER - Type: FLAT & seed: -4315406086328175024
2015-12-18 18:34:35 [INFO] [Multiverse-Core] Loading World & Settings - 'world_the_end' - Env: THE_END - Type: FLAT & seed: -4315406086328175024
2015-12-18 18:34:35 [INFO] [Multiverse-Core] Loading World & Settings - 'plotworld' - Env: NORMAL - Type: NORMAL & seed: 1483843031056246239 & generator: PlotMe
2015-12-18 18:34:36 [INFO] [Multiverse-Core] Loading World & Settings - 'eventos' - Env: NORMAL - Type: FLAT & seed: -4711516305468634534
2015-12-18 18:34:37 [INFO] [Multiverse-Core] Loading World & Settings - 'tesouro' - Env: NORMAL - Type: FLAT & seed: 3968959952317792882
2015-12-18 18:34:38 [INFO] [Multiverse-Core] 6 - World(s) loaded.
2015-12-18 19:30:09 [INFO] [Multiverse-Core] - Version 2.4-b527 (API v14) Enabled - By Rigby, fernferret, lithium3141 and main--
2015-12-18 19:30:09 [INFO] [Multiverse-Core] Loading World & Settings - 'world' - Env: NORMAL - Type: FLAT & seed: -4315406086328175024
2015-12-18 19:30:09 [INFO] [Multiverse-Core] Loading World & Settings - 'world_nether' - Env: NETHER - Type: FLAT & seed: -4315406086328175024
2015-12-18 19:30:10 [INFO] [Multiverse-Core] Loading World & Settings - 'world_the_end' - Env: THE_END - Type: FLAT & seed: -4315406086328175024
2015-12-18 19:30:10 [INFO] [Multiverse-Core] Loading World & Settings - 'plotworld' - Env: NORMAL - Type: NORMAL & seed: 1483843031056246239 & generator: PlotMe
2015-12-18 19:30:11 [INFO] [Multiverse-Core] Loading World & Settings - 'eventos' - Env: NORMAL - Type: FLAT & seed: -4711516305468634534
2015-12-18 19:30:12 [INFO] [Multiverse-Core] Loading World & Settings - 'tesouro' - Env: NORMAL - Type: FLAT & seed: 3968959952317792882
2015-12-18 19:30:13 [INFO] [Multiverse-Core] 6 - World(s) loaded.
2015-12-19 07:33:26 [INFO] [Multiverse-Core] - Version 2.4-b527 (API v14) Enabled - By Rigby, fernferret, lithium3141 and main--
2015-12-19 07:33:27 [INFO] [Multiverse-Core] Loading World & Settings - 'world' - Env: NORMAL - Type: FLAT & seed: -4315406086328175024
2015-12-19 07:33:27 [INFO] [Multiverse-Core] Loading World & Settings - 'world_nether' - Env: NETHER - Type: FLAT & seed: -4315406086328175024
2015-12-19 07:33:28 [INFO] [Multiverse-Core] Loading World & Settings - 'world_the_end' - Env: THE_END - Type: FLAT & seed: -4315406086328175024
2015-12-19 07:33:28 [INFO] [Multiverse-Core] Loading World & Settings - 'plotworld' - Env: NORMAL - Type: NORMAL & seed: 1483843031056246239 & generator: PlotMe
2015-12-19 07:33:29 [INFO] [Multiverse-Core] Loading World & Settings - 'eventos' - Env: NORMAL - Type: FLAT & seed: -4711516305468634534
2015-12-19 07:33:30 [INFO] [Multiverse-Core] Loading World & Settings - 'tesouro' - Env: NORMAL - Type: FLAT & seed: 3968959952317792882
2015-12-19 07:33:31 [INFO] [Multiverse-Core] 6 - World(s) loaded.
2015-12-19 09:26:24 [INFO] [Multiverse-Core] - Version 2.4-b527 (API v14) Enabled - By Rigby, fernferret, lithium3141 and main--
2015-12-19 09:26:24 [INFO] [Multiverse-Core] Loading World & Settings - 'world' - Env: NORMAL - Type: FLAT & seed: -4315406086328175024
2015-12-19 09:26:24 [INFO] [Multiverse-Core] Loading World & Settings - 'world_nether' - Env: NETHER - Type: FLAT & seed: -4315406086328175024
2015-12-19 09:26:25 [INFO] [Multiverse-Core] Loading World & Settings - 'world_the_end' - Env: THE_END - Type: FLAT & seed: -4315406086328175024
2015-12-19 09:26:25 [INFO] [Multiverse-Core] Loading World & Settings - 'plotworld' - Env: NORMAL - Type: NORMAL & seed: 1483843031056246239 & generator: PlotMe
2015-12-19 09:26:26 [INFO] [Multiverse-Core] Loading World & Settings - 'eventos' - Env: NORMAL - Type: FLAT & seed: -4711516305468634534
2015-12-19 09:26:26 [INFO] [Multiverse-Core] Loading World & Settings - 'tesouro' - Env: NORMAL - Type: FLAT & seed: 3968959952317792882
2015-12-19 09:26:27 [INFO] [Multiverse-Core] 6 - World(s) loaded.
2015-12-19 09:43:06 [INFO] [Multiverse-Core] - Version 2.4-b527 (API v14) Enabled - By Rigby, fernferret, lithium3141 and main--
2015-12-19 09:43:07 [INFO] [Multiverse-Core] Loading World & Settings - 'world' - Env: NORMAL - Type: FLAT & seed: -4315406086328175024
2015-12-19 09:43:07 [INFO] [Multiverse-Core] Loading World & Settings - 'world_nether' - Env: NETHER - Type: FLAT & seed: -4315406086328175024
2015-12-19 09:43:08 [INFO] [Multiverse-Core] Loading World & Settings - 'world_the_end' - Env: THE_END - Type: FLAT & seed: -4315406086328175024
2015-12-19 09:43:08 [INFO] [Multiverse-Core] Loading World & Settings - 'plotworld' - Env: NORMAL - Type: NORMAL & seed: 1483843031056246239 & generator: PlotMe
2015-12-19 09:43:09 [INFO] [Multiverse-Core] Loading World & Settings - 'eventos' - Env: NORMAL - Type: FLAT & seed: -4711516305468634534
2015-12-19 09:43:10 [INFO] [Multiverse-Core] Loading World & Settings - 'tesouro' - Env: NORMAL - Type: FLAT & seed: 3968959952317792882
2015-12-19 09:43:12 [INFO] [Multiverse-Core] 6 - World(s) loaded.
2015-12-19 11:26:09 [INFO] [Multiverse-Core] - Version 2.4-b527 (API v14) Enabled - By Rigby, fernferret, lithium3141 and main--
2015-12-19 11:26:10 [INFO] [Multiverse-Core] Loading World & Settings - 'world' - Env: NORMAL - Type: FLAT & seed: -4315406086328175024
2015-12-19 11:26:10 [INFO] [Multiverse-Core] Loading World & Settings - 'world_nether' - Env: NETHER - Type: FLAT & seed: -4315406086328175024
2015-12-19 11:26:11 [INFO] [Multiverse-Core] Loading World & Settings - 'world_the_end' - Env: THE_END - Type: FLAT & seed: -4315406086328175024
2015-12-19 11:26:11 [INFO] [Multiverse-Core] Loading World & Settings - 'plotworld' - Env: NORMAL - Type: NORMAL & seed: 1483843031056246239 & generator: PlotMe
2015-12-19 11:26:12 [INFO] [Multiverse-Core] Loading World & Settings - 'eventos' - Env: NORMAL - Type: FLAT & seed: -4711516305468634534
2015-12-19 11:26:13 [INFO] [Multiverse-Core] Loading World & Settings - 'tesouro' - Env: NORMAL - Type: FLAT & seed: 3968959952317792882
2015-12-19 11:26:14 [INFO] [Multiverse-Core] 6 - World(s) loaded.
2015-12-19 12:40:10 [INFO] [Multiverse-Core] - Version 2.4-b527 (API v14) Enabled - By Rigby, fernferret, lithium3141 and main--
2015-12-19 12:40:10 [INFO] [Multiverse-Core] Loading World & Settings - 'world' - Env: NORMAL - Type: FLAT & seed: -4315406086328175024
2015-12-19 12:40:10 [INFO] [Multiverse-Core] Loading World & Settings - 'world_nether' - Env: NETHER - Type: FLAT & seed: -4315406086328175024
2015-12-19 12:40:11 [INFO] [Multiverse-Core] Loading World & Settings - 'world_the_end' - Env: THE_END - Type: FLAT & seed: -4315406086328175024
2015-12-19 12:40:11 [INFO] [Multiverse-Core] Loading World & Settings - 'plotworld' - Env: NORMAL - Type: NORMAL & seed: 1483843031056246239 & generator: PlotMe
2015-12-19 12:40:12 [INFO] [Multiverse-Core] Loading World & Settings - 'eventos' - Env: NORMAL - Type: FLAT & seed: -4711516305468634534
2015-12-19 12:40:12 [INFO] [Multiverse-Core] Loading World & Settings - 'tesouro' - Env: NORMAL - Type: FLAT & seed: 3968959952317792882
2015-12-19 12:40:13 [INFO] [Multiverse-Core] 6 - World(s) loaded.
2015-12-19 13:12:56 [INFO] [Multiverse-Core] - Version 2.4-b527 (API v14) Enabled - By Rigby, fernferret, lithium3141 and main--
2015-12-19 13:12:56 [INFO] [Multiverse-Core] Loading World & Settings - 'world' - Env: NORMAL - Type: FLAT & seed: -4315406086328175024
2015-12-19 13:12:56 [INFO] [Multiverse-Core] Loading World & Settings - 'world_nether' - Env: NETHER - Type: FLAT & seed: -4315406086328175024
2015-12-19 13:12:57 [INFO] [Multiverse-Core] Loading World & Settings - 'world_the_end' - Env: THE_END - Type: FLAT & seed: -4315406086328175024
2015-12-19 13:12:58 [INFO] [Multiverse-Core] Loading World & Settings - 'plotworld' - Env: NORMAL - Type: NORMAL & seed: 1483843031056246239 & generator: PlotMe
2015-12-19 13:12:58 [INFO] [Multiverse-Core] Loading World & Settings - 'eventos' - Env: NORMAL - Type: FLAT & seed: -4711516305468634534
2015-12-19 13:12:59 [INFO] [Multiverse-Core] Loading World & Settings - 'tesouro' - Env: NORMAL - Type: FLAT & seed: 3968959952317792882
2015-12-19 13:13:00 [INFO] [Multiverse-Core] 6 - World(s) loaded.
2015-12-19 13:59:43 [INFO] [Multiverse-Core] - Version 2.4-b527 (API v14) Enabled - By Rigby, fernferret, lithium3141 and main--
2015-12-19 13:59:43 [INFO] [Multiverse-Core] Loading World & Settings - 'world' - Env: NORMAL - Type: FLAT & seed: -4315406086328175024
2015-12-19 13:59:44 [INFO] [Multiverse-Core] Loading World & Settings - 'world_nether' - Env: NETHER - Type: FLAT & seed: -4315406086328175024
2015-12-19 13:59:44 [INFO] [Multiverse-Core] Loading World & Settings - 'world_the_end' - Env: THE_END - Type: FLAT & seed: -4315406086328175024
2015-12-19 13:59:44 [INFO] [Multiverse-Core] Loading World & Settings - 'plotworld' - Env: NORMAL - Type: NORMAL & seed: 1483843031056246239 & generator: PlotMe
2015-12-19 13:59:45 [INFO] [Multiverse-Core] Loading World & Settings - 'eventos' - Env: NORMAL - Type: FLAT & seed: -4711516305468634534
2015-12-19 13:59:46 [INFO] [Multiverse-Core] Loading World & Settings - 'tesouro' - Env: NORMAL - Type: FLAT & seed: 3968959952317792882
2015-12-19 13:59:46 [INFO] [Multiverse-Core] 6 - World(s) loaded.
2015-12-19 15:40:25 [INFO] [Multiverse-Core] - Version 2.4-b527 (API v14) Enabled - By Rigby, fernferret, lithium3141 and main--
2015-12-19 15:40:26 [INFO] [Multiverse-Core] Loading World & Settings - 'world' - Env: NORMAL - Type: FLAT & seed: -4315406086328175024
2015-12-19 15:40:26 [INFO] [Multiverse-Core] Loading World & Settings - 'world_nether' - Env: NETHER - Type: FLAT & seed: -4315406086328175024
2015-12-19 15:40:26 [INFO] [Multiverse-Core] Loading World & Settings - 'world_the_end' - Env: THE_END - Type: FLAT & seed: -4315406086328175024
2015-12-19 15:40:27 [INFO] [Multiverse-Core] Loading World & Settings - 'plotworld' - Env: NORMAL - Type: NORMAL & seed: 1483843031056246239 & generator: PlotMe
2015-12-19 15:40:27 [INFO] [Multiverse-Core] Loading World & Settings - 'eventos' - Env: NORMAL - Type: FLAT & seed: -4711516305468634534
2015-12-19 15:40:28 [INFO] [Multiverse-Core] Loading World & Settings - 'tesouro' - Env: NORMAL - Type: FLAT & seed: 3968959952317792882
2015-12-19 15:40:29 [INFO] [Multiverse-Core] 6 - World(s) loaded.
2015-12-19 17:09:27 [INFO] [Multiverse-Core] - Version 2.4-b527 (API v14) Enabled - By Rigby, fernferret, lithium3141 and main--
2015-12-19 17:09:28 [INFO] [Multiverse-Core] Loading World & Settings - 'world' - Env: NORMAL - Type: FLAT & seed: -4315406086328175024
2015-12-19 17:09:28 [INFO] [Multiverse-Core] Loading World & Settings - 'world_nether' - Env: NETHER - Type: FLAT & seed: -4315406086328175024
2015-12-19 17:09:30 [INFO] [Multiverse-Core] Loading World & Settings - 'world_the_end' - Env: THE_END - Type: FLAT & seed: -4315406086328175024
2015-12-19 17:09:30 [INFO] [Multiverse-Core] Loading World & Settings - 'plotworld' - Env: NORMAL - Type: NORMAL & seed: 1483843031056246239 & generator: PlotMe
2015-12-19 17:09:31 [INFO] [Multiverse-Core] Loading World & Settings - 'eventos' - Env: NORMAL - Type: FLAT & seed: -4711516305468634534
2015-12-19 17:09:32 [INFO] [Multiverse-Core] Loading World & Settings - 'tesouro' - Env: NORMAL - Type: FLAT & seed: 3968959952317792882
2015-12-19 17:09:45 [INFO] [Multiverse-Core] 6 - World(s) loaded.
2015-12-19 17:10:40 [INFO] [Multiverse-Core] World 'tesouro' was unloaded from memory.
2015-12-19 17:10:40 [INFO] [Multiverse-Core] World 'tesouro' was removed from config.yml
2015-12-19 17:12:19 [INFO] [Multiverse-Core] - Version 2.4-b527 (API v14) Enabled - By Rigby, fernferret, lithium3141 and main--
2015-12-19 17:12:21 [INFO] [Multiverse-Core] Loading World & Settings - 'world' - Env: NORMAL - Type: FLAT & seed: -4315406086328175024
2015-12-19 17:12:22 [INFO] [Multiverse-Core] Loading World & Settings - 'world_nether' - Env: NETHER - Type: FLAT & seed: -4315406086328175024
2015-12-19 17:12:23 [INFO] [Multiverse-Core] Loading World & Settings - 'world_the_end' - Env: THE_END - Type: FLAT & seed: -4315406086328175024
2015-12-19 17:12:23 [INFO] [Multiverse-Core] Loading World & Settings - 'plotworld' - Env: NORMAL - Type: NORMAL & seed: 1483843031056246239 & generator: PlotMe
2015-12-19 17:12:24 [INFO] [Multiverse-Core] Loading World & Settings - 'eventos' - Env: NORMAL - Type: FLAT & seed: -4711516305468634534
2015-12-19 17:12:25 [INFO] [Multiverse-Core] 5 - World(s) loaded.
2015-12-19 17:14:11 [INFO] [Multiverse-Core] - Version 2.4-b527 (API v14) Enabled - By Rigby, fernferret, lithium3141 and main--
2015-12-19 17:14:12 [INFO] [Multiverse-Core] Loading World & Settings - 'world' - Env: NORMAL - Type: FLAT & seed: -4315406086328175024
2015-12-19 17:14:12 [INFO] [Multiverse-Core] Loading World & Settings - 'world_nether' - Env: NETHER - Type: FLAT & seed: -4315406086328175024
2015-12-19 17:14:13 [INFO] [Multiverse-Core] Loading World & Settings - 'world_the_end' - Env: THE_END - Type: FLAT & seed: -4315406086328175024
2015-12-19 17:14:14 [INFO] [Multiverse-Core] Loading World & Settings - 'plotworld' - Env: NORMAL - Type: NORMAL & seed: 1483843031056246239 & generator: PlotMe
2015-12-19 17:14:14 [INFO] [Multiverse-Core] Loading World & Settings - 'eventos' - Env: NORMAL - Type: FLAT & seed: -4711516305468634534
2015-12-19 17:14:15 [INFO] [Multiverse-Core] 5 - World(s) loaded.
2015-12-19 17:21:27 [INFO] [Multiverse-Core] - Version 2.4-b527 (API v14) Enabled - By Rigby, fernferret, lithium3141 and main--
2015-12-19 17:21:28 [INFO] [Multiverse-Core] Loading World & Settings - 'world' - Env: NORMAL - Type: FLAT & seed: -4315406086328175024
2015-12-19 17:21:28 [INFO] [Multiverse-Core] Loading World & Settings - 'world_nether' - Env: NETHER - Type: FLAT & seed: -4315406086328175024
2015-12-19 17:21:29 [INFO] [Multiverse-Core] Loading World & Settings - 'world_the_end' - Env: THE_END - Type: FLAT & seed: -4315406086328175024
2015-12-19 17:21:30 [INFO] [Multiverse-Core] Loading World & Settings - 'plotworld' - Env: NORMAL - Type: NORMAL & seed: 1483843031056246239 & generator: PlotMe
2015-12-19 17:21:30 [INFO] [Multiverse-Core] Loading World & Settings - 'eventos' - Env: NORMAL - Type: FLAT & seed: -4711516305468634534
2015-12-19 17:21:31 [INFO] [Multiverse-Core] 5 - World(s) loaded.
2015-12-19 20:11:38 [INFO] [Multiverse-Core] - Version 2.4-b527 (API v14) Enabled - By Rigby, fernferret, lithium3141 and main--
2015-12-19 20:11:38 [INFO] [Multiverse-Core] Loading World & Settings - 'world' - Env: NORMAL - Type: FLAT & seed: -4315406086328175024
2015-12-19 20:11:38 [INFO] [Multiverse-Core] Loading World & Settings - 'world_nether' - Env: NETHER - Type: FLAT & seed: -4315406086328175024
2015-12-19 20:11:39 [INFO] [Multiverse-Core] Loading World & Settings - 'world_the_end' - Env: THE_END - Type: FLAT & seed: -4315406086328175024
2015-12-19 20:11:39 [INFO] [Multiverse-Core] Loading World & Settings - 'plotworld' - Env: NORMAL - Type: NORMAL & seed: 1483843031056246239 & generator: PlotMe
2015-12-19 20:11:40 [INFO] [Multiverse-Core] Loading World & Settings - 'eventos' - Env: NORMAL - Type: FLAT & seed: -4711516305468634534
2015-12-19 20:11:40 [INFO] [Multiverse-Core] 5 - World(s) loaded.
2015-12-19 20:37:25 [INFO] [Multiverse-Core] - Version 2.4-b527 (API v14) Enabled - By Rigby, fernferret, lithium3141 and main--
2015-12-19 20:37:26 [INFO] [Multiverse-Core] Loading World & Settings - 'world' - Env: NORMAL - Type: FLAT & seed: -4315406086328175024
2015-12-19 20:37:26 [INFO] [Multiverse-Core] Loading World & Settings - 'world_nether' - Env: NETHER - Type: FLAT & seed: -4315406086328175024
2015-12-19 20:37:27 [INFO] [Multiverse-Core] Loading World & Settings - 'world_the_end' - Env: THE_END - Type: FLAT & seed: -4315406086328175024
2015-12-19 20:37:27 [INFO] [Multiverse-Core] Loading World & Settings - 'plotworld' - Env: NORMAL - Type: NORMAL & seed: 1483843031056246239 & generator: PlotMe
2015-12-19 20:37:27 [INFO] [Multiverse-Core] Loading World & Settings - 'eventos' - Env: NORMAL - Type: FLAT & seed: -4711516305468634534
2015-12-19 20:37:28 [INFO] [Multiverse-Core] 5 - World(s) loaded.
2015-12-20 11:05:43 [INFO] [Multiverse-Core] - Version 2.4-b527 (API v14) Enabled - By Rigby, fernferret, lithium3141 and main--
2015-12-20 11:05:43 [INFO] [Multiverse-Core] Loading World & Settings - 'world' - Env: NORMAL - Type: FLAT & seed: -4315406086328175024
2015-12-20 11:05:43 [INFO] [Multiverse-Core] Loading World & Settings - 'world_nether' - Env: NETHER - Type: FLAT & seed: -4315406086328175024
2015-12-20 11:05:44 [INFO] [Multiverse-Core] Loading World & Settings - 'world_the_end' - Env: THE_END - Type: FLAT & seed: -4315406086328175024
2015-12-20 11:05:44 [INFO] [Multiverse-Core] Loading World & Settings - 'plotworld' - Env: NORMAL - Type: NORMAL & seed: 1483843031056246239 & generator: PlotMe
2015-12-20 11:05:45 [INFO] [Multiverse-Core] Loading World & Settings - 'eventos' - Env: NORMAL - Type: FLAT & seed: -4711516305468634534
2015-12-20 11:05:46 [INFO] [Multiverse-Core] 5 - World(s) loaded.
2015-12-20 11:26:42 [INFO] [Multiverse-Core] - Version 2.4-b527 (API v14) Enabled - By Rigby, fernferret, lithium3141 and main--
2015-12-20 11:26:43 [INFO] [Multiverse-Core] Loading World & Settings - 'world' - Env: NORMAL - Type: FLAT & seed: -4315406086328175024
2015-12-20 11:26:43 [INFO] [Multiverse-Core] Loading World & Settings - 'world_nether' - Env: NETHER - Type: FLAT & seed: -4315406086328175024
2015-12-20 11:26:44 [INFO] [Multiverse-Core] Loading World & Settings - 'world_the_end' - Env: THE_END - Type: FLAT & seed: -4315406086328175024
2015-12-20 11:26:44 [INFO] [Multiverse-Core] Loading World & Settings - 'plotworld' - Env: NORMAL - Type: NORMAL & seed: 1483843031056246239 & generator: PlotMe
2015-12-20 11:26:44 [INFO] [Multiverse-Core] Loading World & Settings - 'eventos' - Env: NORMAL - Type: FLAT & seed: -4711516305468634534
2015-12-20 11:26:45 [INFO] [Multiverse-Core] 5 - World(s) loaded.
2015-12-20 13:16:05 [INFO] [Multiverse-Core] - Version 2.4-b527 (API v14) Enabled - By Rigby, fernferret, lithium3141 and main--
2015-12-20 13:16:06 [INFO] [Multiverse-Core] Loading World & Settings - 'world' - Env: NORMAL - Type: FLAT & seed: -4315406086328175024
2015-12-20 13:16:06 [INFO] [Multiverse-Core] Loading World & Settings - 'world_nether' - Env: NETHER - Type: FLAT & seed: -4315406086328175024
2015-12-20 13:16:06 [INFO] [Multiverse-Core] Loading World & Settings - 'world_the_end' - Env: THE_END - Type: FLAT & seed: -4315406086328175024
2015-12-20 13:16:07 [INFO] [Multiverse-Core] Loading World & Settings - 'plotworld' - Env: NORMAL - Type: NORMAL & seed: 1483843031056246239 & generator: PlotMe
2015-12-20 13:16:07 [INFO] [Multiverse-Core] Loading World & Settings - 'eventos' - Env: NORMAL - Type: FLAT & seed: -4711516305468634534
2015-12-20 13:16:08 [INFO] [Multiverse-Core] 5 - World(s) loaded.
2015-12-20 13:34:58 [INFO] [Multiverse-Core] - Version 2.4-b527 (API v14) Enabled - By Rigby, fernferret, lithium3141 and main--
2015-12-20 13:34:59 [INFO] [Multiverse-Core] Loading World & Settings - 'world' - Env: NORMAL - Type: FLAT & seed: -4315406086328175024
2015-12-20 13:34:59 [INFO] [Multiverse-Core] Loading World & Settings - 'world_nether' - Env: NETHER - Type: FLAT & seed: -4315406086328175024
2015-12-20 13:35:00 [INFO] [Multiverse-Core] Loading World & Settings - 'world_the_end' - Env: THE_END - Type: FLAT & seed: -4315406086328175024
2015-12-20 13:35:00 [INFO] [Multiverse-Core] Loading World & Settings - 'plotworld' - Env: NORMAL - Type: NORMAL & seed: 1483843031056246239 & generator: PlotMe
2015-12-20 13:35:01 [INFO] [Multiverse-Core] Loading World & Settings - 'eventos' - Env: NORMAL - Type: FLAT & seed: -4711516305468634534
2015-12-20 13:35:02 [INFO] [Multiverse-Core] 5 - World(s) loaded.
2015-12-20 14:14:29 [INFO] [Multiverse-Core] - Version 2.4-b527 (API v14) Enabled - By Rigby, fernferret, lithium3141 and main--
2015-12-20 14:14:30 [INFO] [Multiverse-Core] Loading World & Settings - 'world' - Env: NORMAL - Type: FLAT & seed: -4315406086328175024
2015-12-20 14:14:30 [INFO] [Multiverse-Core] Loading World & Settings - 'world_nether' - Env: NETHER - Type: FLAT & seed: -4315406086328175024
2015-12-20 14:14:31 [INFO] [Multiverse-Core] Loading World & Settings - 'world_the_end' - Env: THE_END - Type: FLAT & seed: -4315406086328175024
2015-12-20 14:14:31 [INFO] [Multiverse-Core] Loading World & Settings - 'plotworld' - Env: NORMAL - Type: NORMAL & seed: 1483843031056246239 & generator: PlotMe
2015-12-20 14:14:31 [INFO] [Multiverse-Core] Loading World & Settings - 'eventos' - Env: NORMAL - Type: FLAT & seed: -4711516305468634534
2015-12-20 14:14:32 [INFO] [Multiverse-Core] 5 - World(s) loaded.
2015-12-20 15:10:17 [INFO] [Multiverse-Core] - Version 2.4-b527 (API v14) Enabled - By Rigby, fernferret, lithium3141 and main--
2015-12-20 15:10:17 [INFO] [Multiverse-Core] Loading World & Settings - 'world' - Env: NORMAL - Type: FLAT & seed: -4315406086328175024
2015-12-20 15:10:17 [INFO] [Multiverse-Core] Loading World & Settings - 'world_nether' - Env: NETHER - Type: FLAT & seed: -4315406086328175024
2015-12-20 15:10:18 [INFO] [Multiverse-Core] Loading World & Settings - 'world_the_end' - Env: THE_END - Type: FLAT & seed: -4315406086328175024
2015-12-20 15:10:18 [INFO] [Multiverse-Core] Loading World & Settings - 'plotworld' - Env: NORMAL - Type: NORMAL & seed: 1483843031056246239 & generator: PlotMe
2015-12-20 15:10:19 [INFO] [Multiverse-Core] Loading World & Settings - 'eventos' - Env: NORMAL - Type: FLAT & seed: -4711516305468634534
2015-12-20 15:10:19 [INFO] [Multiverse-Core] 5 - World(s) loaded.
2015-12-20 15:56:33 [INFO] [Multiverse-Core] - Version 2.4-b527 (API v14) Enabled - By Rigby, fernferret, lithium3141 and main--
2015-12-20 15:56:33 [INFO] [Multiverse-Core] Loading World & Settings - 'world' - Env: NORMAL - Type: FLAT & seed: -4315406086328175024
2015-12-20 15:56:34 [INFO] [Multiverse-Core] Loading World & Settings - 'world_nether' - Env: NETHER - Type: FLAT & seed: -4315406086328175024
2015-12-20 15:56:34 [INFO] [Multiverse-Core] Loading World & Settings - 'world_the_end' - Env: THE_END - Type: FLAT & seed: -4315406086328175024
2015-12-20 15:56:34 [INFO] [Multiverse-Core] Loading World & Settings - 'plotworld' - Env: NORMAL - Type: NORMAL & seed: 1483843031056246239 & generator: PlotMe
2015-12-20 15:56:35 [INFO] [Multiverse-Core] Loading World & Settings - 'eventos' - Env: NORMAL - Type: FLAT & seed: -4711516305468634534
2015-12-20 15:56:36 [INFO] [Multiverse-Core] 5 - World(s) loaded.
2015-12-20 19:49:38 [INFO] [Multiverse-Core] - Version 2.4-b527 (API v14) Enabled - By Rigby, fernferret, lithium3141 and main--
2015-12-20 19:49:39 [INFO] [Multiverse-Core] Loading World & Settings - 'world' - Env: NORMAL - Type: FLAT & seed: -4315406086328175024
2015-12-20 19:49:39 [INFO] [Multiverse-Core] Loading World & Settings - 'world_nether' - Env: NETHER - Type: FLAT & seed: -4315406086328175024
2015-12-20 19:49:40 [INFO] [Multiverse-Core] Loading World & Settings - 'world_the_end' - Env: THE_END - Type: FLAT & seed: -4315406086328175024
2015-12-20 19:49:40 [INFO] [Multiverse-Core] Loading World & Settings - 'plotworld' - Env: NORMAL - Type: NORMAL & seed: 1483843031056246239 & generator: PlotMe
2015-12-20 19:49:40 [INFO] [Multiverse-Core] Loading World & Settings - 'eventos' - Env: NORMAL - Type: FLAT & seed: -4711516305468634534
2015-12-20 19:49:41 [INFO] [Multiverse-Core] 5 - World(s) loaded.
2015-12-21 10:44:56 [INFO] [Multiverse-Core] - Version 2.4-b527 (API v14) Enabled - By Rigby, fernferret, lithium3141 and main--
2015-12-21 10:44:56 [INFO] [Multiverse-Core] Loading World & Settings - 'world' - Env: NORMAL - Type: FLAT & seed: -4315406086328175024
2015-12-21 10:44:57 [INFO] [Multiverse-Core] Loading World & Settings - 'world_nether' - Env: NETHER - Type: FLAT & seed: -4315406086328175024
2015-12-21 10:44:57 [INFO] [Multiverse-Core] Loading World & Settings - 'world_the_end' - Env: THE_END - Type: FLAT & seed: -4315406086328175024
2015-12-21 10:44:58 [INFO] [Multiverse-Core] Loading World & Settings - 'plotworld' - Env: NORMAL - Type: NORMAL & seed: 1483843031056246239 & generator: PlotMe
2015-12-21 10:44:59 [INFO] [Multiverse-Core] Loading World & Settings - 'eventos' - Env: NORMAL - Type: FLAT & seed: -4711516305468634534
2015-12-21 10:45:00 [INFO] [Multiverse-Core] 5 - World(s) loaded.
2015-12-21 11:57:18 [INFO] [Multiverse-Core] - Version 2.4-b527 (API v14) Enabled - By Rigby, fernferret, lithium3141 and main--
2015-12-21 11:57:20 [INFO] [Multiverse-Core] Loading World & Settings - 'world' - Env: NORMAL - Type: FLAT & seed: -4315406086328175024
2015-12-21 11:57:21 [INFO] [Multiverse-Core] Loading World & Settings - 'world_nether' - Env: NETHER - Type: FLAT & seed: -4315406086328175024
2015-12-21 11:57:22 [INFO] [Multiverse-Core] Loading World & Settings - 'world_the_end' - Env: THE_END - Type: FLAT & seed: -4315406086328175024
2015-12-21 11:57:22 [INFO] [Multiverse-Core] Loading World & Settings - 'plotworld' - Env: NORMAL - Type: NORMAL & seed: 1483843031056246239 & generator: PlotMe
2015-12-21 11:57:23 [INFO] [Multiverse-Core] Loading World & Settings - 'eventos' - Env: NORMAL - Type: FLAT & seed: -4711516305468634534
2015-12-21 11:57:23 [INFO] [Multiverse-Core] 5 - World(s) loaded.
2015-12-21 14:47:55 [INFO] [Multiverse-Core] - Version 2.4-b527 (API v14) Enabled - By Rigby, fernferret, lithium3141 and main--
2015-12-21 14:47:55 [INFO] [Multiverse-Core] Loading World & Settings - 'world' - Env: NORMAL - Type: FLAT & seed: -4315406086328175024
2015-12-21 14:47:55 [INFO] [Multiverse-Core] Loading World & Settings - 'world_nether' - Env: NETHER - Type: FLAT & seed: -4315406086328175024
2015-12-21 14:47:56 [INFO] [Multiverse-Core] Loading World & Settings - 'world_the_end' - Env: THE_END - Type: FLAT & seed: -4315406086328175024
2015-12-21 14:47:56 [INFO] [Multiverse-Core] Loading World & Settings - 'plotworld' - Env: NORMAL - Type: NORMAL & seed: 1483843031056246239 & generator: PlotMe
2015-12-21 14:47:57 [INFO] [Multiverse-Core] Loading World & Settings - 'eventos' - Env: NORMAL - Type: FLAT & seed: -4711516305468634534
2015-12-21 14:47:57 [INFO] [Multiverse-Core] 5 - World(s) loaded.
2015-12-23 12:50:39 [INFO] [Multiverse-Core] - Version 2.4-b527 (API v14) Enabled - By Rigby, fernferret, lithium3141 and main--
2015-12-23 12:50:39 [INFO] [Multiverse-Core] Loading World & Settings - 'world' - Env: NORMAL - Type: FLAT & seed: -4315406086328175024
2015-12-23 12:50:39 [INFO] [Multiverse-Core] Loading World & Settings - 'world_nether' - Env: NETHER - Type: FLAT & seed: -4315406086328175024
2015-12-23 12:50:40 [INFO] [Multiverse-Core] Loading World & Settings - 'world_the_end' - Env: THE_END - Type: FLAT & seed: -4315406086328175024
2015-12-23 12:50:41 [INFO] [Multiverse-Core] Loading World & Settings - 'plotworld' - Env: NORMAL - Type: NORMAL & seed: 1483843031056246239 & generator: PlotMe
2015-12-23 12:50:41 [INFO] [Multiverse-Core] Loading World & Settings - 'eventos' - Env: NORMAL - Type: FLAT & seed: -4711516305468634534
2015-12-23 12:50:42 [INFO] [Multiverse-Core] 5 - World(s) loaded.
2015-12-28 14:59:43 [INFO] [Multiverse-Core] - Version 2.4-b527 (API v14) Enabled - By Rigby, fernferret, lithium3141 and main--
2015-12-28 14:59:43 [INFO] [Multiverse-Core] Loading World & Settings - 'world' - Env: NORMAL - Type: FLAT & seed: -4315406086328175024
2015-12-28 14:59:43 [INFO] [Multiverse-Core] Loading World & Settings - 'world_nether' - Env: NETHER - Type: FLAT & seed: -4315406086328175024
2015-12-28 14:59:44 [INFO] [Multiverse-Core] Loading World & Settings - 'world_the_end' - Env: THE_END - Type: FLAT & seed: -4315406086328175024
2015-12-28 14:59:44 [INFO] [Multiverse-Core] Loading World & Settings - 'plotworld' - Env: NORMAL - Type: NORMAL & seed: 1483843031056246239 & generator: PlotMe
2015-12-28 14:59:45 [INFO] [Multiverse-Core] Loading World & Settings - 'eventos' - Env: NORMAL - Type: FLAT & seed: -4711516305468634534
2015-12-28 14:59:46 [INFO] [Multiverse-Core] 5 - World(s) loaded.
2015-12-28 15:44:13 [INFO] [Multiverse-Core] - Version 2.4-b527 (API v14) Enabled - By Rigby, fernferret, lithium3141 and main--
2015-12-28 15:44:14 [INFO] [Multiverse-Core] Loading World & Settings - 'world' - Env: NORMAL - Type: FLAT & seed: -4315406086328175024
2015-12-28 15:44:14 [INFO] [Multiverse-Core] Loading World & Settings - 'world_nether' - Env: NETHER - Type: FLAT & seed: -4315406086328175024
2015-12-28 15:44:14 [INFO] [Multiverse-Core] Loading World & Settings - 'world_the_end' - Env: THE_END - Type: FLAT & seed: -4315406086328175024
2015-12-28 15:44:15 [INFO] [Multiverse-Core] Loading World & Settings - 'plotworld' - Env: NORMAL - Type: NORMAL & seed: 1483843031056246239 & generator: PlotMe
2015-12-28 15:44:15 [INFO] [Multiverse-Core] Loading World & Settings - 'eventos' - Env: NORMAL - Type: FLAT & seed: -4711516305468634534
2015-12-28 15:44:16 [INFO] [Multiverse-Core] 5 - World(s) loaded.
2015-12-28 17:07:34 [INFO] [Multiverse-Core] - Version 2.4-b527 (API v14) Enabled - By Rigby, fernferret, lithium3141 and main--
2015-12-28 17:07:34 [INFO] [Multiverse-Core] Loading World & Settings - 'world' - Env: NORMAL - Type: FLAT & seed: -4315406086328175024
2015-12-28 17:07:34 [INFO] [Multiverse-Core] Loading World & Settings - 'world_nether' - Env: NETHER - Type: FLAT & seed: -4315406086328175024
2015-12-28 17:07:35 [INFO] [Multiverse-Core] Loading World & Settings - 'world_the_end' - Env: THE_END - Type: FLAT & seed: -4315406086328175024
2015-12-28 17:07:35 [INFO] [Multiverse-Core] Loading World & Settings - 'plotworld' - Env: NORMAL - Type: NORMAL & seed: 1483843031056246239 & generator: PlotMe
2015-12-28 17:07:36 [INFO] [Multiverse-Core] Loading World & Settings - 'eventos' - Env: NORMAL - Type: FLAT & seed: -4711516305468634534
2015-12-28 17:07:37 [INFO] [Multiverse-Core] 5 - World(s) loaded.
2015-12-28 20:06:07 [INFO] [Multiverse-Core] - Version 2.4-b527 (API v14) Enabled - By Rigby, fernferret, lithium3141 and main--
2015-12-28 20:06:08 [INFO] [Multiverse-Core] Loading World & Settings - 'world' - Env: NORMAL - Type: FLAT & seed: -4315406086328175024
2015-12-28 20:06:08 [INFO] [Multiverse-Core] Loading World & Settings - 'world_nether' - Env: NETHER - Type: FLAT & seed: -4315406086328175024
2015-12-28 20:06:08 [INFO] [Multiverse-Core] Loading World & Settings - 'world_the_end' - Env: THE_END - Type: FLAT & seed: -4315406086328175024
2015-12-28 20:06:09 [INFO] [Multiverse-Core] Loading World & Settings - 'plotworld' - Env: NORMAL - Type: NORMAL & seed: 1483843031056246239 & generator: PlotMe
2015-12-28 20:06:09 [INFO] [Multiverse-Core] Loading World & Settings - 'eventos' - Env: NORMAL - Type: FLAT & seed: -4711516305468634534
2015-12-28 20:06:10 [INFO] [Multiverse-Core] 5 - World(s) loaded.
2015-12-29 13:13:25 [INFO] [Multiverse-Core] - Version 2.4-b527 (API v14) Enabled - By Rigby, fernferret, lithium3141 and main--
2015-12-29 13:13:26 [INFO] [Multiverse-Core] Loading World & Settings - 'world' - Env: NORMAL - Type: FLAT & seed: -4315406086328175024
2015-12-29 13:13:26 [INFO] [Multiverse-Core] Loading World & Settings - 'world_nether' - Env: NETHER - Type: FLAT & seed: -4315406086328175024
2015-12-29 13:13:27 [INFO] [Multiverse-Core] Loading World & Settings - 'world_the_end' - Env: THE_END - Type: FLAT & seed: -4315406086328175024
2015-12-29 13:13:27 [INFO] [Multiverse-Core] Loading World & Settings - 'plotworld' - Env: NORMAL - Type: NORMAL & seed: 1483843031056246239 & generator: PlotMe
2015-12-29 13:13:28 [INFO] [Multiverse-Core] Loading World & Settings - 'eventos' - Env: NORMAL - Type: FLAT & seed: -4711516305468634534
2015-12-29 13:13:29 [INFO] [Multiverse-Core] 5 - World(s) loaded.
2015-12-30 07:47:00 [INFO] [Multiverse-Core] - Version 2.4-b527 (API v14) Enabled - By Rigby, fernferret, lithium3141 and main--
2015-12-30 07:47:00 [INFO] [Multiverse-Core] Loading World & Settings - 'world' - Env: NORMAL - Type: FLAT & seed: -4315406086328175024
2015-12-30 07:47:00 [INFO] [Multiverse-Core] Loading World & Settings - 'world_nether' - Env: NETHER - Type: FLAT & seed: -4315406086328175024
2015-12-30 07:47:01 [INFO] [Multiverse-Core] Loading World & Settings - 'world_the_end' - Env: THE_END - Type: FLAT & seed: -4315406086328175024
2015-12-30 07:47:02 [INFO] [Multiverse-Core] Loading World & Settings - 'plotworld' - Env: NORMAL - Type: NORMAL & seed: 1483843031056246239 & generator: PlotMe
2015-12-30 07:47:02 [INFO] [Multiverse-Core] Loading World & Settings - 'eventos' - Env: NORMAL - Type: FLAT & seed: -4711516305468634534
2015-12-30 07:47:03 [INFO] [Multiverse-Core] 5 - World(s) loaded.
2016-02-28 11:54:15 [INFO] [Multiverse-Core] - Version 2.4-b527 (API v14) Enabled - By Rigby, fernferret, lithium3141 and main--
2016-02-28 11:54:16 [INFO] [Multiverse-Core] Loading World & Settings - 'world' - Env: NORMAL - Type: FLAT & seed: -4315406086328175024
2016-02-28 11:54:16 [INFO] [Multiverse-Core] Loading World & Settings - 'world_nether' - Env: NETHER - Type: FLAT & seed: -4315406086328175024
2016-02-28 11:54:17 [INFO] [Multiverse-Core] Loading World & Settings - 'world_the_end' - Env: THE_END - Type: FLAT & seed: -4315406086328175024
2016-02-28 11:54:17 [INFO] [Multiverse-Core] Loading World & Settings - 'plotworld' - Env: NORMAL - Type: NORMAL & seed: 1483843031056246239 & generator: PlotMe
2016-02-28 11:54:18 [INFO] [Multiverse-Core] Loading World & Settings - 'eventos' - Env: NORMAL - Type: FLAT & seed: -4711516305468634534
2016-02-28 11:54:19 [INFO] [Multiverse-Core] 5 - World(s) loaded.
2016-02-28 12:23:30 [INFO] [Multiverse-Core] - Version 2.4-b527 (API v14) Enabled - By Rigby, fernferret, lithium3141 and main--
2016-02-28 12:23:31 [INFO] [Multiverse-Core] Loading World & Settings - 'world' - Env: NORMAL - Type: FLAT & seed: -4315406086328175024
2016-02-28 12:23:31 [INFO] [Multiverse-Core] Loading World & Settings - 'world_nether' - Env: NETHER - Type: FLAT & seed: -4315406086328175024
2016-02-28 12:23:31 [INFO] [Multiverse-Core] Loading World & Settings - 'world_the_end' - Env: THE_END - Type: FLAT & seed: -4315406086328175024
2016-02-28 12:23:32 [INFO] [Multiverse-Core] Loading World & Settings - 'plotworld' - Env: NORMAL - Type: NORMAL & seed: 1483843031056246239 & generator: PlotMe
2016-02-28 12:23:32 [INFO] [Multiverse-Core] Loading World & Settings - 'eventos' - Env: NORMAL - Type: FLAT & seed: -4711516305468634534
2016-02-28 12:23:33 [INFO] [Multiverse-Core] 5 - World(s) loaded.
2016-03-03 18:09:00 [INFO] [Multiverse-Core] - Version 2.4-b527 (API v14) Enabled - By Rigby, fernferret, lithium3141 and main--
2016-03-03 18:09:01 [INFO] [Multiverse-Core] Loading World & Settings - 'world' - Env: NORMAL - Type: FLAT & seed: -4315406086328175024
2016-03-03 18:09:01 [INFO] [Multiverse-Core] Loading World & Settings - 'world_nether' - Env: NETHER - Type: FLAT & seed: -4315406086328175024
2016-03-03 18:09:03 [INFO] [Multiverse-Core] Loading World & Settings - 'world_the_end' - Env: THE_END - Type: FLAT & seed: -4315406086328175024
2016-03-03 18:09:04 [INFO] [Multiverse-Core] Loading World & Settings - 'plotworld' - Env: NORMAL - Type: NORMAL & seed: 1483843031056246239 & generator: PlotMe
2016-03-03 18:09:05 [INFO] [Multiverse-Core] Loading World & Settings - 'eventos' - Env: NORMAL - Type: FLAT & seed: -4711516305468634534
2016-03-03 18:09:07 [INFO] [Multiverse-Core] 5 - World(s) loaded.
2016-03-08 17:22:15 [INFO] [Multiverse-Core] - Version 2.4-b527 (API v14) Enabled - By Rigby, fernferret, lithium3141 and main--
2016-03-08 17:22:16 [INFO] [Multiverse-Core] Loading World & Settings - 'world' - Env: NORMAL - Type: FLAT & seed: -4315406086328175024
2016-03-08 17:22:16 [INFO] [Multiverse-Core] Loading World & Settings - 'world_nether' - Env: NETHER - Type: FLAT & seed: -4315406086328175024
2016-03-08 17:22:19 [INFO] [Multiverse-Core] Loading World & Settings - 'world_the_end' - Env: THE_END - Type: FLAT & seed: -4315406086328175024
2016-03-08 17:22:20 [INFO] [Multiverse-Core] Loading World & Settings - 'plotworld' - Env: NORMAL - Type: NORMAL & seed: 1483843031056246239 & generator: PlotMe
2016-03-08 17:22:22 [INFO] [Multiverse-Core] Loading World & Settings - 'eventos' - Env: NORMAL - Type: FLAT & seed: -4711516305468634534
2016-03-08 17:22:25 [INFO] [Multiverse-Core] 5 - World(s) loaded.
2016-03-08 18:52:24 [INFO] [Multiverse-Core] - Version 2.4-b527 (API v14) Enabled - By Rigby, fernferret, lithium3141 and main--
2016-03-08 18:52:25 [INFO] [Multiverse-Core] Loading World & Settings - 'world' - Env: NORMAL - Type: FLAT & seed: -4315406086328175024
2016-03-08 18:52:26 [INFO] [Multiverse-Core] Loading World & Settings - 'world_nether' - Env: NETHER - Type: FLAT & seed: -4315406086328175024
2016-03-08 18:52:28 [INFO] [Multiverse-Core] Loading World & Settings - 'world_the_end' - Env: THE_END - Type: FLAT & seed: -4315406086328175024
2016-03-08 18:52:28 [INFO] [Multiverse-Core] Loading World & Settings - 'plotworld' - Env: NORMAL - Type: NORMAL & seed: 1483843031056246239 & generator: PlotMe
2016-03-08 18:52:29 [INFO] [Multiverse-Core] Loading World & Settings - 'eventos' - Env: NORMAL - Type: FLAT & seed: -4711516305468634534
2016-03-08 18:52:29 [INFO] [Multiverse-Core] 5 - World(s) loaded.
2016-03-11 12:21:20 [INFO] [Multiverse-Core] - Version 2.4-b527 (API v14) Enabled - By Rigby, fernferret, lithium3141 and main--
2016-03-11 12:21:21 [INFO] [Multiverse-Core] Loading World & Settings - 'world' - Env: NORMAL - Type: FLAT & seed: -4315406086328175024
2016-03-11 12:21:22 [INFO] [Multiverse-Core] Loading World & Settings - 'world_nether' - Env: NETHER - Type: FLAT & seed: -4315406086328175024
2016-03-11 12:21:23 [INFO] [Multiverse-Core] Loading World & Settings - 'world_the_end' - Env: THE_END - Type: FLAT & seed: -4315406086328175024
2016-03-11 12:21:24 [INFO] [Multiverse-Core] Loading World & Settings - 'plotworld' - Env: NORMAL - Type: NORMAL & seed: 1483843031056246239 & generator: PlotMe
2016-03-11 12:21:25 [INFO] [Multiverse-Core] Loading World & Settings - 'eventos' - Env: NORMAL - Type: FLAT & seed: -4711516305468634534
2016-03-11 12:21:27 [INFO] [Multiverse-Core] 5 - World(s) loaded.
2016-03-11 18:18:41 [INFO] [Multiverse-Core] - Version 2.4-b527 (API v14) Enabled - By Rigby, fernferret, lithium3141 and main--
2016-03-11 18:18:41 [INFO] [Multiverse-Core] Loading World & Settings - 'world' - Env: NORMAL - Type: FLAT & seed: -4315406086328175024
2016-03-11 18:18:41 [INFO] [Multiverse-Core] Loading World & Settings - 'world_nether' - Env: NETHER - Type: FLAT & seed: -4315406086328175024
2016-03-11 18:18:43 [INFO] [Multiverse-Core] Loading World & Settings - 'world_the_end' - Env: THE_END - Type: FLAT & seed: -4315406086328175024
2016-03-11 18:18:44 [INFO] [Multiverse-Core] Loading World & Settings - 'plotworld' - Env: NORMAL - Type: NORMAL & seed: 1483843031056246239 & generator: PlotMe
2016-03-11 18:18:45 [INFO] [Multiverse-Core] Loading World & Settings - 'eventos' - Env: NORMAL - Type: FLAT & seed: -4711516305468634534
2016-03-11 18:18:46 [INFO] [Multiverse-Core] 5 - World(s) loaded.
2016-03-11 19:02:19 [INFO] [Multiverse-Core] - Version 2.4-b527 (API v14) Enabled - By Rigby, fernferret, lithium3141 and main--
2016-03-11 19:02:21 [INFO] [Multiverse-Core] Loading World & Settings - 'world' - Env: NORMAL - Type: FLAT & seed: -4315406086328175024
2016-03-11 19:02:21 [INFO] [Multiverse-Core] Loading World & Settings - 'world_nether' - Env: NETHER - Type: FLAT & seed: -4315406086328175024
2016-03-11 19:02:22 [INFO] [Multiverse-Core] Loading World & Settings - 'world_the_end' - Env: THE_END - Type: FLAT & seed: -4315406086328175024
2016-03-11 19:02:23 [INFO] [Multiverse-Core] Loading World & Settings - 'plotworld' - Env: NORMAL - Type: NORMAL & seed: 1483843031056246239 & generator: PlotMe
2016-03-11 19:02:24 [INFO] [Multiverse-Core] Loading World & Settings - 'eventos' - Env: NORMAL - Type: FLAT & seed: -4711516305468634534
2016-03-11 19:02:26 [INFO] [Multiverse-Core] 5 - World(s) loaded.
2016-03-11 19:26:39 [INFO] [Multiverse-Core] - Version 2.4-b527 (API v14) Enabled - By Rigby, fernferret, lithium3141 and main--
2016-03-11 19:26:39 [INFO] [Multiverse-Core] Loading World & Settings - 'world' - Env: NORMAL - Type: FLAT & seed: -4315406086328175024
2016-03-11 19:26:40 [INFO] [Multiverse-Core] Loading World & Settings - 'world_nether' - Env: NETHER - Type: FLAT & seed: -4315406086328175024
2016-03-11 19:26:41 [INFO] [Multiverse-Core] Loading World & Settings - 'world_the_end' - Env: THE_END - Type: FLAT & seed: -4315406086328175024
2016-03-11 19:26:41 [INFO] [Multiverse-Core] Loading World & Settings - 'plotworld' - Env: NORMAL - Type: NORMAL & seed: 1483843031056246239 & generator: PlotMe
2016-03-11 19:26:42 [INFO] [Multiverse-Core] Loading World & Settings - 'eventos' - Env: NORMAL - Type: FLAT & seed: -4711516305468634534
2016-03-11 19:26:42 [INFO] [Multiverse-Core] 5 - World(s) loaded.
2016-03-12 09:59:25 [INFO] [Multiverse-Core] - Version 2.4-b527 (API v14) Enabled - By Rigby, fernferret, lithium3141 and main--
2016-03-12 09:59:26 [INFO] [Multiverse-Core] Loading World & Settings - 'world' - Env: NORMAL - Type: FLAT & seed: -4315406086328175024
2016-03-12 09:59:26 [INFO] [Multiverse-Core] Loading World & Settings - 'world_nether' - Env: NETHER - Type: FLAT & seed: -4315406086328175024
2016-03-12 09:59:28 [INFO] [Multiverse-Core] Loading World & Settings - 'world_the_end' - Env: THE_END - Type: FLAT & seed: -4315406086328175024
2016-03-12 09:59:29 [INFO] [Multiverse-Core] Loading World & Settings - 'plotworld' - Env: NORMAL - Type: NORMAL & seed: 1483843031056246239 & generator: PlotMe
2016-03-12 09:59:29 [INFO] [Multiverse-Core] Loading World & Settings - 'eventos' - Env: NORMAL - Type: FLAT & seed: -4711516305468634534
2016-03-12 09:59:30 [INFO] [Multiverse-Core] 5 - World(s) loaded.
2016-03-12 10:31:31 [INFO] [Multiverse-Core] - Version 2.4-b527 (API v14) Enabled - By Rigby, fernferret, lithium3141 and main--
2016-03-12 10:31:32 [INFO] [Multiverse-Core] Loading World & Settings - 'world' - Env: NORMAL - Type: FLAT & seed: -4315406086328175024
2016-03-12 10:31:32 [INFO] [Multiverse-Core] Loading World & Settings - 'world_nether' - Env: NETHER - Type: FLAT & seed: -4315406086328175024
2016-03-12 10:31:33 [INFO] [Multiverse-Core] Loading World & Settings - 'world_the_end' - Env: THE_END - Type: FLAT & seed: -4315406086328175024
2016-03-12 10:31:34 [INFO] [Multiverse-Core] Loading World & Settings - 'plotworld' - Env: NORMAL - Type: NORMAL & seed: 1483843031056246239 & generator: PlotMe
2016-03-12 10:31:34 [INFO] [Multiverse-Core] Loading World & Settings - 'eventos' - Env: NORMAL - Type: FLAT & seed: -4711516305468634534
2016-03-12 10:31:34 [INFO] [Multiverse-Core] 5 - World(s) loaded.
2016-03-12 10:33:24 [INFO] [Multiverse-Core] - Version 2.4-b527 (API v14) Enabled - By Rigby, fernferret, lithium3141 and main--
2016-03-12 10:33:25 [INFO] [Multiverse-Core] Loading World & Settings - 'world' - Env: NORMAL - Type: FLAT & seed: -4315406086328175024
2016-03-12 10:33:25 [INFO] [Multiverse-Core] Loading World & Settings - 'world_nether' - Env: NETHER - Type: FLAT & seed: -4315406086328175024
2016-03-12 10:33:27 [INFO] [Multiverse-Core] Loading World & Settings - 'world_the_end' - Env: THE_END - Type: FLAT & seed: -4315406086328175024
2016-03-12 10:33:28 [INFO] [Multiverse-Core] Loading World & Settings - 'plotworld' - Env: NORMAL - Type: NORMAL & seed: 1483843031056246239 & generator: PlotMe
2016-03-12 10:33:30 [INFO] [Multiverse-Core] Loading World & Settings - 'eventos' - Env: NORMAL - Type: FLAT & seed: -4711516305468634534
2016-03-12 10:33:31 [INFO] [Multiverse-Core] 5 - World(s) loaded.
2016-03-12 11:11:08 [INFO] [Multiverse-Core] - Version 2.4-b527 (API v14) Enabled - By Rigby, fernferret, lithium3141 and main--
2016-03-12 11:11:10 [INFO] [Multiverse-Core] Loading World & Settings - 'world' - Env: NORMAL - Type: FLAT & seed: -4315406086328175024
2016-03-12 11:11:10 [INFO] [Multiverse-Core] Loading World & Settings - 'world_nether' - Env: NETHER - Type: FLAT & seed: -4315406086328175024
2016-03-12 11:11:12 [INFO] [Multiverse-Core] Loading World & Settings - 'world_the_end' - Env: THE_END - Type: FLAT & seed: -4315406086328175024
2016-03-12 11:11:14 [INFO] [Multiverse-Core] Loading World & Settings - 'plotworld' - Env: NORMAL - Type: NORMAL & seed: 1483843031056246239 & generator: PlotMe
2016-03-12 11:11:15 [INFO] [Multiverse-Core] Loading World & Settings - 'eventos' - Env: NORMAL - Type: FLAT & seed: -4711516305468634534
2016-03-12 11:11:17 [INFO] [Multiverse-Core] 5 - World(s) loaded.
2016-03-12 11:16:23 [INFO] [Multiverse-Core] - Version 2.4-b527 (API v14) Enabled - By Rigby, fernferret, lithium3141 and main--
2016-03-12 11:16:24 [INFO] [Multiverse-Core] Loading World & Settings - 'world' - Env: NORMAL - Type: FLAT & seed: -4315406086328175024
2016-03-12 11:16:24 [INFO] [Multiverse-Core] Loading World & Settings - 'world_nether' - Env: NETHER - Type: FLAT & seed: -4315406086328175024
2016-03-12 11:16:25 [INFO] [Multiverse-Core] Loading World & Settings - 'world_the_end' - Env: THE_END - Type: FLAT & seed: -4315406086328175024
2016-03-12 11:16:26 [INFO] [Multiverse-Core] Loading World & Settings - 'plotworld' - Env: NORMAL - Type: NORMAL & seed: 1483843031056246239 & generator: PlotMe
2016-03-12 11:16:27 [INFO] [Multiverse-Core] Loading World & Settings - 'eventos' - Env: NORMAL - Type: FLAT & seed: -4711516305468634534
2016-03-12 11:16:29 [INFO] [Multiverse-Core] 5 - World(s) loaded.
2016-03-12 11:24:30 [INFO] [Multiverse-Core] - Version 2.4-b527 (API v14) Enabled - By Rigby, fernferret, lithium3141 and main--
2016-03-12 11:24:31 [INFO] [Multiverse-Core] Loading World & Settings - 'world' - Env: NORMAL - Type: FLAT & seed: -4315406086328175024
2016-03-12 11:24:32 [INFO] [Multiverse-Core] Loading World & Settings - 'world_nether' - Env: NETHER - Type: FLAT & seed: -4315406086328175024
2016-03-12 11:24:33 [INFO] [Multiverse-Core] Loading World & Settings - 'world_the_end' - Env: THE_END - Type: FLAT & seed: -4315406086328175024
2016-03-12 11:24:34 [INFO] [Multiverse-Core] Loading World & Settings - 'plotworld' - Env: NORMAL - Type: NORMAL & seed: 1483843031056246239 & generator: PlotMe
2016-03-12 11:24:34 [INFO] [Multiverse-Core] Loading World & Settings - 'eventos' - Env: NORMAL - Type: FLAT & seed: -4711516305468634534
2016-03-12 11:24:36 [INFO] [Multiverse-Core] 5 - World(s) loaded.
2016-03-12 12:50:06 [INFO] [Multiverse-Core] - Version 2.4-b527 (API v14) Enabled - By Rigby, fernferret, lithium3141 and main--
2016-03-12 12:50:07 [INFO] [Multiverse-Core] Loading World & Settings - 'world' - Env: NORMAL - Type: FLAT & seed: -4315406086328175024
2016-03-12 12:50:07 [INFO] [Multiverse-Core] Loading World & Settings - 'world_nether' - Env: NETHER - Type: FLAT & seed: -4315406086328175024
2016-03-12 12:50:09 [INFO] [Multiverse-Core] Loading World & Settings - 'world_the_end' - Env: THE_END - Type: FLAT & seed: -4315406086328175024
2016-03-12 12:50:10 [INFO] [Multiverse-Core] Loading World & Settings - 'plotworld' - Env: NORMAL - Type: NORMAL & seed: 1483843031056246239 & generator: PlotMe
2016-03-12 12:50:11 [INFO] [Multiverse-Core] Loading World & Settings - 'eventos' - Env: NORMAL - Type: FLAT & seed: -4711516305468634534
2016-03-12 12:50:12 [INFO] [Multiverse-Core] 5 - World(s) loaded.
2016-03-12 13:46:38 [INFO] [Multiverse-Core] - Version 2.4-b527 (API v14) Enabled - By Rigby, fernferret, lithium3141 and main--
2016-03-12 13:46:39 [INFO] [Multiverse-Core] Loading World & Settings - 'world' - Env: NORMAL - Type: FLAT & seed: -4315406086328175024
2016-03-12 13:46:39 [INFO] [Multiverse-Core] Loading World & Settings - 'world_nether' - Env: NETHER - Type: FLAT & seed: -4315406086328175024
2016-03-12 13:46:40 [INFO] [Multiverse-Core] Loading World & Settings - 'world_the_end' - Env: THE_END - Type: FLAT & seed: -4315406086328175024
2016-03-12 13:46:40 [INFO] [Multiverse-Core] Loading World & Settings - 'plotworld' - Env: NORMAL - Type: NORMAL & seed: 1483843031056246239 & generator: PlotMe
2016-03-12 13:46:41 [INFO] [Multiverse-Core] Loading World & Settings - 'eventos' - Env: NORMAL - Type: FLAT & seed: -4711516305468634534
2016-03-12 13:46:42 [INFO] [Multiverse-Core] 5 - World(s) loaded.
2016-03-12 20:38:21 [INFO] [Multiverse-Core] - Version 2.4-b527 (API v14) Enabled - By Rigby, fernferret, lithium3141 and main--
2016-03-12 20:38:22 [INFO] [Multiverse-Core] Loading World & Settings - 'world' - Env: NORMAL - Type: FLAT & seed: -4315406086328175024
2016-03-12 20:38:22 [INFO] [Multiverse-Core] Loading World & Settings - 'world_nether' - Env: NETHER - Type: FLAT & seed: -4315406086328175024
2016-03-12 20:38:23 [INFO] [Multiverse-Core] Loading World & Settings - 'world_the_end' - Env: THE_END - Type: FLAT & seed: -4315406086328175024
2016-03-12 20:38:24 [INFO] [Multiverse-Core] Loading World & Settings - 'plotworld' - Env: NORMAL - Type: NORMAL & seed: 1483843031056246239 & generator: PlotMe
2016-03-12 20:38:26 [INFO] [Multiverse-Core] Loading World & Settings - 'eventos' - Env: NORMAL - Type: FLAT & seed: -4711516305468634534
2016-03-12 20:38:27 [INFO] [Multiverse-Core] 5 - World(s) loaded.
2016-03-12 21:41:52 [INFO] [Multiverse-Core] - Version 2.4-b527 (API v14) Enabled - By Rigby, fernferret, lithium3141 and main--
2016-03-12 21:41:53 [INFO] [Multiverse-Core] Loading World & Settings - 'world' - Env: NORMAL - Type: FLAT & seed: -4315406086328175024
2016-03-12 21:41:53 [INFO] [Multiverse-Core] Loading World & Settings - 'world_nether' - Env: NETHER - Type: FLAT & seed: -4315406086328175024
2016-03-24 14:13:25 [INFO] [Multiverse-Core] - Version 2.4-b527 (API v14) Enabled - By Rigby, fernferret, lithium3141 and main--
2016-03-24 14:13:26 [INFO] [Multiverse-Core] Loading World & Settings - 'world' - Env: NORMAL - Type: FLAT & seed: -4315406086328175024
2016-03-24 14:13:26 [INFO] [Multiverse-Core] Loading World & Settings - 'world_nether' - Env: NETHER - Type: FLAT & seed: -4315406086328175024
2016-03-24 14:13:27 [INFO] [Multiverse-Core] Loading World & Settings - 'world_the_end' - Env: THE_END - Type: FLAT & seed: -4315406086328175024
2016-03-24 14:13:28 [INFO] [Multiverse-Core] Loading World & Settings - 'plotworld' - Env: NORMAL - Type: NORMAL & seed: 1483843031056246239 & generator: PlotMe
2016-03-24 14:13:29 [INFO] [Multiverse-Core] Loading World & Settings - 'eventos' - Env: NORMAL - Type: FLAT & seed: -4711516305468634534
2016-03-24 14:13:30 [INFO] [Multiverse-Core] 5 - World(s) loaded.
2016-03-31 13:17:15 [INFO] [Multiverse-Core] - Version 2.4-b527 (API v14) Enabled - By Rigby, fernferret, lithium3141 and main--
2016-03-31 13:17:15 [INFO] [Multiverse-Core] Loading World & Settings - 'world' - Env: NORMAL - Type: FLAT & seed: -4315406086328175024
2016-03-31 13:17:16 [WARNING] [Multiverse-Core] Spawn location from world.dat file was unsafe. Adjusting...
2016-03-31 13:17:16 [WARNING] [Multiverse-Core] Original Location: X: -1,779 Y: 4 Z: 424 P: 0 Y: 0 
2016-03-31 13:17:16 [INFO] [Multiverse-Core] New Spawn for 'world' is Located at: world:-1777.50,1.00,424.50:0.00:0.00
2016-03-31 13:17:16 [INFO] [Multiverse-Core] Loading World & Settings - 'world_nether' - Env: NETHER - Type: FLAT & seed: -4315406086328175024
2016-03-31 13:17:17 [INFO] [Multiverse-Core] Loading World & Settings - 'world_the_end' - Env: THE_END - Type: FLAT & seed: -4315406086328175024
2016-03-31 13:17:17 [INFO] [Multiverse-Core] Loading World & Settings - 'plotworld' - Env: NORMAL - Type: NORMAL & seed: 1483843031056246239 & generator: PlotMe
2016-03-31 13:17:18 [INFO] [Multiverse-Core] Loading World & Settings - 'eventos' - Env: NORMAL - Type: FLAT & seed: -4711516305468634534
2016-03-31 13:17:20 [INFO] [Multiverse-Core] 5 - World(s) loaded.
2016-03-31 17:10:26 [INFO] [Multiverse-Core] - Version 2.4-b527 (API v14) Enabled - By Rigby, fernferret, lithium3141 and main--
2016-03-31 17:10:27 [INFO] [Multiverse-Core] Loading World & Settings - 'world' - Env: NORMAL - Type: FLAT & seed: -3083979623404973764
2016-03-31 17:10:27 [WARNING] [Multiverse-Core] Spawn location from world.dat file was unsafe. Adjusting...
2016-03-31 17:10:27 [WARNING] [Multiverse-Core] Original Location: X: -1,775 Y: 8 Z: 431 P: 0 Y: 0 
2016-03-31 17:10:27 [INFO] [Multiverse-Core] New Spawn for 'world' is Located at: world:-1773.50,8.00,431.50:0.00:0.00
2016-03-31 17:10:27 [INFO] [Multiverse-Core] Loading World & Settings - 'world_nether' - Env: NETHER - Type: FLAT & seed: -4315406086328175024
2016-03-31 17:10:28 [INFO] [Multiverse-Core] Loading World & Settings - 'world_the_end' - Env: THE_END - Type: FLAT & seed: -4315406086328175024
2016-03-31 17:10:29 [INFO] [Multiverse-Core] Loading World & Settings - 'plotworld' - Env: NORMAL - Type: NORMAL & seed: 1483843031056246239 & generator: PlotMe
2016-03-31 17:10:30 [INFO] [Multiverse-Core] Loading World & Settings - 'eventos' - Env: NORMAL - Type: FLAT & seed: -4711516305468634534
2016-03-31 17:10:31 [INFO] [Multiverse-Core] 5 - World(s) loaded.
2016-03-31 18:05:04 [INFO] [Multiverse-Core] - Version 2.4-b527 (API v14) Enabled - By Rigby, fernferret, lithium3141 and main--
2016-03-31 18:05:05 [INFO] [Multiverse-Core] Loading World & Settings - 'world' - Env: NORMAL - Type: FLAT & seed: -3083979623404973764
2016-03-31 18:05:05 [INFO] [Multiverse-Core] Loading World & Settings - 'world_nether' - Env: NETHER - Type: FLAT & seed: -4315406086328175024
2016-03-31 18:05:06 [INFO] [Multiverse-Core] Loading World & Settings - 'world_the_end' - Env: THE_END - Type: FLAT & seed: -4315406086328175024
2016-03-31 18:05:06 [INFO] [Multiverse-Core] Loading World & Settings - 'plotworld' - Env: NORMAL - Type: NORMAL & seed: 1483843031056246239 & generator: PlotMe
2016-03-31 18:05:07 [INFO] [Multiverse-Core] Loading World & Settings - 'eventos' - Env: NORMAL - Type: FLAT & seed: -4711516305468634534
2016-03-31 18:05:08 [INFO] [Multiverse-Core] 5 - World(s) loaded.
2016-03-31 19:08:01 [INFO] [Multiverse-Core] - Version 2.4-b527 (API v14) Enabled - By Rigby, fernferret, lithium3141 and main--
2016-03-31 19:08:02 [INFO] [Multiverse-Core] Loading World & Settings - 'world' - Env: NORMAL - Type: FLAT & seed: -3083979623404973764
2016-03-31 19:08:02 [INFO] [Multiverse-Core] Loading World & Settings - 'world_nether' - Env: NETHER - Type: FLAT & seed: -4315406086328175024
2016-03-31 19:08:03 [INFO] [Multiverse-Core] Loading World & Settings - 'world_the_end' - Env: THE_END - Type: FLAT & seed: -4315406086328175024
2016-03-31 19:08:03 [INFO] [Multiverse-Core] Loading World & Settings - 'plotworld' - Env: NORMAL - Type: NORMAL & seed: 1483843031056246239 & generator: PlotMe
2016-03-31 19:08:04 [INFO] [Multiverse-Core] Loading World & Settings - 'eventos' - Env: NORMAL - Type: FLAT & seed: -4711516305468634534
2016-03-31 19:08:05 [INFO] [Multiverse-Core] 5 - World(s) loaded.
2016-04-01 06:58:36 [INFO] [Multiverse-Core] - Version 2.4-b527 (API v14) Enabled - By Rigby, fernferret, lithium3141 and main--
2016-04-01 06:58:37 [INFO] [Multiverse-Core] Loading World & Settings - 'world' - Env: NORMAL - Type: FLAT & seed: -3083979623404973764
2016-04-01 06:58:37 [INFO] [Multiverse-Core] Loading World & Settings - 'world_nether' - Env: NETHER - Type: FLAT & seed: -4315406086328175024
2016-04-01 06:58:38 [INFO] [Multiverse-Core] Loading World & Settings - 'world_the_end' - Env: THE_END - Type: FLAT & seed: -4315406086328175024
2016-04-01 06:58:39 [INFO] [Multiverse-Core] Loading World & Settings - 'plotworld' - Env: NORMAL - Type: NORMAL & seed: 1483843031056246239 & generator: PlotMe
2016-04-01 06:58:39 [INFO] [Multiverse-Core] Loading World & Settings - 'eventos' - Env: NORMAL - Type: FLAT & seed: -4711516305468634534
2016-04-01 06:58:41 [INFO] [Multiverse-Core] 5 - World(s) loaded.
2016-04-01 10:30:43 [INFO] [Multiverse-Core] - Version 2.4-b527 (API v14) Enabled - By Rigby, fernferret, lithium3141 and main--
2016-04-01 10:30:46 [INFO] [Multiverse-Core] Loading World & Settings - 'world' - Env: NORMAL - Type: FLAT & seed: -3083979623404973764
2016-04-01 10:30:46 [INFO] [Multiverse-Core] Loading World & Settings - 'world_nether' - Env: NETHER - Type: FLAT & seed: -4315406086328175024
2016-04-01 10:30:49 [INFO] [Multiverse-Core] Loading World & Settings - 'world_the_end' - Env: THE_END - Type: FLAT & seed: -4315406086328175024
2016-04-01 10:30:52 [INFO] [Multiverse-Core] Loading World & Settings - 'plotworld' - Env: NORMAL - Type: NORMAL & seed: 1483843031056246239 & generator: PlotMe
2016-04-01 10:30:54 [INFO] [Multiverse-Core] Loading World & Settings - 'eventos' - Env: NORMAL - Type: FLAT & seed: -4711516305468634534
2016-04-01 10:30:57 [INFO] [Multiverse-Core] 5 - World(s) loaded.
2016-04-01 16:12:20 [INFO] [Multiverse-Core] - Version 2.4-b527 (API v14) Enabled - By Rigby, fernferret, lithium3141 and main--
2016-04-01 16:12:21 [INFO] [Multiverse-Core] Loading World & Settings - 'world' - Env: NORMAL - Type: FLAT & seed: -3083979623404973764
2016-04-01 16:12:21 [INFO] [Multiverse-Core] Loading World & Settings - 'world_nether' - Env: NETHER - Type: FLAT & seed: -4315406086328175024
2016-04-01 16:12:22 [INFO] [Multiverse-Core] Loading World & Settings - 'world_the_end' - Env: THE_END - Type: FLAT & seed: -4315406086328175024
2016-04-01 16:12:23 [INFO] [Multiverse-Core] Loading World & Settings - 'plotworld' - Env: NORMAL - Type: NORMAL & seed: 1483843031056246239 & generator: PlotMe
2016-04-01 16:12:23 [INFO] [Multiverse-Core] Loading World & Settings - 'eventos' - Env: NORMAL - Type: FLAT & seed: -4711516305468634534
2016-04-01 16:12:24 [INFO] [Multiverse-Core] 5 - World(s) loaded.
2016-04-02 10:41:20 [INFO] [Multiverse-Core] - Version 2.4-b527 (API v14) Enabled - By Rigby, fernferret, lithium3141 and main--
2016-04-02 10:41:21 [INFO] [Multiverse-Core] Loading World & Settings - 'world' - Env: NORMAL - Type: FLAT & seed: -3083979623404973764
2016-04-02 10:41:21 [INFO] [Multiverse-Core] Loading World & Settings - 'world_nether' - Env: NETHER - Type: FLAT & seed: -4315406086328175024
2016-04-02 10:41:22 [INFO] [Multiverse-Core] Loading World & Settings - 'world_the_end' - Env: THE_END - Type: FLAT & seed: -4315406086328175024
2016-04-02 10:41:23 [INFO] [Multiverse-Core] Loading World & Settings - 'plotworld' - Env: NORMAL - Type: NORMAL & seed: 1483843031056246239 & generator: PlotMe
2016-04-02 10:41:24 [INFO] [Multiverse-Core] Loading World & Settings - 'eventos' - Env: NORMAL - Type: FLAT & seed: -4711516305468634534
2016-04-02 10:41:25 [INFO] [Multiverse-Core] 5 - World(s) loaded.
2016-04-02 14:11:11 [INFO] [Multiverse-Core] - Version 2.4-b527 (API v14) Enabled - By Rigby, fernferret, lithium3141 and main--
2016-04-02 14:11:12 [INFO] [Multiverse-Core] Loading World & Settings - 'world' - Env: NORMAL - Type: FLAT & seed: -3083979623404973764
2016-04-02 14:11:14 [INFO] [Multiverse-Core] Loading World & Settings - 'world_nether' - Env: NETHER - Type: FLAT & seed: -4315406086328175024
2016-04-02 14:11:15 [INFO] [Multiverse-Core] Loading World & Settings - 'world_the_end' - Env: THE_END - Type: FLAT & seed: -4315406086328175024
2016-04-02 14:11:16 [INFO] [Multiverse-Core] Loading World & Settings - 'plotworld' - Env: NORMAL - Type: NORMAL & seed: 1483843031056246239 & generator: PlotMe
2016-04-02 14:11:17 [INFO] [Multiverse-Core] Loading World & Settings - 'eventos' - Env: NORMAL - Type: FLAT & seed: -4711516305468634534
2016-04-02 14:11:20 [INFO] [Multiverse-Core] 5 - World(s) loaded.
2016-04-02 14:17:40 [INFO] [Multiverse-Core] - Version 2.4-b527 (API v14) Enabled - By Rigby, fernferret, lithium3141 and main--
2016-04-02 14:17:41 [INFO] [Multiverse-Core] Loading World & Settings - 'world' - Env: NORMAL - Type: FLAT & seed: -3083979623404973764
2016-04-02 14:17:41 [INFO] [Multiverse-Core] Loading World & Settings - 'world_nether' - Env: NETHER - Type: FLAT & seed: -4315406086328175024
2016-04-02 14:17:42 [INFO] [Multiverse-Core] Loading World & Settings - 'world_the_end' - Env: THE_END - Type: FLAT & seed: -4315406086328175024
2016-04-02 14:17:42 [INFO] [Multiverse-Core] Loading World & Settings - 'plotworld' - Env: NORMAL - Type: NORMAL & seed: 1483843031056246239 & generator: PlotMe
2016-04-02 14:17:43 [INFO] [Multiverse-Core] Loading World & Settings - 'eventos' - Env: NORMAL - Type: FLAT & seed: -4711516305468634534
2016-04-02 14:17:44 [INFO] [Multiverse-Core] 5 - World(s) loaded.
2016-04-02 16:05:07 [INFO] [Multiverse-Core] - Version 2.4-b527 (API v14) Enabled - By Rigby, fernferret, lithium3141 and main--
2016-04-02 16:05:07 [INFO] [Multiverse-Core] Loading World & Settings - 'world' - Env: NORMAL - Type: FLAT & seed: -3083979623404973764
2016-04-02 16:05:07 [INFO] [Multiverse-Core] Loading World & Settings - 'world_nether' - Env: NETHER - Type: FLAT & seed: -4315406086328175024
2016-04-02 16:05:08 [INFO] [Multiverse-Core] Loading World & Settings - 'world_the_end' - Env: THE_END - Type: FLAT & seed: -4315406086328175024
2016-04-02 16:05:09 [INFO] [Multiverse-Core] Loading World & Settings - 'plotworld' - Env: NORMAL - Type: NORMAL & seed: 1483843031056246239 & generator: PlotMe
2016-04-02 16:05:09 [INFO] [Multiverse-Core] Loading World & Settings - 'eventos' - Env: NORMAL - Type: FLAT & seed: -4711516305468634534
2016-04-02 16:05:11 [INFO] [Multiverse-Core] 5 - World(s) loaded.
2016-04-02 16:57:05 [INFO] [Multiverse-Core] - Version 2.4-b527 (API v14) Enabled - By Rigby, fernferret, lithium3141 and main--
2016-04-02 16:57:07 [INFO] [Multiverse-Core] Loading World & Settings - 'world' - Env: NORMAL - Type: FLAT & seed: -3083979623404973764
2016-04-02 16:57:07 [INFO] [Multiverse-Core] Loading World & Settings - 'world_nether' - Env: NETHER - Type: FLAT & seed: -4315406086328175024
2016-04-02 16:57:08 [INFO] [Multiverse-Core] Loading World & Settings - 'world_the_end' - Env: THE_END - Type: FLAT & seed: -4315406086328175024
2016-04-02 16:57:08 [INFO] [Multiverse-Core] Loading World & Settings - 'plotworld' - Env: NORMAL - Type: NORMAL & seed: 1483843031056246239 & generator: PlotMe
2016-04-02 16:57:09 [INFO] [Multiverse-Core] Loading World & Settings - 'eventos' - Env: NORMAL - Type: FLAT & seed: -4711516305468634534
2016-04-02 16:57:09 [INFO] [Multiverse-Core] 5 - World(s) loaded.
2016-04-02 18:32:19 [INFO] [Multiverse-Core] - Version 2.4-b527 (API v14) Enabled - By Rigby, fernferret, lithium3141 and main--
2016-04-02 18:32:21 [INFO] [Multiverse-Core] Loading World & Settings - 'world' - Env: NORMAL - Type: FLAT & seed: -3083979623404973764
2016-04-02 18:32:22 [INFO] [Multiverse-Core] Loading World & Settings - 'world_nether' - Env: NETHER - Type: FLAT & seed: -4315406086328175024
2016-04-02 18:32:22 [INFO] [Multiverse-Core] Loading World & Settings - 'world_the_end' - Env: THE_END - Type: FLAT & seed: -4315406086328175024
2016-04-02 18:32:23 [INFO] [Multiverse-Core] Loading World & Settings - 'plotworld' - Env: NORMAL - Type: NORMAL & seed: 1483843031056246239 & generator: PlotMe
2016-04-02 18:32:23 [INFO] [Multiverse-Core] Loading World & Settings - 'eventos' - Env: NORMAL - Type: FLAT & seed: -4711516305468634534
2016-04-02 18:32:24 [INFO] [Multiverse-Core] 5 - World(s) loaded.
2016-04-02 21:49:59 [INFO] [Multiverse-Core] - Version 2.4-b527 (API v14) Enabled - By Rigby, fernferret, lithium3141 and main--
2016-04-02 21:50:00 [INFO] [Multiverse-Core] Loading World & Settings - 'world' - Env: NORMAL - Type: FLAT & seed: -3083979623404973764
2016-04-02 21:50:00 [INFO] [Multiverse-Core] Loading World & Settings - 'world_nether' - Env: NETHER - Type: FLAT & seed: -4315406086328175024
2016-04-02 21:50:01 [INFO] [Multiverse-Core] Loading World & Settings - 'world_the_end' - Env: THE_END - Type: FLAT & seed: -4315406086328175024
2016-04-02 21:50:01 [INFO] [Multiverse-Core] Loading World & Settings - 'plotworld' - Env: NORMAL - Type: NORMAL & seed: 1483843031056246239 & generator: PlotMe
2016-04-02 21:50:02 [INFO] [Multiverse-Core] Loading World & Settings - 'eventos' - Env: NORMAL - Type: FLAT & seed: -4711516305468634534
2016-04-02 21:50:03 [INFO] [Multiverse-Core] 5 - World(s) loaded.
2016-04-02 21:53:09 [INFO] [Multiverse-Core] - Version 2.4-b527 (API v14) Enabled - By Rigby, fernferret, lithium3141 and main--
2016-04-02 21:53:10 [INFO] [Multiverse-Core] Loading World & Settings - 'world' - Env: NORMAL - Type: FLAT & seed: -3083979623404973764
2016-04-02 21:53:10 [INFO] [Multiverse-Core] Loading World & Settings - 'world_nether' - Env: NETHER - Type: FLAT & seed: -4315406086328175024
2016-04-02 21:53:11 [INFO] [Multiverse-Core] Loading World & Settings - 'world_the_end' - Env: THE_END - Type: FLAT & seed: -4315406086328175024
2016-04-02 21:53:11 [INFO] [Multiverse-Core] Loading World & Settings - 'plotworld' - Env: NORMAL - Type: NORMAL & seed: 1483843031056246239 & generator: PlotMe
2016-04-02 21:53:12 [INFO] [Multiverse-Core] Loading World & Settings - 'eventos' - Env: NORMAL - Type: FLAT & seed: -4711516305468634534
2016-04-02 21:53:13 [INFO] [Multiverse-Core] 5 - World(s) loaded.
2016-04-03 13:12:15 [INFO] [Multiverse-Core] - Version 2.4-b527 (API v14) Enabled - By Rigby, fernferret, lithium3141 and main--
2016-04-03 13:12:16 [INFO] [Multiverse-Core] Loading World & Settings - 'world' - Env: NORMAL - Type: FLAT & seed: -3083979623404973764
2016-04-03 13:12:16 [INFO] [Multiverse-Core] Loading World & Settings - 'world_nether' - Env: NETHER - Type: FLAT & seed: -4315406086328175024
2016-04-03 13:12:17 [INFO] [Multiverse-Core] Loading World & Settings - 'world_the_end' - Env: THE_END - Type: FLAT & seed: -4315406086328175024
2016-04-03 13:12:17 [INFO] [Multiverse-Core] Loading World & Settings - 'plotworld' - Env: NORMAL - Type: NORMAL & seed: 1483843031056246239 & generator: PlotMe
2016-04-03 13:12:18 [INFO] [Multiverse-Core] Loading World & Settings - 'eventos' - Env: NORMAL - Type: FLAT & seed: -4711516305468634534
2016-04-03 13:12:19 [INFO] [Multiverse-Core] 5 - World(s) loaded.
2016-04-03 15:25:20 [INFO] [Multiverse-Core] - Version 2.4-b527 (API v14) Enabled - By Rigby, fernferret, lithium3141 and main--
2016-04-03 15:25:21 [INFO] [Multiverse-Core] Loading World & Settings - 'world' - Env: NORMAL - Type: FLAT & seed: -3083979623404973764
2016-04-03 15:25:21 [INFO] [Multiverse-Core] Loading World & Settings - 'world_nether' - Env: NETHER - Type: FLAT & seed: -4315406086328175024
2016-04-03 15:25:22 [INFO] [Multiverse-Core] Loading World & Settings - 'world_the_end' - Env: THE_END - Type: FLAT & seed: -4315406086328175024
2016-04-03 15:25:23 [INFO] [Multiverse-Core] Loading World & Settings - 'plotworld' - Env: NORMAL - Type: NORMAL & seed: 1483843031056246239 & generator: PlotMe
2016-04-03 15:25:24 [INFO] [Multiverse-Core] Loading World & Settings - 'eventos' - Env: NORMAL - Type: FLAT & seed: -4711516305468634534
2016-04-03 15:25:25 [INFO] [Multiverse-Core] 5 - World(s) loaded.
2016-04-04 11:39:11 [INFO] [Multiverse-Core] - Version 2.4-b527 (API v14) Enabled - By Rigby, fernferret, lithium3141 and main--
2016-04-04 11:39:13 [INFO] [Multiverse-Core] Loading World & Settings - 'world' - Env: NORMAL - Type: FLAT & seed: -3083979623404973764
2016-04-04 11:39:14 [INFO] [Multiverse-Core] Loading World & Settings - 'world_nether' - Env: NETHER - Type: FLAT & seed: -4315406086328175024
2016-04-04 11:39:15 [INFO] [Multiverse-Core] Loading World & Settings - 'world_the_end' - Env: THE_END - Type: FLAT & seed: -4315406086328175024
2016-04-04 11:39:16 [INFO] [Multiverse-Core] Loading World & Settings - 'plotworld' - Env: NORMAL - Type: NORMAL & seed: 1483843031056246239 & generator: PlotMe
2016-04-04 11:39:16 [INFO] [Multiverse-Core] Loading World & Settings - 'eventos' - Env: NORMAL - Type: FLAT & seed: -4711516305468634534
2016-04-04 11:39:18 [INFO] [Multiverse-Core] 5 - World(s) loaded.
2016-04-19 07:52:18 [INFO] [Multiverse-Core] - Version 2.4-b527 (API v14) Enabled - By Rigby, fernferret, lithium3141 and main--
2016-04-19 07:52:19 [INFO] [Multiverse-Core] Loading World & Settings - 'world' - Env: NORMAL - Type: FLAT & seed: -3083979623404973764
2016-04-19 07:52:20 [INFO] [Multiverse-Core] Loading World & Settings - 'world_nether' - Env: NETHER - Type: FLAT & seed: -4315406086328175024
2016-04-19 07:52:20 [INFO] [Multiverse-Core] Loading World & Settings - 'world_the_end' - Env: THE_END - Type: FLAT & seed: -4315406086328175024
2016-04-19 07:52:21 [INFO] [Multiverse-Core] Loading World & Settings - 'plotworld' - Env: NORMAL - Type: NORMAL & seed: 1483843031056246239 & generator: PlotMe
2016-04-19 07:52:22 [INFO] [Multiverse-Core] Loading World & Settings - 'eventos' - Env: NORMAL - Type: FLAT & seed: -4711516305468634534
2016-04-19 07:52:23 [INFO] [Multiverse-Core] 5 - World(s) loaded.
2016-04-19 08:57:09 [INFO] [Multiverse-Core] - Version 2.4-b527 (API v14) Enabled - By Rigby, fernferret, lithium3141 and main--
2016-04-19 08:57:13 [INFO] [Multiverse-Core] Loading World & Settings - 'world' - Env: NORMAL - Type: FLAT & seed: -3083979623404973764
2016-04-19 08:57:14 [INFO] [Multiverse-Core] Loading World & Settings - 'world_nether' - Env: NETHER - Type: FLAT & seed: -4315406086328175024
2016-04-19 08:57:15 [INFO] [Multiverse-Core] Loading World & Settings - 'world_the_end' - Env: THE_END - Type: FLAT & seed: -4315406086328175024
2016-04-19 08:57:16 [INFO] [Multiverse-Core] Loading World & Settings - 'plotworld' - Env: NORMAL - Type: NORMAL & seed: 1483843031056246239 & generator: PlotMe
2016-04-19 08:57:17 [INFO] [Multiverse-Core] Loading World & Settings - 'eventos' - Env: NORMAL - Type: FLAT & seed: -4711516305468634534
2016-04-19 08:57:17 [INFO] [Multiverse-Core] 5 - World(s) loaded.
2016-04-19 10:44:00 [INFO] [Multiverse-Core] - Version 2.4-b527 (API v14) Enabled - By Rigby, fernferret, lithium3141 and main--
2016-04-19 10:44:01 [INFO] [Multiverse-Core] Loading World & Settings - 'world' - Env: NORMAL - Type: FLAT & seed: -3083979623404973764
2016-04-19 10:44:01 [INFO] [Multiverse-Core] Loading World & Settings - 'world_nether' - Env: NETHER - Type: FLAT & seed: -4315406086328175024
2016-04-19 10:44:02 [INFO] [Multiverse-Core] Loading World & Settings - 'world_the_end' - Env: THE_END - Type: FLAT & seed: -4315406086328175024
2016-04-19 10:44:02 [INFO] [Multiverse-Core] Loading World & Settings - 'plotworld' - Env: NORMAL - Type: NORMAL & seed: 1483843031056246239 & generator: PlotMe
2016-04-19 10:44:03 [INFO] [Multiverse-Core] Loading World & Settings - 'eventos' - Env: NORMAL - Type: FLAT & seed: -4711516305468634534
2016-04-19 10:44:04 [INFO] [Multiverse-Core] 5 - World(s) loaded.
2016-04-19 11:17:51 [INFO] [Multiverse-Core] - Version 2.4-b527 (API v14) Enabled - By Rigby, fernferret, lithium3141 and main--
2016-04-19 11:17:53 [INFO] [Multiverse-Core] Loading World & Settings - 'world' - Env: NORMAL - Type: FLAT & seed: -3083979623404973764
2016-04-19 11:17:54 [INFO] [Multiverse-Core] Loading World & Settings - 'world_nether' - Env: NETHER - Type: FLAT & seed: -4315406086328175024
2016-04-19 11:17:55 [INFO] [Multiverse-Core] Loading World & Settings - 'world_the_end' - Env: THE_END - Type: FLAT & seed: -4315406086328175024
2016-04-19 11:17:55 [INFO] [Multiverse-Core] Loading World & Settings - 'plotworld' - Env: NORMAL - Type: NORMAL & seed: 1483843031056246239 & generator: PlotMe
2016-04-19 11:17:56 [INFO] [Multiverse-Core] Loading World & Settings - 'eventos' - Env: NORMAL - Type: FLAT & seed: -4711516305468634534
2016-04-19 11:17:57 [INFO] [Multiverse-Core] 5 - World(s) loaded.
2016-04-19 12:46:41 [INFO] [Multiverse-Core] - Version 2.4-b527 (API v14) Enabled - By Rigby, fernferret, lithium3141 and main--
2016-04-19 12:46:42 [INFO] [Multiverse-Core] Loading World & Settings - 'world' - Env: NORMAL - Type: FLAT & seed: -3083979623404973764
2016-04-19 12:46:42 [INFO] [Multiverse-Core] Loading World & Settings - 'world_nether' - Env: NETHER - Type: FLAT & seed: -4315406086328175024
2016-04-19 12:46:43 [INFO] [Multiverse-Core] Loading World & Settings - 'world_the_end' - Env: THE_END - Type: FLAT & seed: -4315406086328175024
2016-04-19 12:46:43 [INFO] [Multiverse-Core] Loading World & Settings - 'plotworld' - Env: NORMAL - Type: NORMAL & seed: 1483843031056246239 & generator: PlotMe
2016-04-19 12:46:44 [INFO] [Multiverse-Core] Loading World & Settings - 'eventos' - Env: NORMAL - Type: FLAT & seed: -4711516305468634534
2016-04-19 12:46:44 [INFO] [Multiverse-Core] 5 - World(s) loaded.
2016-04-20 06:13:31 [INFO] [Multiverse-Core] - Version 2.4-b527 (API v14) Enabled - By Rigby, fernferret, lithium3141 and main--
2016-04-20 06:13:33 [INFO] [Multiverse-Core] Loading World & Settings - 'world' - Env: NORMAL - Type: FLAT & seed: -3083979623404973764
2016-04-20 06:13:33 [INFO] [Multiverse-Core] Loading World & Settings - 'world_nether' - Env: NETHER - Type: FLAT & seed: -4315406086328175024
2016-04-20 06:13:34 [INFO] [Multiverse-Core] Loading World & Settings - 'world_the_end' - Env: THE_END - Type: FLAT & seed: -4315406086328175024
2016-04-20 06:13:34 [INFO] [Multiverse-Core] Loading World & Settings - 'plotworld' - Env: NORMAL - Type: NORMAL & seed: 1483843031056246239 & generator: PlotMe
2016-04-20 06:13:35 [INFO] [Multiverse-Core] Loading World & Settings - 'eventos' - Env: NORMAL - Type: FLAT & seed: -4711516305468634534
2016-04-20 06:13:36 [INFO] [Multiverse-Core] 5 - World(s) loaded.
2016-04-20 06:22:01 [INFO] [Multiverse-Core] - Version 2.4-b527 (API v14) Enabled - By Rigby, fernferret, lithium3141 and main--
2016-04-20 06:22:04 [INFO] [Multiverse-Core] Loading World & Settings - 'world' - Env: NORMAL - Type: FLAT & seed: -3083979623404973764
2016-04-20 06:22:05 [INFO] [Multiverse-Core] Loading World & Settings - 'world_nether' - Env: NETHER - Type: FLAT & seed: -4315406086328175024
2016-04-20 06:22:05 [INFO] [Multiverse-Core] Loading World & Settings - 'world_the_end' - Env: THE_END - Type: FLAT & seed: -4315406086328175024
2016-04-20 06:22:06 [INFO] [Multiverse-Core] Loading World & Settings - 'plotworld' - Env: NORMAL - Type: NORMAL & seed: 1483843031056246239 & generator: PlotMe
2016-04-20 06:22:06 [INFO] [Multiverse-Core] Loading World & Settings - 'eventos' - Env: NORMAL - Type: FLAT & seed: -4711516305468634534
2016-04-20 06:22:07 [INFO] [Multiverse-Core] 5 - World(s) loaded.
2016-04-20 06:27:41 [INFO] [Multiverse-Core] - Version 2.4-b527 (API v14) Enabled - By Rigby, fernferret, lithium3141 and main--
2016-04-20 06:27:44 [INFO] [Multiverse-Core] Loading World & Settings - 'world' - Env: NORMAL - Type: FLAT & seed: -3083979623404973764
2016-04-20 06:27:45 [INFO] [Multiverse-Core] Loading World & Settings - 'world_nether' - Env: NETHER - Type: FLAT & seed: -4315406086328175024
2016-04-20 06:27:46 [INFO] [Multiverse-Core] Loading World & Settings - 'world_the_end' - Env: THE_END - Type: FLAT & seed: -4315406086328175024
2016-04-20 06:27:46 [INFO] [Multiverse-Core] Loading World & Settings - 'plotworld' - Env: NORMAL - Type: NORMAL & seed: 1483843031056246239 & generator: PlotMe
2016-04-20 06:27:46 [INFO] [Multiverse-Core] Loading World & Settings - 'eventos' - Env: NORMAL - Type: FLAT & seed: -4711516305468634534
2016-04-20 06:27:47 [INFO] [Multiverse-Core] 5 - World(s) loaded.
2016-04-20 06:34:26 [INFO] [Multiverse-Core] - Version 2.4-b527 (API v14) Enabled - By Rigby, fernferret, lithium3141 and main--
2016-04-20 06:34:31 [INFO] [Multiverse-Core] Loading World & Settings - 'world' - Env: NORMAL - Type: FLAT & seed: -3083979623404973764
2016-04-20 06:34:31 [INFO] [Multiverse-Core] Loading World & Settings - 'world_nether' - Env: NETHER - Type: FLAT & seed: -4315406086328175024
2016-04-20 06:34:32 [INFO] [Multiverse-Core] Loading World & Settings - 'world_the_end' - Env: THE_END - Type: FLAT & seed: -4315406086328175024
2016-04-20 06:34:32 [INFO] [Multiverse-Core] Loading World & Settings - 'plotworld' - Env: NORMAL - Type: NORMAL & seed: 1483843031056246239 & generator: PlotMe
2016-04-20 06:34:33 [INFO] [Multiverse-Core] Loading World & Settings - 'eventos' - Env: NORMAL - Type: FLAT & seed: -4711516305468634534
2016-04-20 06:34:33 [INFO] [Multiverse-Core] 5 - World(s) loaded.
2016-04-20 08:26:26 [INFO] [Multiverse-Core] - Version 2.4-b527 (API v14) Enabled - By Rigby, fernferret, lithium3141 and main--
2016-04-20 08:26:29 [INFO] [Multiverse-Core] Loading World & Settings - 'world' - Env: NORMAL - Type: FLAT & seed: -3083979623404973764
2016-04-20 08:26:29 [INFO] [Multiverse-Core] Loading World & Settings - 'world_nether' - Env: NETHER - Type: FLAT & seed: -4315406086328175024
2016-04-20 08:26:30 [INFO] [Multiverse-Core] Loading World & Settings - 'world_the_end' - Env: THE_END - Type: FLAT & seed: -4315406086328175024
2016-04-20 08:26:30 [INFO] [Multiverse-Core] Loading World & Settings - 'plotworld' - Env: NORMAL - Type: NORMAL & seed: 1483843031056246239 & generator: PlotMe
2016-04-20 08:26:31 [INFO] [Multiverse-Core] Loading World & Settings - 'eventos' - Env: NORMAL - Type: FLAT & seed: -4711516305468634534
2016-04-20 08:26:31 [INFO] [Multiverse-Core] 5 - World(s) loaded.
2016-04-20 10:26:15 [INFO] [Multiverse-Core] - Version 2.4-b527 (API v14) Enabled - By Rigby, fernferret, lithium3141 and main--
2016-04-20 10:26:16 [INFO] [Multiverse-Core] Loading World & Settings - 'world' - Env: NORMAL - Type: FLAT & seed: -3083979623404973764
2016-04-20 10:26:16 [INFO] [Multiverse-Core] Loading World & Settings - 'world_nether' - Env: NETHER - Type: FLAT & seed: -4315406086328175024
2016-04-20 10:26:17 [INFO] [Multiverse-Core] Loading World & Settings - 'world_the_end' - Env: THE_END - Type: FLAT & seed: -4315406086328175024
2016-04-20 10:26:17 [INFO] [Multiverse-Core] Loading World & Settings - 'plotworld' - Env: NORMAL - Type: NORMAL & seed: 1483843031056246239 & generator: PlotMe
2016-04-20 10:26:18 [INFO] [Multiverse-Core] Loading World & Settings - 'eventos' - Env: NORMAL - Type: FLAT & seed: -4711516305468634534
2016-04-20 10:26:19 [INFO] [Multiverse-Core] 5 - World(s) loaded.
2016-04-20 16:15:52 [INFO] [Multiverse-Core] - Version 2.4-b527 (API v14) Enabled - By Rigby, fernferret, lithium3141 and main--
2016-04-20 16:15:54 [INFO] [Multiverse-Core] Loading World & Settings - 'world' - Env: NORMAL - Type: FLAT & seed: -3083979623404973764
2016-04-20 16:15:54 [INFO] [Multiverse-Core] Loading World & Settings - 'world_nether' - Env: NETHER - Type: FLAT & seed: -4315406086328175024
2016-04-20 16:15:55 [INFO] [Multiverse-Core] Loading World & Settings - 'world_the_end' - Env: THE_END - Type: FLAT & seed: -4315406086328175024
2016-04-20 16:15:55 [INFO] [Multiverse-Core] Loading World & Settings - 'plotworld' - Env: NORMAL - Type: NORMAL & seed: 1483843031056246239 & generator: PlotMe
2016-04-20 16:15:56 [INFO] [Multiverse-Core] Loading World & Settings - 'eventos' - Env: NORMAL - Type: FLAT & seed: -4711516305468634534
2016-04-20 16:15:56 [INFO] [Multiverse-Core] 5 - World(s) loaded.
2016-04-21 09:15:53 [INFO] [Multiverse-Core] - Version 2.4-b527 (API v14) Enabled - By Rigby, fernferret, lithium3141 and main--
2016-04-21 09:15:55 [INFO] [Multiverse-Core] Loading World & Settings - 'world' - Env: NORMAL - Type: FLAT & seed: -3083979623404973764
2016-04-21 09:15:55 [INFO] [Multiverse-Core] Loading World & Settings - 'world_nether' - Env: NETHER - Type: FLAT & seed: -4315406086328175024
2016-04-21 09:15:56 [INFO] [Multiverse-Core] Loading World & Settings - 'world_the_end' - Env: THE_END - Type: FLAT & seed: -4315406086328175024
2016-04-21 09:15:56 [INFO] [Multiverse-Core] Loading World & Settings - 'plotworld' - Env: NORMAL - Type: NORMAL & seed: 1483843031056246239 & generator: PlotMe
2016-04-21 09:15:57 [INFO] [Multiverse-Core] Loading World & Settings - 'eventos' - Env: NORMAL - Type: FLAT & seed: -4711516305468634534
2016-04-21 09:15:57 [INFO] [Multiverse-Core] 5 - World(s) loaded.
2016-04-21 11:04:54 [INFO] [Multiverse-Core] - Version 2.4-b527 (API v14) Enabled - By Rigby, fernferret, lithium3141 and main--
2016-04-21 11:04:57 [INFO] [Multiverse-Core] Loading World & Settings - 'world' - Env: NORMAL - Type: FLAT & seed: -3083979623404973764
2016-04-21 11:04:57 [INFO] [Multiverse-Core] Loading World & Settings - 'world_nether' - Env: NETHER - Type: FLAT & seed: -4315406086328175024
2016-04-21 11:04:57 [INFO] [Multiverse-Core] Loading World & Settings - 'world_the_end' - Env: THE_END - Type: FLAT & seed: -4315406086328175024
2016-04-21 11:04:58 [INFO] [Multiverse-Core] Loading World & Settings - 'plotworld' - Env: NORMAL - Type: NORMAL & seed: 1483843031056246239 & generator: PlotMe
2016-04-21 11:04:58 [INFO] [Multiverse-Core] Loading World & Settings - 'eventos' - Env: NORMAL - Type: FLAT & seed: -4711516305468634534
2016-04-21 11:04:59 [INFO] [Multiverse-Core] 5 - World(s) loaded.
2016-04-21 15:12:38 [INFO] [Multiverse-Core] - Version 2.4-b527 (API v14) Enabled - By Rigby, fernferret, lithium3141 and main--
2016-04-21 15:12:39 [INFO] [Multiverse-Core] Loading World & Settings - 'world' - Env: NORMAL - Type: FLAT & seed: -3083979623404973764
2016-04-21 15:12:39 [INFO] [Multiverse-Core] Loading World & Settings - 'world_nether' - Env: NETHER - Type: FLAT & seed: -4315406086328175024
2016-04-21 15:12:40 [INFO] [Multiverse-Core] Loading World & Settings - 'world_the_end' - Env: THE_END - Type: FLAT & seed: -4315406086328175024
2016-04-21 15:12:40 [INFO] [Multiverse-Core] Loading World & Settings - 'plotworld' - Env: NORMAL - Type: NORMAL & seed: 1483843031056246239 & generator: PlotMe
2016-04-21 15:12:40 [INFO] [Multiverse-Core] Loading World & Settings - 'eventos' - Env: NORMAL - Type: FLAT & seed: -4711516305468634534
2016-04-21 15:12:41 [INFO] [Multiverse-Core] 5 - World(s) loaded.
2016-04-21 16:54:49 [INFO] [Multiverse-Core] - Version 2.4-b527 (API v14) Enabled - By Rigby, fernferret, lithium3141 and main--
2016-04-21 16:54:52 [INFO] [Multiverse-Core] Loading World & Settings - 'world' - Env: NORMAL - Type: FLAT & seed: -3083979623404973764
2016-04-21 16:54:52 [INFO] [Multiverse-Core] Loading World & Settings - 'world_nether' - Env: NETHER - Type: FLAT & seed: -4315406086328175024
2016-04-21 16:54:53 [INFO] [Multiverse-Core] Loading World & Settings - 'world_the_end' - Env: THE_END - Type: FLAT & seed: -4315406086328175024
2016-04-21 16:54:54 [INFO] [Multiverse-Core] Loading World & Settings - 'plotworld' - Env: NORMAL - Type: NORMAL & seed: 1483843031056246239 & generator: PlotMe
2016-04-21 16:54:54 [INFO] [Multiverse-Core] Loading World & Settings - 'eventos' - Env: NORMAL - Type: FLAT & seed: -4711516305468634534
2016-04-21 16:54:55 [INFO] [Multiverse-Core] 5 - World(s) loaded.
2016-04-22 07:28:57 [INFO] [Multiverse-Core] - Version 2.4-b527 (API v14) Enabled - By Rigby, fernferret, lithium3141 and main--
2016-04-22 07:28:58 [INFO] [Multiverse-Core] Loading World & Settings - 'world' - Env: NORMAL - Type: FLAT & seed: -3083979623404973764
2016-04-22 07:28:58 [INFO] [Multiverse-Core] Loading World & Settings - 'world_nether' - Env: NETHER - Type: FLAT & seed: -4315406086328175024
2016-04-22 07:28:59 [INFO] [Multiverse-Core] Loading World & Settings - 'world_the_end' - Env: THE_END - Type: FLAT & seed: -4315406086328175024
2016-04-22 07:29:00 [INFO] [Multiverse-Core] Loading World & Settings - 'plotworld' - Env: NORMAL - Type: NORMAL & seed: 1483843031056246239 & generator: PlotMe
2016-04-22 07:29:00 [INFO] [Multiverse-Core] Loading World & Settings - 'eventos' - Env: NORMAL - Type: FLAT & seed: -4711516305468634534
2016-04-22 07:29:01 [INFO] [Multiverse-Core] 5 - World(s) loaded.
2016-04-22 08:31:50 [INFO] [Multiverse-Core] - Version 2.4-b527 (API v14) Enabled - By Rigby, fernferret, lithium3141 and main--
2016-04-22 08:31:56 [INFO] [Multiverse-Core] Loading World & Settings - 'world' - Env: NORMAL - Type: FLAT & seed: -3083979623404973764
2016-04-22 08:31:56 [INFO] [Multiverse-Core] Loading World & Settings - 'world_nether' - Env: NETHER - Type: FLAT & seed: -4315406086328175024
2016-04-22 08:31:58 [INFO] [Multiverse-Core] Loading World & Settings - 'world_the_end' - Env: THE_END - Type: FLAT & seed: -4315406086328175024
2016-04-22 08:31:58 [INFO] [Multiverse-Core] Loading World & Settings - 'plotworld' - Env: NORMAL - Type: NORMAL & seed: 1483843031056246239 & generator: PlotMe
2016-04-22 08:31:59 [INFO] [Multiverse-Core] Loading World & Settings - 'eventos' - Env: NORMAL - Type: FLAT & seed: -4711516305468634534
2016-04-22 08:32:00 [INFO] [Multiverse-Core] 5 - World(s) loaded.
2016-04-22 11:11:36 [INFO] [Multiverse-Core] - Version 2.4-b527 (API v14) Enabled - By Rigby, fernferret, lithium3141 and main--
2016-04-22 11:11:38 [INFO] [Multiverse-Core] Loading World & Settings - 'world' - Env: NORMAL - Type: FLAT & seed: -3083979623404973764
2016-04-22 11:11:38 [INFO] [Multiverse-Core] Loading World & Settings - 'world_nether' - Env: NETHER - Type: FLAT & seed: -4315406086328175024
2016-04-22 11:11:39 [INFO] [Multiverse-Core] Loading World & Settings - 'world_the_end' - Env: THE_END - Type: FLAT & seed: -4315406086328175024
2016-04-22 12:49:09 [INFO] [Multiverse-Core] - Version 2.4-b527 (API v14) Enabled - By Rigby, fernferret, lithium3141 and main--
2016-04-22 12:49:11 [INFO] [Multiverse-Core] Loading World & Settings - 'world' - Env: NORMAL - Type: FLAT & seed: -3083979623404973764
2016-04-22 12:49:11 [INFO] [Multiverse-Core] Loading World & Settings - 'world_nether' - Env: NETHER - Type: FLAT & seed: -4315406086328175024
2016-04-22 12:49:12 [INFO] [Multiverse-Core] Loading World & Settings - 'world_the_end' - Env: THE_END - Type: FLAT & seed: -4315406086328175024
2016-04-22 12:49:13 [INFO] [Multiverse-Core] Loading World & Settings - 'plotworld' - Env: NORMAL - Type: NORMAL & seed: 1483843031056246239 & generator: PlotMe
2016-04-22 12:49:14 [INFO] [Multiverse-Core] Loading World & Settings - 'eventos' - Env: NORMAL - Type: FLAT & seed: -4711516305468634534
2016-04-22 12:49:15 [INFO] [Multiverse-Core] 5 - World(s) loaded.
2016-04-22 13:17:50 [INFO] [Multiverse-Core] - Version 2.4-b527 (API v14) Enabled - By Rigby, fernferret, lithium3141 and main--
2016-04-22 13:17:52 [INFO] [Multiverse-Core] Loading World & Settings - 'world' - Env: NORMAL - Type: FLAT & seed: -3083979623404973764
2016-04-22 13:17:53 [INFO] [Multiverse-Core] Loading World & Settings - 'world_nether' - Env: NETHER - Type: FLAT & seed: -4315406086328175024
2016-04-22 13:17:53 [INFO] [Multiverse-Core] Loading World & Settings - 'world_the_end' - Env: THE_END - Type: FLAT & seed: -4315406086328175024
2016-04-22 13:17:54 [INFO] [Multiverse-Core] Loading World & Settings - 'plotworld' - Env: NORMAL - Type: NORMAL & seed: 1483843031056246239 & generator: PlotMe
2016-04-22 13:17:55 [INFO] [Multiverse-Core] Loading World & Settings - 'eventos' - Env: NORMAL - Type: FLAT & seed: -4711516305468634534
2016-04-22 13:17:59 [INFO] [Multiverse-Core] 5 - World(s) loaded.
2016-04-23 05:29:46 [INFO] [Multiverse-Core] - Version 2.4-b527 (API v14) Enabled - By Rigby, fernferret, lithium3141 and main--
2016-04-23 05:29:48 [INFO] [Multiverse-Core] Loading World & Settings - 'world' - Env: NORMAL - Type: FLAT & seed: -3083979623404973764
2016-04-23 05:29:48 [INFO] [Multiverse-Core] Loading World & Settings - 'world_nether' - Env: NETHER - Type: FLAT & seed: -4315406086328175024
2016-04-23 05:29:50 [INFO] [Multiverse-Core] Loading World & Settings - 'world_the_end' - Env: THE_END - Type: FLAT & seed: -4315406086328175024
2016-04-23 05:29:52 [INFO] [Multiverse-Core] Loading World & Settings - 'plotworld' - Env: NORMAL - Type: NORMAL & seed: 1483843031056246239 & generator: PlotMe
2016-04-23 05:29:53 [INFO] [Multiverse-Core] Loading World & Settings - 'eventos' - Env: NORMAL - Type: FLAT & seed: -4711516305468634534
2016-04-23 05:29:55 [INFO] [Multiverse-Core] 5 - World(s) loaded.
2016-04-23 05:46:59 [INFO] [Multiverse-Core] - Version 2.4-b527 (API v14) Enabled - By Rigby, fernferret, lithium3141 and main--
2016-04-23 05:47:54 [INFO] [Multiverse-Core] - Version 2.4-b527 (API v14) Enabled - By Rigby, fernferret, lithium3141 and main--
2016-04-23 05:47:56 [INFO] [Multiverse-Core] Loading World & Settings - 'world' - Env: NORMAL - Type: FLAT & seed: -3083979623404973764
2016-04-23 05:47:56 [INFO] [Multiverse-Core] Loading World & Settings - 'world_nether' - Env: NETHER - Type: FLAT & seed: -4315406086328175024
2016-04-23 05:47:57 [INFO] [Multiverse-Core] Loading World & Settings - 'world_the_end' - Env: THE_END - Type: FLAT & seed: -4315406086328175024
2016-04-23 05:47:58 [INFO] [Multiverse-Core] Loading World & Settings - 'plotworld' - Env: NORMAL - Type: NORMAL & seed: 1483843031056246239 & generator: PlotMe
2016-04-23 05:47:59 [INFO] [Multiverse-Core] Loading World & Settings - 'eventos' - Env: NORMAL - Type: FLAT & seed: -4711516305468634534
2016-04-23 05:48:00 [INFO] [Multiverse-Core] 5 - World(s) loaded.
2016-04-23 06:52:52 [INFO] [Multiverse-Core] - Version 2.4-b527 (API v14) Enabled - By Rigby, fernferret, lithium3141 and main--
2016-04-23 06:52:55 [INFO] [Multiverse-Core] Loading World & Settings - 'world' - Env: NORMAL - Type: FLAT & seed: -3083979623404973764
2016-04-23 06:52:55 [INFO] [Multiverse-Core] Loading World & Settings - 'world_nether' - Env: NETHER - Type: FLAT & seed: -4315406086328175024
2016-04-23 06:52:57 [INFO] [Multiverse-Core] Loading World & Settings - 'world_the_end' - Env: THE_END - Type: FLAT & seed: -4315406086328175024
2016-04-23 06:52:57 [INFO] [Multiverse-Core] Loading World & Settings - 'plotworld' - Env: NORMAL - Type: NORMAL & seed: 1483843031056246239 & generator: PlotMe
2016-04-23 06:52:58 [INFO] [Multiverse-Core] Loading World & Settings - 'eventos' - Env: NORMAL - Type: FLAT & seed: -4711516305468634534
2016-04-23 06:52:59 [INFO] [Multiverse-Core] 5 - World(s) loaded.
2016-04-23 08:13:07 [INFO] [Multiverse-Core] - Version 2.4-b527 (API v14) Enabled - By Rigby, fernferret, lithium3141 and main--
2016-04-23 08:13:09 [INFO] [Multiverse-Core] Loading World & Settings - 'world' - Env: NORMAL - Type: FLAT & seed: -3083979623404973764
2016-04-23 08:13:09 [INFO] [Multiverse-Core] Loading World & Settings - 'world_nether' - Env: NETHER - Type: FLAT & seed: -4315406086328175024
2016-04-23 08:13:09 [INFO] [Multiverse-Core] Loading World & Settings - 'world_the_end' - Env: THE_END - Type: FLAT & seed: -4315406086328175024
2016-04-23 08:13:10 [INFO] [Multiverse-Core] Loading World & Settings - 'plotworld' - Env: NORMAL - Type: NORMAL & seed: 1483843031056246239 & generator: PlotMe
2016-04-23 08:13:10 [INFO] [Multiverse-Core] Loading World & Settings - 'eventos' - Env: NORMAL - Type: FLAT & seed: -4711516305468634534
2016-04-23 08:13:11 [INFO] [Multiverse-Core] 5 - World(s) loaded.
2016-04-23 10:43:34 [INFO] [Multiverse-Core] - Version 2.4-b527 (API v14) Enabled - By Rigby, fernferret, lithium3141 and main--
2016-04-23 10:43:36 [INFO] [Multiverse-Core] Loading World & Settings - 'world' - Env: NORMAL - Type: FLAT & seed: -3083979623404973764
2016-04-23 10:43:37 [INFO] [Multiverse-Core] Loading World & Settings - 'world_nether' - Env: NETHER - Type: FLAT & seed: -4315406086328175024
2016-04-23 10:43:38 [INFO] [Multiverse-Core] Loading World & Settings - 'world_the_end' - Env: THE_END - Type: FLAT & seed: -4315406086328175024
2016-04-23 10:43:39 [INFO] [Multiverse-Core] Loading World & Settings - 'plotworld' - Env: NORMAL - Type: NORMAL & seed: 1483843031056246239 & generator: PlotMe
2016-04-23 10:43:39 [INFO] [Multiverse-Core] Loading World & Settings - 'eventos' - Env: NORMAL - Type: FLAT & seed: -4711516305468634534
2016-04-23 10:43:41 [INFO] [Multiverse-Core] 5 - World(s) loaded.
2016-04-23 10:54:12 [INFO] [Multiverse-Core] - Version 2.4-b527 (API v14) Enabled - By Rigby, fernferret, lithium3141 and main--
2016-04-23 10:54:15 [INFO] [Multiverse-Core] Loading World & Settings - 'world' - Env: NORMAL - Type: FLAT & seed: -3083979623404973764
2016-04-23 10:54:16 [INFO] [Multiverse-Core] Loading World & Settings - 'world_nether' - Env: NETHER - Type: FLAT & seed: -4315406086328175024
2016-04-23 10:54:17 [INFO] [Multiverse-Core] Loading World & Settings - 'world_the_end' - Env: THE_END - Type: FLAT & seed: -4315406086328175024
2016-04-23 10:54:17 [INFO] [Multiverse-Core] Loading World & Settings - 'plotworld' - Env: NORMAL - Type: NORMAL & seed: 1483843031056246239 & generator: PlotMe
2016-04-23 10:54:17 [INFO] [Multiverse-Core] Loading World & Settings - 'eventos' - Env: NORMAL - Type: FLAT & seed: -4711516305468634534
2016-04-23 10:54:17 [INFO] [Multiverse-Core] 5 - World(s) loaded.
2016-04-23 11:50:56 [INFO] [Multiverse-Core] - Version 2.4-b527 (API v14) Enabled - By Rigby, fernferret, lithium3141 and main--
2016-04-23 11:50:59 [INFO] [Multiverse-Core] Loading World & Settings - 'world' - Env: NORMAL - Type: FLAT & seed: -3083979623404973764
2016-04-23 11:50:59 [INFO] [Multiverse-Core] Loading World & Settings - 'world_nether' - Env: NETHER - Type: FLAT & seed: -4315406086328175024
2016-04-23 11:51:00 [INFO] [Multiverse-Core] Loading World & Settings - 'world_the_end' - Env: THE_END - Type: FLAT & seed: -4315406086328175024
2016-04-23 11:51:00 [INFO] [Multiverse-Core] Loading World & Settings - 'plotworld' - Env: NORMAL - Type: NORMAL & seed: 1483843031056246239 & generator: PlotMe
2016-04-23 11:51:01 [INFO] [Multiverse-Core] Loading World & Settings - 'eventos' - Env: NORMAL - Type: FLAT & seed: -4711516305468634534
2016-04-23 11:51:02 [INFO] [Multiverse-Core] 5 - World(s) loaded.
2016-04-23 11:57:41 [INFO] [Multiverse-Core] - Version 2.4-b527 (API v14) Enabled - By Rigby, fernferret, lithium3141 and main--
2016-04-23 11:57:44 [INFO] [Multiverse-Core] Loading World & Settings - 'world' - Env: NORMAL - Type: FLAT & seed: -3083979623404973764
2016-04-23 11:57:44 [INFO] [Multiverse-Core] Loading World & Settings - 'world_nether' - Env: NETHER - Type: FLAT & seed: -4315406086328175024
2016-04-23 11:57:45 [INFO] [Multiverse-Core] Loading World & Settings - 'world_the_end' - Env: THE_END - Type: FLAT & seed: -4315406086328175024
2016-04-23 11:57:46 [INFO] [Multiverse-Core] Loading World & Settings - 'plotworld' - Env: NORMAL - Type: NORMAL & seed: 1483843031056246239 & generator: PlotMe
2016-04-23 11:57:47 [INFO] [Multiverse-Core] Loading World & Settings - 'eventos' - Env: NORMAL - Type: FLAT & seed: -4711516305468634534
2016-04-23 11:57:48 [INFO] [Multiverse-Core] 5 - World(s) loaded.
2016-04-23 12:22:23 [INFO] [Multiverse-Core] - Version 2.4-b527 (API v14) Enabled - By Rigby, fernferret, lithium3141 and main--
2016-04-23 12:22:26 [INFO] [Multiverse-Core] Loading World & Settings - 'world' - Env: NORMAL - Type: FLAT & seed: -3083979623404973764
2016-04-23 12:22:26 [INFO] [Multiverse-Core] Loading World & Settings - 'world_nether' - Env: NETHER - Type: FLAT & seed: -4315406086328175024
2016-04-23 12:22:27 [INFO] [Multiverse-Core] Loading World & Settings - 'world_the_end' - Env: THE_END - Type: FLAT & seed: -4315406086328175024
2016-04-23 12:22:28 [INFO] [Multiverse-Core] Loading World & Settings - 'plotworld' - Env: NORMAL - Type: NORMAL & seed: 1483843031056246239 & generator: PlotMe
2016-04-23 12:22:29 [INFO] [Multiverse-Core] Loading World & Settings - 'eventos' - Env: NORMAL - Type: FLAT & seed: -4711516305468634534
2016-04-23 12:22:30 [INFO] [Multiverse-Core] 5 - World(s) loaded.
2016-04-24 20:44:29 [INFO] [Multiverse-Core] - Version 2.4-b527 (API v14) Enabled - By Rigby, fernferret, lithium3141 and main--
2016-04-24 20:44:32 [INFO] [Multiverse-Core] Loading World & Settings - 'world' - Env: NORMAL - Type: FLAT & seed: -3083979623404973764
2016-04-24 20:44:32 [INFO] [Multiverse-Core] Loading World & Settings - 'world_nether' - Env: NETHER - Type: FLAT & seed: -4315406086328175024
2016-04-24 20:44:33 [INFO] [Multiverse-Core] Loading World & Settings - 'world_the_end' - Env: THE_END - Type: FLAT & seed: -4315406086328175024
2016-04-24 20:44:34 [INFO] [Multiverse-Core] Loading World & Settings - 'plotworld' - Env: NORMAL - Type: NORMAL & seed: 1483843031056246239 & generator: PlotMe
2016-04-24 20:44:34 [INFO] [Multiverse-Core] Loading World & Settings - 'eventos' - Env: NORMAL - Type: FLAT & seed: -4711516305468634534
2016-04-24 20:44:36 [INFO] [Multiverse-Core] 5 - World(s) loaded.
2016-04-25 11:47:29 [INFO] [Multiverse-Core] - Version 2.4-b527 (API v14) Enabled - By Rigby, fernferret, lithium3141 and main--
2016-04-25 11:47:30 [INFO] [Multiverse-Core] Loading World & Settings - 'world' - Env: NORMAL - Type: FLAT & seed: -3083979623404973764
2016-04-25 11:47:31 [INFO] [Multiverse-Core] Loading World & Settings - 'world_nether' - Env: NETHER - Type: FLAT & seed: -4315406086328175024
2016-04-25 11:47:32 [INFO] [Multiverse-Core] Loading World & Settings - 'world_the_end' - Env: THE_END - Type: FLAT & seed: -4315406086328175024
2016-04-25 11:47:32 [INFO] [Multiverse-Core] Loading World & Settings - 'plotworld' - Env: NORMAL - Type: NORMAL & seed: 1483843031056246239 & generator: PlotMe
2016-04-25 11:47:33 [INFO] [Multiverse-Core] Loading World & Settings - 'eventos' - Env: NORMAL - Type: FLAT & seed: -4711516305468634534
2016-04-25 11:47:34 [INFO] [Multiverse-Core] 5 - World(s) loaded.
2016-04-25 11:55:30 [INFO] [Multiverse-Core] - Version 2.4-b527 (API v14) Enabled - By Rigby, fernferret, lithium3141 and main--
2016-04-25 11:55:33 [INFO] [Multiverse-Core] Loading World & Settings - 'world' - Env: NORMAL - Type: FLAT & seed: -3083979623404973764
2016-04-25 11:55:33 [INFO] [Multiverse-Core] Loading World & Settings - 'world_nether' - Env: NETHER - Type: FLAT & seed: -4315406086328175024
2016-04-25 11:55:33 [INFO] [Multiverse-Core] Loading World & Settings - 'world_the_end' - Env: THE_END - Type: FLAT & seed: -4315406086328175024
2016-04-25 11:55:34 [INFO] [Multiverse-Core] Loading World & Settings - 'plotworld' - Env: NORMAL - Type: NORMAL & seed: 1483843031056246239 & generator: PlotMe
2016-04-25 11:55:35 [INFO] [Multiverse-Core] Loading World & Settings - 'eventos' - Env: NORMAL - Type: FLAT & seed: -4711516305468634534
2016-04-25 11:55:35 [INFO] [Multiverse-Core] 5 - World(s) loaded.
2016-04-25 12:45:08 [INFO] [Multiverse-Core] - Version 2.4-b527 (API v14) Enabled - By Rigby, fernferret, lithium3141 and main--
2016-04-25 12:45:11 [INFO] [Multiverse-Core] Loading World & Settings - 'world' - Env: NORMAL - Type: FLAT & seed: -3083979623404973764
2016-04-25 12:45:11 [INFO] [Multiverse-Core] Loading World & Settings - 'world_nether' - Env: NETHER - Type: FLAT & seed: -4315406086328175024
2016-04-25 12:45:12 [INFO] [Multiverse-Core] Loading World & Settings - 'world_the_end' - Env: THE_END - Type: FLAT & seed: -4315406086328175024
2016-04-25 12:45:13 [INFO] [Multiverse-Core] Loading World & Settings - 'plotworld' - Env: NORMAL - Type: NORMAL & seed: 1483843031056246239 & generator: PlotMe
2016-04-25 12:45:13 [INFO] [Multiverse-Core] Loading World & Settings - 'eventos' - Env: NORMAL - Type: FLAT & seed: -4711516305468634534
2016-04-25 12:45:15 [INFO] [Multiverse-Core] 5 - World(s) loaded.
2016-04-25 12:55:19 [INFO] [Multiverse-Core] - Version 2.4-b527 (API v14) Enabled - By Rigby, fernferret, lithium3141 and main--
2016-04-25 12:55:21 [INFO] [Multiverse-Core] Loading World & Settings - 'world' - Env: NORMAL - Type: FLAT & seed: -3083979623404973764
2016-04-25 12:55:21 [INFO] [Multiverse-Core] Loading World & Settings - 'world_nether' - Env: NETHER - Type: FLAT & seed: -4315406086328175024
2016-04-25 12:55:22 [INFO] [Multiverse-Core] Loading World & Settings - 'world_the_end' - Env: THE_END - Type: FLAT & seed: -4315406086328175024
2016-04-25 12:55:23 [INFO] [Multiverse-Core] Loading World & Settings - 'plotworld' - Env: NORMAL - Type: NORMAL & seed: 1483843031056246239 & generator: PlotMe
2016-04-25 12:55:23 [INFO] [Multiverse-Core] Loading World & Settings - 'eventos' - Env: NORMAL - Type: FLAT & seed: -4711516305468634534
2016-04-25 12:55:24 [INFO] [Multiverse-Core] 5 - World(s) loaded.
2016-04-26 11:43:50 [INFORMA합ES] [Multiverse-Core] - Version 2.4-b527 (API v14) Enabled - By Rigby, fernferret, lithium3141 and main--
2016-04-26 11:43:50 [INFORMA합ES] [Multiverse-Core] Loading World & Settings - 'world' - Env: NORMAL - Type: FLAT & seed: -3083979623404973764
2016-04-26 11:43:50 [INFORMA합ES] [Multiverse-Core] Loading World & Settings - 'world_nether' - Env: NETHER - Type: FLAT & seed: -4315406086328175024
2016-04-26 11:43:51 [INFORMA합ES] [Multiverse-Core] Loading World & Settings - 'world_the_end' - Env: THE_END - Type: FLAT & seed: -4315406086328175024
2016-04-26 11:43:51 [INFORMA합ES] [Multiverse-Core] Loading World & Settings - 'plotworld' - Env: NORMAL - Type: NORMAL & seed: 1483843031056246239 & generator: PlotMe
2016-04-26 11:43:52 [INFORMA합ES] [Multiverse-Core] Loading World & Settings - 'eventos' - Env: NORMAL - Type: FLAT & seed: -4711516305468634534
2016-04-26 11:43:53 [INFORMA합ES] [Multiverse-Core] 5 - World(s) loaded.
2016-04-26 12:00:06 [INFO] [Multiverse-Core] - Version 2.4-b527 (API v14) Enabled - By Rigby, fernferret, lithium3141 and main--
2016-04-26 12:00:07 [INFO] [Multiverse-Core] Loading World & Settings - 'world' - Env: NORMAL - Type: FLAT & seed: -3083979623404973764
2016-04-26 12:00:07 [INFO] [Multiverse-Core] Loading World & Settings - 'world_nether' - Env: NETHER - Type: FLAT & seed: -4315406086328175024
2016-04-26 12:00:08 [INFO] [Multiverse-Core] Loading World & Settings - 'world_the_end' - Env: THE_END - Type: FLAT & seed: -4315406086328175024
2016-04-26 12:00:08 [INFO] [Multiverse-Core] Loading World & Settings - 'plotworld' - Env: NORMAL - Type: NORMAL & seed: 1483843031056246239 & generator: PlotMe
2016-04-26 12:00:09 [INFO] [Multiverse-Core] Loading World & Settings - 'eventos' - Env: NORMAL - Type: FLAT & seed: -4711516305468634534
2016-04-26 12:00:10 [INFO] [Multiverse-Core] 5 - World(s) loaded.
2016-04-26 12:07:38 [INFO] [Multiverse-Core] - Version 2.4-b527 (API v14) Enabled - By Rigby, fernferret, lithium3141 and main--
2016-04-26 12:07:39 [INFO] [Multiverse-Core] Loading World & Settings - 'world' - Env: NORMAL - Type: FLAT & seed: -3083979623404973764
2016-04-26 12:07:39 [INFO] [Multiverse-Core] Loading World & Settings - 'world_nether' - Env: NETHER - Type: FLAT & seed: -4315406086328175024
2016-04-26 12:07:39 [INFO] [Multiverse-Core] Loading World & Settings - 'world_the_end' - Env: THE_END - Type: FLAT & seed: -4315406086328175024
2016-04-26 12:07:40 [INFO] [Multiverse-Core] Loading World & Settings - 'plotworld' - Env: NORMAL - Type: NORMAL & seed: 1483843031056246239 & generator: PlotMe
2016-04-26 12:07:40 [INFO] [Multiverse-Core] Loading World & Settings - 'eventos' - Env: NORMAL - Type: FLAT & seed: -4711516305468634534
2016-04-26 12:07:41 [INFO] [Multiverse-Core] 5 - World(s) loaded.
2016-04-26 12:13:42 [INFO] [Multiverse-Core] - Version 2.4-b527 (API v14) Enabled - By Rigby, fernferret, lithium3141 and main--
2016-04-26 12:13:43 [INFO] [Multiverse-Core] Loading World & Settings - 'world' - Env: NORMAL - Type: FLAT & seed: -3083979623404973764
2016-04-26 12:13:43 [INFO] [Multiverse-Core] Loading World & Settings - 'world_nether' - Env: NETHER - Type: FLAT & seed: -4315406086328175024
2016-04-26 12:13:45 [INFO] [Multiverse-Core] Loading World & Settings - 'world_the_end' - Env: THE_END - Type: FLAT & seed: -4315406086328175024
2016-04-26 12:13:45 [INFO] [Multiverse-Core] Loading World & Settings - 'plotworld' - Env: NORMAL - Type: NORMAL & seed: 1483843031056246239 & generator: PlotMe
2016-04-26 12:13:46 [INFO] [Multiverse-Core] Loading World & Settings - 'eventos' - Env: NORMAL - Type: FLAT & seed: -4711516305468634534
2016-04-26 12:13:47 [INFO] [Multiverse-Core] 5 - World(s) loaded.
2016-04-26 12:23:48 [INFO] [Multiverse-Core] - Version 2.4-b527 (API v14) Enabled - By Rigby, fernferret, lithium3141 and main--
2016-04-26 12:23:49 [INFO] [Multiverse-Core] Loading World & Settings - 'world' - Env: NORMAL - Type: FLAT & seed: -3083979623404973764
2016-04-26 12:23:49 [INFO] [Multiverse-Core] Loading World & Settings - 'world_nether' - Env: NETHER - Type: FLAT & seed: -4315406086328175024
2016-04-26 12:23:50 [INFO] [Multiverse-Core] Loading World & Settings - 'world_the_end' - Env: THE_END - Type: FLAT & seed: -4315406086328175024
2016-04-26 12:23:51 [INFO] [Multiverse-Core] Loading World & Settings - 'plotworld' - Env: NORMAL - Type: NORMAL & seed: 1483843031056246239 & generator: PlotMe
2016-04-26 12:23:52 [INFO] [Multiverse-Core] Loading World & Settings - 'eventos' - Env: NORMAL - Type: FLAT & seed: -4711516305468634534
2016-04-26 12:23:53 [INFO] [Multiverse-Core] 5 - World(s) loaded.
2016-04-26 13:06:39 [INFO] [Multiverse-Core] - Version 2.4-b527 (API v14) Enabled - By Rigby, fernferret, lithium3141 and main--
2016-04-26 13:06:40 [INFO] [Multiverse-Core] Loading World & Settings - 'world' - Env: NORMAL - Type: FLAT & seed: -3083979623404973764
2016-04-26 13:06:40 [INFO] [Multiverse-Core] Loading World & Settings - 'world_nether' - Env: NETHER - Type: FLAT & seed: -4315406086328175024
2016-04-26 13:06:41 [INFO] [Multiverse-Core] Loading World & Settings - 'world_the_end' - Env: THE_END - Type: FLAT & seed: -4315406086328175024
2016-04-26 13:06:41 [INFO] [Multiverse-Core] Loading World & Settings - 'plotworld' - Env: NORMAL - Type: NORMAL & seed: 1483843031056246239 & generator: PlotMe
2016-04-26 13:06:42 [INFO] [Multiverse-Core] Loading World & Settings - 'eventos' - Env: NORMAL - Type: FLAT & seed: -4711516305468634534
2016-04-26 13:06:43 [WARNING] [Multiverse-Core] Spawn location from world.dat file was unsafe. Adjusting...
2016-04-26 13:06:43 [WARNING] [Multiverse-Core] Original Location: X: -584 Y: 4 Z: 823 P: 0 Y: 0 
2016-04-26 13:06:43 [INFO] [Multiverse-Core] New Spawn for 'eventos' is Located at: eventos:0.00,4.00,0.00:0.00:0.00
2016-04-26 13:06:50 [INFO] [Multiverse-Core] 5 - World(s) loaded.
2016-04-26 13:11:50 [INFO] [Multiverse-Core] - Version 2.4-b527 (API v14) Enabled - By Rigby, fernferret, lithium3141 and main--
2016-04-26 13:11:51 [INFO] [Multiverse-Core] Loading World & Settings - 'world' - Env: NORMAL - Type: FLAT & seed: -3083979623404973764
2016-04-26 13:11:51 [INFO] [Multiverse-Core] Loading World & Settings - 'world_nether' - Env: NETHER - Type: FLAT & seed: -4315406086328175024
2016-04-26 13:11:52 [INFO] [Multiverse-Core] Loading World & Settings - 'world_the_end' - Env: THE_END - Type: FLAT & seed: -4315406086328175024
2016-04-26 13:11:53 [INFO] [Multiverse-Core] Loading World & Settings - 'plotworld' - Env: NORMAL - Type: NORMAL & seed: 1483843031056246239 & generator: PlotMe
2016-04-26 13:11:54 [INFO] [Multiverse-Core] Loading World & Settings - 'eventos' - Env: NORMAL - Type: FLAT & seed: -4711516305468634534
2016-04-26 13:11:56 [INFO] [Multiverse-Core] 5 - World(s) loaded.
2016-04-26 13:38:23 [INFO] [Multiverse-Core] - Version 2.4-b527 (API v14) Enabled - By Rigby, fernferret, lithium3141 and main--
2016-04-26 13:38:24 [INFO] [Multiverse-Core] Loading World & Settings - 'world' - Env: NORMAL - Type: FLAT & seed: -3083979623404973764
2016-04-26 13:38:24 [INFO] [Multiverse-Core] Loading World & Settings - 'world_nether' - Env: NETHER - Type: FLAT & seed: -4315406086328175024
2016-04-26 13:38:25 [INFO] [Multiverse-Core] Loading World & Settings - 'world_the_end' - Env: THE_END - Type: FLAT & seed: -4315406086328175024
2016-04-26 13:38:25 [INFO] [Multiverse-Core] Loading World & Settings - 'plotworld' - Env: NORMAL - Type: NORMAL & seed: 1483843031056246239 & generator: PlotMe
2016-04-26 13:38:26 [INFO] [Multiverse-Core] Loading World & Settings - 'eventos' - Env: NORMAL - Type: FLAT & seed: -4711516305468634534
2016-04-26 13:38:26 [INFO] [Multiverse-Core] 5 - World(s) loaded.
2016-04-26 13:50:28 [INFO] [Multiverse-Core] - Version 2.4-b527 (API v14) Enabled - By Rigby, fernferret, lithium3141 and main--
2016-04-26 13:50:28 [INFO] [Multiverse-Core] Loading World & Settings - 'world' - Env: NORMAL - Type: FLAT & seed: -3083979623404973764
2016-04-26 13:50:29 [INFO] [Multiverse-Core] Loading World & Settings - 'world_nether' - Env: NETHER - Type: FLAT & seed: -4315406086328175024
2016-04-26 13:50:29 [INFO] [Multiverse-Core] Loading World & Settings - 'world_the_end' - Env: THE_END - Type: FLAT & seed: -4315406086328175024
2016-04-26 13:50:29 [INFO] [Multiverse-Core] Loading World & Settings - 'plotworld' - Env: NORMAL - Type: NORMAL & seed: 1483843031056246239 & generator: PlotMe
2016-04-26 13:50:30 [INFO] [Multiverse-Core] Loading World & Settings - 'eventos' - Env: NORMAL - Type: FLAT & seed: -4711516305468634534
2016-04-26 13:50:31 [INFO] [Multiverse-Core] 5 - World(s) loaded.
2016-04-26 13:58:56 [INFO] [Multiverse-Core] - Version 2.4-b527 (API v14) Enabled - By Rigby, fernferret, lithium3141 and main--
2016-04-26 13:58:57 [INFO] [Multiverse-Core] Loading World & Settings - 'world' - Env: NORMAL - Type: FLAT & seed: -3083979623404973764
2016-04-26 13:58:57 [INFO] [Multiverse-Core] Loading World & Settings - 'world_nether' - Env: NETHER - Type: FLAT & seed: -4315406086328175024
2016-04-26 13:58:58 [INFO] [Multiverse-Core] Loading World & Settings - 'world_the_end' - Env: THE_END - Type: FLAT & seed: -4315406086328175024
2016-04-26 13:58:58 [INFO] [Multiverse-Core] Loading World & Settings - 'plotworld' - Env: NORMAL - Type: NORMAL & seed: 1483843031056246239 & generator: PlotMe
2016-04-26 13:58:58 [INFO] [Multiverse-Core] Loading World & Settings - 'eventos' - Env: NORMAL - Type: FLAT & seed: -4711516305468634534
2016-04-26 13:58:59 [INFO] [Multiverse-Core] 5 - World(s) loaded.
2016-04-26 14:19:16 [INFO] [Multiverse-Core] - Version 2.4-b527 (API v14) Enabled - By Rigby, fernferret, lithium3141 and main--
2016-04-26 14:19:17 [INFO] [Multiverse-Core] Loading World & Settings - 'world' - Env: NORMAL - Type: FLAT & seed: -3083979623404973764
2016-04-26 14:19:18 [INFO] [Multiverse-Core] Loading World & Settings - 'world_nether' - Env: NETHER - Type: FLAT & seed: -4315406086328175024
2016-04-26 14:19:19 [INFO] [Multiverse-Core] Loading World & Settings - 'world_the_end' - Env: THE_END - Type: FLAT & seed: -4315406086328175024
2016-04-26 14:19:20 [INFO] [Multiverse-Core] Loading World & Settings - 'plotworld' - Env: NORMAL - Type: NORMAL & seed: 1483843031056246239 & generator: PlotMe
2016-04-26 14:19:20 [INFO] [Multiverse-Core] Loading World & Settings - 'eventos' - Env: NORMAL - Type: FLAT & seed: -4711516305468634534
2016-04-26 14:19:21 [INFO] [Multiverse-Core] 5 - World(s) loaded.
2016-04-26 14:25:15 [INFO] [Multiverse-Core] - Version 2.4-b527 (API v14) Enabled - By Rigby, fernferret, lithium3141 and main--
2016-04-26 14:25:16 [INFO] [Multiverse-Core] Loading World & Settings - 'world' - Env: NORMAL - Type: FLAT & seed: -3083979623404973764
2016-04-26 14:25:16 [INFO] [Multiverse-Core] Loading World & Settings - 'world_nether' - Env: NETHER - Type: FLAT & seed: -4315406086328175024
2016-04-26 14:25:16 [INFO] [Multiverse-Core] Loading World & Settings - 'world_the_end' - Env: THE_END - Type: FLAT & seed: -4315406086328175024
2016-04-26 14:25:17 [INFO] [Multiverse-Core] Loading World & Settings - 'plotworld' - Env: NORMAL - Type: NORMAL & seed: 1483843031056246239 & generator: PlotMe
2016-04-26 14:25:17 [INFO] [Multiverse-Core] Loading World & Settings - 'eventos' - Env: NORMAL - Type: FLAT & seed: -4711516305468634534
2016-04-26 14:25:17 [INFO] [Multiverse-Core] 5 - World(s) loaded.
2016-04-26 14:29:55 [INFO] [Multiverse-Core] - Version 2.4-b527 (API v14) Enabled - By Rigby, fernferret, lithium3141 and main--
2016-04-26 14:29:55 [INFO] [Multiverse-Core] Loading World & Settings - 'world' - Env: NORMAL - Type: FLAT & seed: -3083979623404973764
2016-04-26 14:29:56 [INFO] [Multiverse-Core] Loading World & Settings - 'world_nether' - Env: NETHER - Type: FLAT & seed: -4315406086328175024
2016-04-26 14:29:56 [INFO] [Multiverse-Core] Loading World & Settings - 'world_the_end' - Env: THE_END - Type: FLAT & seed: -4315406086328175024
2016-04-26 14:29:56 [INFO] [Multiverse-Core] Loading World & Settings - 'plotworld' - Env: NORMAL - Type: NORMAL & seed: 1483843031056246239 & generator: PlotMe
2016-04-26 14:29:56 [INFO] [Multiverse-Core] Loading World & Settings - 'eventos' - Env: NORMAL - Type: FLAT & seed: -4711516305468634534
2016-04-26 14:29:57 [INFO] [Multiverse-Core] 5 - World(s) loaded.
2016-04-26 14:32:30 [INFO] [Multiverse-Core] - Version 2.4-b527 (API v14) Enabled - By Rigby, fernferret, lithium3141 and main--
2016-04-26 14:32:30 [INFO] [Multiverse-Core] Loading World & Settings - 'world' - Env: NORMAL - Type: FLAT & seed: -3083979623404973764
2016-04-26 14:32:31 [INFO] [Multiverse-Core] Loading World & Settings - 'world_nether' - Env: NETHER - Type: FLAT & seed: -4315406086328175024
2016-04-26 14:32:31 [INFO] [Multiverse-Core] Loading World & Settings - 'world_the_end' - Env: THE_END - Type: FLAT & seed: -4315406086328175024
2016-04-26 14:32:31 [INFO] [Multiverse-Core] Loading World & Settings - 'plotworld' - Env: NORMAL - Type: NORMAL & seed: 1483843031056246239 & generator: PlotMe
2016-04-26 14:32:31 [INFO] [Multiverse-Core] Loading World & Settings - 'eventos' - Env: NORMAL - Type: FLAT & seed: -4711516305468634534
2016-04-26 14:32:32 [INFO] [Multiverse-Core] 5 - World(s) loaded.
2016-04-26 14:35:11 [INFO] [Multiverse-Core] - Version 2.4-b527 (API v14) Enabled - By Rigby, fernferret, lithium3141 and main--
2016-04-26 14:35:12 [INFO] [Multiverse-Core] Loading World & Settings - 'world' - Env: NORMAL - Type: FLAT & seed: -3083979623404973764
2016-04-26 14:35:12 [INFO] [Multiverse-Core] Loading World & Settings - 'world_nether' - Env: NETHER - Type: FLAT & seed: -4315406086328175024
2016-04-26 14:35:12 [INFO] [Multiverse-Core] Loading World & Settings - 'world_the_end' - Env: THE_END - Type: FLAT & seed: -4315406086328175024
2016-04-26 14:35:13 [INFO] [Multiverse-Core] Loading World & Settings - 'plotworld' - Env: NORMAL - Type: NORMAL & seed: 1483843031056246239 & generator: PlotMe
2016-04-26 14:35:13 [INFO] [Multiverse-Core] Loading World & Settings - 'eventos' - Env: NORMAL - Type: FLAT & seed: -4711516305468634534
2016-04-26 14:35:14 [INFO] [Multiverse-Core] 5 - World(s) loaded.
2016-04-26 14:47:57 [INFO] [Multiverse-Core] - Version 2.4-b527 (API v14) Enabled - By Rigby, fernferret, lithium3141 and main--
2016-04-26 14:47:58 [INFO] [Multiverse-Core] Loading World & Settings - 'world' - Env: NORMAL - Type: FLAT & seed: -3083979623404973764
2016-04-26 14:47:58 [INFO] [Multiverse-Core] Loading World & Settings - 'world_nether' - Env: NETHER - Type: FLAT & seed: -4315406086328175024
2016-04-26 14:47:59 [INFO] [Multiverse-Core] Loading World & Settings - 'world_the_end' - Env: THE_END - Type: FLAT & seed: -4315406086328175024
2016-04-26 14:47:59 [INFO] [Multiverse-Core] Loading World & Settings - 'plotworld' - Env: NORMAL - Type: NORMAL & seed: 1483843031056246239 & generator: PlotMe
2016-04-26 14:48:00 [INFO] [Multiverse-Core] Loading World & Settings - 'eventos' - Env: NORMAL - Type: FLAT & seed: -4711516305468634534
2016-04-26 14:48:01 [INFO] [Multiverse-Core] 5 - World(s) loaded.
2016-04-26 15:06:28 [INFO] [Multiverse-Core] - Version 2.4-b527 (API v14) Enabled - By Rigby, fernferret, lithium3141 and main--
2016-04-26 15:06:29 [INFO] [Multiverse-Core] Loading World & Settings - 'world' - Env: NORMAL - Type: FLAT & seed: -3083979623404973764
2016-04-26 15:06:29 [INFO] [Multiverse-Core] Loading World & Settings - 'world_nether' - Env: NETHER - Type: FLAT & seed: -4315406086328175024
2016-04-26 15:06:30 [INFO] [Multiverse-Core] Loading World & Settings - 'world_the_end' - Env: THE_END - Type: FLAT & seed: -4315406086328175024
2016-04-26 15:06:30 [INFO] [Multiverse-Core] Loading World & Settings - 'plotworld' - Env: NORMAL - Type: NORMAL & seed: 1483843031056246239 & generator: PlotMe
2016-04-26 15:06:31 [INFO] [Multiverse-Core] Loading World & Settings - 'eventos' - Env: NORMAL - Type: FLAT & seed: -4711516305468634534
2016-04-26 15:06:31 [INFO] [Multiverse-Core] 5 - World(s) loaded.
2016-04-26 15:13:21 [INFO] [Multiverse-Core] - Version 2.4-b527 (API v14) Enabled - By Rigby, fernferret, lithium3141 and main--
2016-04-26 15:13:21 [INFO] [Multiverse-Core] Loading World & Settings - 'world' - Env: NORMAL - Type: FLAT & seed: -3083979623404973764
2016-04-26 15:13:22 [INFO] [Multiverse-Core] Loading World & Settings - 'world_nether' - Env: NETHER - Type: FLAT & seed: -4315406086328175024
2016-04-26 15:13:22 [INFO] [Multiverse-Core] Loading World & Settings - 'world_the_end' - Env: THE_END - Type: FLAT & seed: -4315406086328175024
2016-04-26 15:13:22 [INFO] [Multiverse-Core] Loading World & Settings - 'plotworld' - Env: NORMAL - Type: NORMAL & seed: 1483843031056246239 & generator: PlotMe
2016-04-26 15:13:22 [INFO] [Multiverse-Core] Loading World & Settings - 'eventos' - Env: NORMAL - Type: FLAT & seed: -4711516305468634534
2016-04-26 15:13:23 [INFO] [Multiverse-Core] 5 - World(s) loaded.
2016-04-26 15:17:24 [INFO] [Multiverse-Core] - Version 2.4-b527 (API v14) Enabled - By Rigby, fernferret, lithium3141 and main--
2016-04-26 15:17:25 [INFO] [Multiverse-Core] Loading World & Settings - 'world' - Env: NORMAL - Type: FLAT & seed: -3083979623404973764
2016-04-26 15:17:25 [INFO] [Multiverse-Core] Loading World & Settings - 'world_nether' - Env: NETHER - Type: FLAT & seed: -4315406086328175024
2016-04-26 15:17:26 [INFO] [Multiverse-Core] Loading World & Settings - 'world_the_end' - Env: THE_END - Type: FLAT & seed: -4315406086328175024
2016-04-26 15:17:26 [INFO] [Multiverse-Core] Loading World & Settings - 'plotworld' - Env: NORMAL - Type: NORMAL & seed: 1483843031056246239 & generator: PlotMe
2016-04-26 15:17:26 [INFO] [Multiverse-Core] Loading World & Settings - 'eventos' - Env: NORMAL - Type: FLAT & seed: -4711516305468634534
2016-04-26 15:17:27 [INFO] [Multiverse-Core] 5 - World(s) loaded.
2016-04-26 15:26:55 [INFO] [Multiverse-Core] - Version 2.4-b527 (API v14) Enabled - By Rigby, fernferret, lithium3141 and main--
2016-04-26 15:26:56 [INFO] [Multiverse-Core] Loading World & Settings - 'world' - Env: NORMAL - Type: FLAT & seed: -3083979623404973764
2016-04-26 15:26:57 [INFO] [Multiverse-Core] Loading World & Settings - 'world_nether' - Env: NETHER - Type: FLAT & seed: -4315406086328175024
2016-04-26 15:26:57 [INFO] [Multiverse-Core] Loading World & Settings - 'world_the_end' - Env: THE_END - Type: FLAT & seed: -4315406086328175024
2016-04-26 15:26:58 [INFO] [Multiverse-Core] Loading World & Settings - 'plotworld' - Env: NORMAL - Type: NORMAL & seed: 1483843031056246239 & generator: PlotMe
2016-04-26 15:26:58 [INFO] [Multiverse-Core] Loading World & Settings - 'eventos' - Env: NORMAL - Type: FLAT & seed: -4711516305468634534
2016-04-26 15:26:59 [INFO] [Multiverse-Core] 5 - World(s) loaded.
2016-04-26 15:33:21 [INFO] [Multiverse-Core] - Version 2.4-b527 (API v14) Enabled - By Rigby, fernferret, lithium3141 and main--
2016-04-26 15:33:21 [INFO] [Multiverse-Core] Loading World & Settings - 'world' - Env: NORMAL - Type: FLAT & seed: -3083979623404973764
2016-04-26 15:33:21 [INFO] [Multiverse-Core] Loading World & Settings - 'world_nether' - Env: NETHER - Type: FLAT & seed: -4315406086328175024
2016-04-26 15:33:22 [INFO] [Multiverse-Core] Loading World & Settings - 'world_the_end' - Env: THE_END - Type: FLAT & seed: -4315406086328175024
2016-04-26 15:33:22 [INFO] [Multiverse-Core] Loading World & Settings - 'plotworld' - Env: NORMAL - Type: NORMAL & seed: 1483843031056246239 & generator: PlotMe
2016-04-26 15:33:23 [INFO] [Multiverse-Core] Loading World & Settings - 'eventos' - Env: NORMAL - Type: FLAT & seed: -4711516305468634534
2016-04-26 15:33:25 [INFO] [Multiverse-Core] 5 - World(s) loaded.
2016-04-26 15:36:28 [INFO] [Multiverse-Core] - Version 2.4-b527 (API v14) Enabled - By Rigby, fernferret, lithium3141 and main--
2016-04-26 15:36:29 [INFO] [Multiverse-Core] Loading World & Settings - 'world' - Env: NORMAL - Type: FLAT & seed: -3083979623404973764
2016-04-26 15:36:30 [INFO] [Multiverse-Core] Loading World & Settings - 'world_nether' - Env: NETHER - Type: FLAT & seed: -4315406086328175024
2016-04-26 15:36:30 [INFO] [Multiverse-Core] Loading World & Settings - 'world_the_end' - Env: THE_END - Type: FLAT & seed: -4315406086328175024
2016-04-26 15:36:30 [INFO] [Multiverse-Core] Loading World & Settings - 'plotworld' - Env: NORMAL - Type: NORMAL & seed: 1483843031056246239 & generator: PlotMe
2016-04-26 15:36:30 [INFO] [Multiverse-Core] Loading World & Settings - 'eventos' - Env: NORMAL - Type: FLAT & seed: -4711516305468634534
2016-04-26 15:36:31 [INFO] [Multiverse-Core] 5 - World(s) loaded.
2016-04-26 15:39:23 [INFO] [Multiverse-Core] - Version 2.4-b527 (API v14) Enabled - By Rigby, fernferret, lithium3141 and main--
2016-04-26 15:39:24 [INFO] [Multiverse-Core] Loading World & Settings - 'world' - Env: NORMAL - Type: FLAT & seed: -3083979623404973764
2016-04-26 15:39:24 [INFO] [Multiverse-Core] Loading World & Settings - 'world_nether' - Env: NETHER - Type: FLAT & seed: -4315406086328175024
2016-04-26 15:39:25 [INFO] [Multiverse-Core] Loading World & Settings - 'world_the_end' - Env: THE_END - Type: FLAT & seed: -4315406086328175024
2016-04-26 15:39:25 [INFO] [Multiverse-Core] Loading World & Settings - 'plotworld' - Env: NORMAL - Type: NORMAL & seed: 1483843031056246239 & generator: PlotMe
2016-04-26 15:39:25 [INFO] [Multiverse-Core] Loading World & Settings - 'eventos' - Env: NORMAL - Type: FLAT & seed: -4711516305468634534
2016-04-26 15:39:25 [INFO] [Multiverse-Core] 5 - World(s) loaded.
2016-04-26 15:45:07 [INFO] [Multiverse-Core] - Version 2.4-b527 (API v14) Enabled - By Rigby, fernferret, lithium3141 and main--
2016-04-26 15:45:07 [INFO] [Multiverse-Core] Loading World & Settings - 'world' - Env: NORMAL - Type: FLAT & seed: -3083979623404973764
2016-04-26 15:45:07 [INFO] [Multiverse-Core] Loading World & Settings - 'world_nether' - Env: NETHER - Type: FLAT & seed: -4315406086328175024
2016-04-26 15:45:08 [INFO] [Multiverse-Core] Loading World & Settings - 'world_the_end' - Env: THE_END - Type: FLAT & seed: -4315406086328175024
2016-04-26 15:45:08 [INFO] [Multiverse-Core] Loading World & Settings - 'plotworld' - Env: NORMAL - Type: NORMAL & seed: 1483843031056246239 & generator: PlotMe
2016-04-26 15:45:09 [INFO] [Multiverse-Core] Loading World & Settings - 'eventos' - Env: NORMAL - Type: FLAT & seed: -4711516305468634534
2016-04-26 15:45:09 [INFO] [Multiverse-Core] 5 - World(s) loaded.
2016-04-26 15:52:50 [INFO] [Multiverse-Core] - Version 2.4-b527 (API v14) Enabled - By Rigby, fernferret, lithium3141 and main--
2016-04-26 15:52:51 [INFO] [Multiverse-Core] Loading World & Settings - 'world' - Env: NORMAL - Type: FLAT & seed: -3083979623404973764
2016-04-26 15:52:51 [INFO] [Multiverse-Core] Loading World & Settings - 'world_nether' - Env: NETHER - Type: FLAT & seed: -4315406086328175024
2016-04-26 15:52:51 [INFO] [Multiverse-Core] Loading World & Settings - 'world_the_end' - Env: THE_END - Type: FLAT & seed: -4315406086328175024
2016-04-26 15:52:52 [INFO] [Multiverse-Core] Loading World & Settings - 'plotworld' - Env: NORMAL - Type: NORMAL & seed: 1483843031056246239 & generator: PlotMe
2016-04-26 15:52:52 [INFO] [Multiverse-Core] Loading World & Settings - 'eventos' - Env: NORMAL - Type: FLAT & seed: -4711516305468634534
2016-04-26 15:52:53 [INFO] [Multiverse-Core] 5 - World(s) loaded.
2016-04-26 16:06:36 [INFO] [Multiverse-Core] - Version 2.4-b527 (API v14) Enabled - By Rigby, fernferret, lithium3141 and main--
2016-04-26 16:06:37 [INFO] [Multiverse-Core] Loading World & Settings - 'world' - Env: NORMAL - Type: FLAT & seed: -3083979623404973764
2016-04-26 16:06:38 [INFO] [Multiverse-Core] Loading World & Settings - 'world_nether' - Env: NETHER - Type: FLAT & seed: -4315406086328175024
2016-04-26 16:06:38 [INFO] [Multiverse-Core] Loading World & Settings - 'world_the_end' - Env: THE_END - Type: FLAT & seed: -4315406086328175024
2016-04-26 16:06:39 [INFO] [Multiverse-Core] Loading World & Settings - 'plotworld' - Env: NORMAL - Type: NORMAL & seed: 1483843031056246239 & generator: PlotMe
2016-04-26 16:06:39 [INFO] [Multiverse-Core] Loading World & Settings - 'eventos' - Env: NORMAL - Type: FLAT & seed: -4711516305468634534
2016-04-26 16:06:40 [INFO] [Multiverse-Core] 5 - World(s) loaded.
2016-04-27 07:25:38 [INFO] [Multiverse-Core] - Version 2.4-b527 (API v14) Enabled - By Rigby, fernferret, lithium3141 and main--
2016-04-27 07:25:39 [INFO] [Multiverse-Core] Loading World & Settings - 'world' - Env: NORMAL - Type: FLAT & seed: -3083979623404973764
2016-04-27 07:25:39 [INFO] [Multiverse-Core] Loading World & Settings - 'world_nether' - Env: NETHER - Type: FLAT & seed: -4315406086328175024
2016-04-27 07:25:40 [INFO] [Multiverse-Core] Loading World & Settings - 'world_the_end' - Env: THE_END - Type: FLAT & seed: -4315406086328175024
2016-04-27 07:25:40 [INFO] [Multiverse-Core] Loading World & Settings - 'plotworld' - Env: NORMAL - Type: NORMAL & seed: 1483843031056246239 & generator: PlotMe
2016-04-27 07:25:41 [INFO] [Multiverse-Core] Loading World & Settings - 'eventos' - Env: NORMAL - Type: FLAT & seed: -4711516305468634534
2016-04-27 07:25:42 [INFO] [Multiverse-Core] 5 - World(s) loaded.
2016-04-27 07:35:37 [INFO] [Multiverse-Core] - Version 2.4-b527 (API v14) Enabled - By Rigby, fernferret, lithium3141 and main--
2016-04-27 07:35:39 [INFO] [Multiverse-Core] Loading World & Settings - 'world' - Env: NORMAL - Type: FLAT & seed: -3083979623404973764
2016-04-27 07:35:40 [INFO] [Multiverse-Core] Loading World & Settings - 'world_nether' - Env: NETHER - Type: FLAT & seed: -4315406086328175024
2016-04-27 07:35:41 [INFO] [Multiverse-Core] Loading World & Settings - 'world_the_end' - Env: THE_END - Type: FLAT & seed: -4315406086328175024
2016-04-27 07:35:41 [INFO] [Multiverse-Core] Loading World & Settings - 'plotworld' - Env: NORMAL - Type: NORMAL & seed: 1483843031056246239 & generator: PlotMe
2016-04-27 07:35:42 [INFO] [Multiverse-Core] Loading World & Settings - 'eventos' - Env: NORMAL - Type: FLAT & seed: -4711516305468634534
2016-04-27 07:35:43 [INFO] [Multiverse-Core] 5 - World(s) loaded.
2016-04-27 07:40:45 [INFO] [Multiverse-Core] - Version 2.4-b527 (API v14) Enabled - By Rigby, fernferret, lithium3141 and main--
2016-04-27 07:40:49 [INFO] [Multiverse-Core] Loading World & Settings - 'world' - Env: NORMAL - Type: FLAT & seed: -3083979623404973764
2016-04-27 07:40:50 [INFO] [Multiverse-Core] Loading World & Settings - 'world_nether' - Env: NETHER - Type: FLAT & seed: -4315406086328175024
2016-04-27 07:40:50 [INFO] [Multiverse-Core] Loading World & Settings - 'world_the_end' - Env: THE_END - Type: FLAT & seed: -4315406086328175024
2016-04-27 07:40:51 [INFO] [Multiverse-Core] Loading World & Settings - 'plotworld' - Env: NORMAL - Type: NORMAL & seed: 1483843031056246239 & generator: PlotMe
2016-04-27 07:40:51 [INFO] [Multiverse-Core] Loading World & Settings - 'eventos' - Env: NORMAL - Type: FLAT & seed: -4711516305468634534
2016-04-27 07:40:52 [INFO] [Multiverse-Core] 5 - World(s) loaded.
2016-04-27 07:51:53 [INFO] [Multiverse-Core] - Version 2.4-b527 (API v14) Enabled - By Rigby, fernferret, lithium3141 and main--
2016-04-27 07:51:59 [INFO] [Multiverse-Core] Loading World & Settings - 'world' - Env: NORMAL - Type: FLAT & seed: -3083979623404973764
2016-04-27 07:52:00 [INFO] [Multiverse-Core] Loading World & Settings - 'world_nether' - Env: NETHER - Type: FLAT & seed: -4315406086328175024
2016-04-27 07:52:02 [INFO] [Multiverse-Core] Loading World & Settings - 'world_the_end' - Env: THE_END - Type: FLAT & seed: -4315406086328175024
2016-04-27 07:52:02 [INFO] [Multiverse-Core] Loading World & Settings - 'plotworld' - Env: NORMAL - Type: NORMAL & seed: 1483843031056246239 & generator: PlotMe
2016-04-27 07:52:03 [INFO] [Multiverse-Core] Loading World & Settings - 'eventos' - Env: NORMAL - Type: FLAT & seed: -4711516305468634534
2016-04-27 07:52:04 [INFO] [Multiverse-Core] 5 - World(s) loaded.
2016-04-27 07:54:58 [INFO] [Multiverse-Core] - Version 2.4-b527 (API v14) Enabled - By Rigby, fernferret, lithium3141 and main--
2016-04-27 07:55:01 [INFO] [Multiverse-Core] Loading World & Settings - 'world' - Env: NORMAL - Type: FLAT & seed: -3083979623404973764
2016-04-27 07:55:02 [INFO] [Multiverse-Core] Loading World & Settings - 'world_nether' - Env: NETHER - Type: FLAT & seed: -4315406086328175024
2016-04-27 07:55:03 [INFO] [Multiverse-Core] Loading World & Settings - 'world_the_end' - Env: THE_END - Type: FLAT & seed: -4315406086328175024
2016-04-27 07:55:03 [INFO] [Multiverse-Core] Loading World & Settings - 'plotworld' - Env: NORMAL - Type: NORMAL & seed: 1483843031056246239 & generator: PlotMe
2016-04-27 07:55:04 [INFO] [Multiverse-Core] Loading World & Settings - 'eventos' - Env: NORMAL - Type: FLAT & seed: -4711516305468634534
2016-04-27 07:55:04 [INFO] [Multiverse-Core] 5 - World(s) loaded.
2016-04-27 08:02:42 [INFO] [Multiverse-Core] - Version 2.4-b527 (API v14) Enabled - By Rigby, fernferret, lithium3141 and main--
2016-04-27 08:02:46 [INFO] [Multiverse-Core] Loading World & Settings - 'world' - Env: NORMAL - Type: FLAT & seed: -3083979623404973764
2016-04-27 08:02:46 [INFO] [Multiverse-Core] Loading World & Settings - 'world_nether' - Env: NETHER - Type: FLAT & seed: -4315406086328175024
2016-04-27 08:02:47 [INFO] [Multiverse-Core] Loading World & Settings - 'world_the_end' - Env: THE_END - Type: FLAT & seed: -4315406086328175024
2016-04-27 08:02:47 [INFO] [Multiverse-Core] Loading World & Settings - 'plotworld' - Env: NORMAL - Type: NORMAL & seed: 1483843031056246239 & generator: PlotMe
2016-04-27 08:02:47 [INFO] [Multiverse-Core] Loading World & Settings - 'eventos' - Env: NORMAL - Type: FLAT & seed: -4711516305468634534
2016-04-27 08:02:48 [INFO] [Multiverse-Core] 5 - World(s) loaded.
2016-04-27 08:08:39 [INFO] [Multiverse-Core] - Version 2.4-b527 (API v14) Enabled - By Rigby, fernferret, lithium3141 and main--
2016-04-27 08:08:42 [INFO] [Multiverse-Core] Loading World & Settings - 'world' - Env: NORMAL - Type: FLAT & seed: -3083979623404973764
2016-04-27 08:08:42 [INFO] [Multiverse-Core] Loading World & Settings - 'world_nether' - Env: NETHER - Type: FLAT & seed: -4315406086328175024
2016-04-27 08:08:42 [INFO] [Multiverse-Core] Loading World & Settings - 'world_the_end' - Env: THE_END - Type: FLAT & seed: -4315406086328175024
2016-04-27 08:08:43 [INFO] [Multiverse-Core] Loading World & Settings - 'plotworld' - Env: NORMAL - Type: NORMAL & seed: 1483843031056246239 & generator: PlotMe
2016-04-27 08:08:43 [INFO] [Multiverse-Core] Loading World & Settings - 'eventos' - Env: NORMAL - Type: FLAT & seed: -4711516305468634534
2016-04-27 08:08:44 [INFO] [Multiverse-Core] 5 - World(s) loaded.
2016-04-27 12:04:13 [INFO] [Multiverse-Core] - Version 2.4-b527 (API v14) Enabled - By Rigby, fernferret, lithium3141 and main--
2016-04-27 12:04:15 [INFO] [Multiverse-Core] Loading World & Settings - 'world' - Env: NORMAL - Type: FLAT & seed: -3083979623404973764
2016-04-27 12:04:15 [INFO] [Multiverse-Core] Loading World & Settings - 'world_nether' - Env: NETHER - Type: FLAT & seed: -4315406086328175024
2016-04-27 12:04:15 [INFO] [Multiverse-Core] Loading World & Settings - 'world_the_end' - Env: THE_END - Type: FLAT & seed: -4315406086328175024
2016-04-27 12:04:16 [INFO] [Multiverse-Core] Loading World & Settings - 'plotworld' - Env: NORMAL - Type: NORMAL & seed: 1483843031056246239 & generator: PlotMe
2016-04-27 12:04:16 [INFO] [Multiverse-Core] Loading World & Settings - 'eventos' - Env: NORMAL - Type: FLAT & seed: -4711516305468634534
2016-04-27 12:04:17 [INFO] [Multiverse-Core] 5 - World(s) loaded.
2016-04-27 13:31:01 [INFO] [Multiverse-Core] - Version 2.4-b527 (API v14) Enabled - By Rigby, fernferret, lithium3141 and main--
2016-04-27 13:31:03 [INFO] [Multiverse-Core] Loading World & Settings - 'world' - Env: NORMAL - Type: FLAT & seed: -3083979623404973764
2016-04-27 13:31:03 [INFO] [Multiverse-Core] Loading World & Settings - 'world_nether' - Env: NETHER - Type: FLAT & seed: -4315406086328175024
2016-04-27 13:31:04 [INFO] [Multiverse-Core] Loading World & Settings - 'world_the_end' - Env: THE_END - Type: FLAT & seed: -4315406086328175024
2016-04-27 13:31:05 [INFO] [Multiverse-Core] Loading World & Settings - 'plotworld' - Env: NORMAL - Type: NORMAL & seed: 1483843031056246239 & generator: PlotMe
2016-04-27 13:31:05 [INFO] [Multiverse-Core] Loading World & Settings - 'eventos' - Env: NORMAL - Type: FLAT & seed: -4711516305468634534
2016-04-27 13:31:07 [INFO] [Multiverse-Core] 5 - World(s) loaded.
2016-04-27 13:40:36 [INFO] [Multiverse-Core] - Version 2.4-b527 (API v14) Enabled - By Rigby, fernferret, lithium3141 and main--
2016-04-27 13:40:40 [INFO] [Multiverse-Core] Loading World & Settings - 'world' - Env: NORMAL - Type: FLAT & seed: -3083979623404973764
2016-04-27 13:40:41 [INFO] [Multiverse-Core] Loading World & Settings - 'world_nether' - Env: NETHER - Type: FLAT & seed: -4315406086328175024
2016-04-27 13:40:42 [INFO] [Multiverse-Core] Loading World & Settings - 'world_the_end' - Env: THE_END - Type: FLAT & seed: -4315406086328175024
2016-04-27 13:40:42 [INFO] [Multiverse-Core] Loading World & Settings - 'plotworld' - Env: NORMAL - Type: NORMAL & seed: 1483843031056246239 & generator: PlotMe
2016-04-27 13:40:43 [INFO] [Multiverse-Core] Loading World & Settings - 'eventos' - Env: NORMAL - Type: FLAT & seed: -4711516305468634534
2016-04-27 13:40:43 [INFO] [Multiverse-Core] 5 - World(s) loaded.
2016-04-27 13:44:24 [INFO] [Multiverse-Core] - Version 2.4-b527 (API v14) Enabled - By Rigby, fernferret, lithium3141 and main--
2016-04-27 13:44:27 [INFO] [Multiverse-Core] Loading World & Settings - 'world' - Env: NORMAL - Type: FLAT & seed: -3083979623404973764
2016-04-27 13:44:27 [INFO] [Multiverse-Core] Loading World & Settings - 'world_nether' - Env: NETHER - Type: FLAT & seed: -4315406086328175024
2016-04-27 13:44:28 [INFO] [Multiverse-Core] Loading World & Settings - 'world_the_end' - Env: THE_END - Type: FLAT & seed: -4315406086328175024
2016-04-27 13:44:28 [INFO] [Multiverse-Core] Loading World & Settings - 'plotworld' - Env: NORMAL - Type: NORMAL & seed: 1483843031056246239 & generator: PlotMe
2016-04-27 13:44:29 [INFO] [Multiverse-Core] Loading World & Settings - 'eventos' - Env: NORMAL - Type: FLAT & seed: -4711516305468634534
2016-04-27 13:44:30 [INFO] [Multiverse-Core] 5 - World(s) loaded.
2016-04-27 13:51:51 [INFO] [Multiverse-Core] - Version 2.4-b527 (API v14) Enabled - By Rigby, fernferret, lithium3141 and main--
2016-04-27 13:51:53 [INFO] [Multiverse-Core] Loading World & Settings - 'world' - Env: NORMAL - Type: FLAT & seed: -3083979623404973764
2016-04-27 13:51:53 [INFO] [Multiverse-Core] Loading World & Settings - 'world_nether' - Env: NETHER - Type: FLAT & seed: -4315406086328175024
2016-04-27 13:51:54 [INFO] [Multiverse-Core] Loading World & Settings - 'world_the_end' - Env: THE_END - Type: FLAT & seed: -4315406086328175024
2016-04-27 13:51:54 [INFO] [Multiverse-Core] Loading World & Settings - 'plotworld' - Env: NORMAL - Type: NORMAL & seed: 1483843031056246239 & generator: PlotMe
2016-04-27 13:51:55 [INFO] [Multiverse-Core] Loading World & Settings - 'eventos' - Env: NORMAL - Type: FLAT & seed: -4711516305468634534
2016-04-27 13:51:56 [INFO] [Multiverse-Core] 5 - World(s) loaded.
2016-04-27 14:16:41 [INFO] [Multiverse-Core] - Version 2.4-b527 (API v14) Enabled - By Rigby, fernferret, lithium3141 and main--
2016-04-27 14:16:43 [INFO] [Multiverse-Core] Loading World & Settings - 'world' - Env: NORMAL - Type: FLAT & seed: -3083979623404973764
2016-04-27 14:16:43 [INFO] [Multiverse-Core] Loading World & Settings - 'world_nether' - Env: NETHER - Type: FLAT & seed: -4315406086328175024
2016-04-27 14:16:43 [INFO] [Multiverse-Core] Loading World & Settings - 'world_the_end' - Env: THE_END - Type: FLAT & seed: -4315406086328175024
2016-04-27 14:16:44 [INFO] [Multiverse-Core] Loading World & Settings - 'plotworld' - Env: NORMAL - Type: NORMAL & seed: 1483843031056246239 & generator: PlotMe
2016-04-27 14:16:44 [INFO] [Multiverse-Core] Loading World & Settings - 'eventos' - Env: NORMAL - Type: FLAT & seed: -4711516305468634534
2016-04-27 14:16:45 [INFO] [Multiverse-Core] 5 - World(s) loaded.
2016-04-27 14:53:45 [INFO] [Multiverse-Core] - Version 2.4-b527 (API v14) Enabled - By Rigby, fernferret, lithium3141 and main--
2016-04-27 14:53:47 [INFO] [Multiverse-Core] Loading World & Settings - 'world' - Env: NORMAL - Type: FLAT & seed: -3083979623404973764
2016-04-27 14:53:47 [INFO] [Multiverse-Core] Loading World & Settings - 'world_nether' - Env: NETHER - Type: FLAT & seed: -4315406086328175024
2016-04-27 14:53:48 [INFO] [Multiverse-Core] Loading World & Settings - 'world_the_end' - Env: THE_END - Type: FLAT & seed: -4315406086328175024
2016-04-27 14:53:48 [INFO] [Multiverse-Core] Loading World & Settings - 'plotworld' - Env: NORMAL - Type: NORMAL & seed: 1483843031056246239 & generator: PlotMe
2016-04-27 14:53:49 [INFO] [Multiverse-Core] Loading World & Settings - 'eventos' - Env: NORMAL - Type: FLAT & seed: -4711516305468634534
2016-04-27 14:53:50 [INFO] [Multiverse-Core] 5 - World(s) loaded.
2016-04-27 15:01:01 [INFO] [Multiverse-Core] - Version 2.4-b527 (API v14) Enabled - By Rigby, fernferret, lithium3141 and main--
2016-04-27 15:01:05 [INFO] [Multiverse-Core] Loading World & Settings - 'world' - Env: NORMAL - Type: FLAT & seed: -3083979623404973764
2016-04-27 15:01:05 [INFO] [Multiverse-Core] Loading World & Settings - 'world_nether' - Env: NETHER - Type: FLAT & seed: -4315406086328175024
2016-04-27 15:01:06 [INFO] [Multiverse-Core] Loading World & Settings - 'world_the_end' - Env: THE_END - Type: FLAT & seed: -4315406086328175024
2016-04-27 15:01:06 [INFO] [Multiverse-Core] Loading World & Settings - 'plotworld' - Env: NORMAL - Type: NORMAL & seed: 1483843031056246239 & generator: PlotMe
2016-04-27 15:01:07 [INFO] [Multiverse-Core] Loading World & Settings - 'eventos' - Env: NORMAL - Type: FLAT & seed: -4711516305468634534
2016-04-27 15:01:07 [INFO] [Multiverse-Core] 5 - World(s) loaded.
2016-04-27 15:10:04 [INFO] [Multiverse-Core] - Version 2.4-b527 (API v14) Enabled - By Rigby, fernferret, lithium3141 and main--
2016-04-27 15:10:06 [INFO] [Multiverse-Core] Loading World & Settings - 'world' - Env: NORMAL - Type: FLAT & seed: -3083979623404973764
2016-04-27 15:10:06 [INFO] [Multiverse-Core] Loading World & Settings - 'world_nether' - Env: NETHER - Type: FLAT & seed: -4315406086328175024
2016-04-27 15:10:07 [INFO] [Multiverse-Core] Loading World & Settings - 'world_the_end' - Env: THE_END - Type: FLAT & seed: -4315406086328175024
2016-04-27 15:10:08 [INFO] [Multiverse-Core] Loading World & Settings - 'plotworld' - Env: NORMAL - Type: NORMAL & seed: 1483843031056246239 & generator: PlotMe
2016-04-27 15:10:08 [INFO] [Multiverse-Core] Loading World & Settings - 'eventos' - Env: NORMAL - Type: FLAT & seed: -4711516305468634534
2016-04-27 15:10:09 [INFO] [Multiverse-Core] 5 - World(s) loaded.
2016-04-27 15:30:00 [INFO] [Multiverse-Core] - Version 2.4-b527 (API v14) Enabled - By Rigby, fernferret, lithium3141 and main--
2016-04-27 15:30:03 [INFO] [Multiverse-Core] Loading World & Settings - 'world' - Env: NORMAL - Type: FLAT & seed: -3083979623404973764
2016-04-27 15:30:04 [INFO] [Multiverse-Core] Loading World & Settings - 'world_nether' - Env: NETHER - Type: FLAT & seed: -4315406086328175024
2016-04-27 15:30:05 [INFO] [Multiverse-Core] Loading World & Settings - 'world_the_end' - Env: THE_END - Type: FLAT & seed: -4315406086328175024
2016-04-27 15:30:05 [INFO] [Multiverse-Core] Loading World & Settings - 'plotworld' - Env: NORMAL - Type: NORMAL & seed: 1483843031056246239 & generator: PlotMe
2016-04-27 15:30:06 [INFO] [Multiverse-Core] Loading World & Settings - 'eventos' - Env: NORMAL - Type: FLAT & seed: -4711516305468634534
2016-04-27 15:30:07 [INFO] [Multiverse-Core] 5 - World(s) loaded.
2016-04-27 15:42:42 [INFO] [Multiverse-Core] - Version 2.4-b527 (API v14) Enabled - By Rigby, fernferret, lithium3141 and main--
2016-04-27 15:42:46 [INFO] [Multiverse-Core] Loading World & Settings - 'world' - Env: NORMAL - Type: FLAT & seed: -3083979623404973764
2016-04-27 15:42:46 [INFO] [Multiverse-Core] Loading World & Settings - 'world_nether' - Env: NETHER - Type: FLAT & seed: -4315406086328175024
2016-04-27 15:42:47 [INFO] [Multiverse-Core] Loading World & Settings - 'world_the_end' - Env: THE_END - Type: FLAT & seed: -4315406086328175024
2016-04-27 15:42:48 [INFO] [Multiverse-Core] Loading World & Settings - 'plotworld' - Env: NORMAL - Type: NORMAL & seed: 1483843031056246239 & generator: PlotMe
2016-04-27 15:42:48 [INFO] [Multiverse-Core] Loading World & Settings - 'eventos' - Env: NORMAL - Type: FLAT & seed: -4711516305468634534
2016-04-27 15:42:49 [INFO] [Multiverse-Core] 5 - World(s) loaded.
2016-04-27 16:03:14 [INFO] [Multiverse-Core] - Version 2.4-b527 (API v14) Enabled - By Rigby, fernferret, lithium3141 and main--
2016-04-27 16:03:16 [INFO] [Multiverse-Core] Loading World & Settings - 'world' - Env: NORMAL - Type: FLAT & seed: -3083979623404973764
2016-04-27 16:03:17 [INFO] [Multiverse-Core] Loading World & Settings - 'world_nether' - Env: NETHER - Type: FLAT & seed: -4315406086328175024
2016-04-27 16:03:18 [INFO] [Multiverse-Core] Loading World & Settings - 'world_the_end' - Env: THE_END - Type: FLAT & seed: -4315406086328175024
2016-04-27 16:03:18 [INFO] [Multiverse-Core] Loading World & Settings - 'plotworld' - Env: NORMAL - Type: NORMAL & seed: 1483843031056246239 & generator: PlotMe
2016-04-27 16:03:19 [INFO] [Multiverse-Core] Loading World & Settings - 'eventos' - Env: NORMAL - Type: FLAT & seed: -4711516305468634534
2016-04-27 16:03:19 [INFO] [Multiverse-Core] 5 - World(s) loaded.
2016-04-27 17:50:17 [INFO] [Multiverse-Core] - Version 2.4-b527 (API v14) Enabled - By Rigby, fernferret, lithium3141 and main--
2016-04-27 17:50:21 [INFO] [Multiverse-Core] Loading World & Settings - 'world' - Env: NORMAL - Type: FLAT & seed: -3083979623404973764
2016-04-27 17:50:21 [INFO] [Multiverse-Core] Loading World & Settings - 'world_nether' - Env: NETHER - Type: FLAT & seed: -4315406086328175024
2016-04-27 17:50:22 [INFO] [Multiverse-Core] Loading World & Settings - 'world_the_end' - Env: THE_END - Type: FLAT & seed: -4315406086328175024
2016-04-27 17:50:23 [INFO] [Multiverse-Core] Loading World & Settings - 'plotworld' - Env: NORMAL - Type: NORMAL & seed: 1483843031056246239 & generator: PlotMe
2016-04-27 17:50:24 [INFO] [Multiverse-Core] Loading World & Settings - 'eventos' - Env: NORMAL - Type: FLAT & seed: -4711516305468634534
2016-04-27 17:50:25 [INFO] [Multiverse-Core] 5 - World(s) loaded.
2016-04-27 18:42:31 [INFO] [Multiverse-Core] - Version 2.4-b527 (API v14) Enabled - By Rigby, fernferret, lithium3141 and main--
2016-04-27 18:42:34 [INFO] [Multiverse-Core] Loading World & Settings - 'world' - Env: NORMAL - Type: FLAT & seed: -3083979623404973764
2016-04-27 18:42:34 [INFO] [Multiverse-Core] Loading World & Settings - 'world_nether' - Env: NETHER - Type: FLAT & seed: -4315406086328175024
2016-04-27 18:42:35 [INFO] [Multiverse-Core] Loading World & Settings - 'world_the_end' - Env: THE_END - Type: FLAT & seed: -4315406086328175024
2016-04-27 18:42:36 [INFO] [Multiverse-Core] Loading World & Settings - 'plotworld' - Env: NORMAL - Type: NORMAL & seed: 1483843031056246239 & generator: PlotMe
2016-04-27 18:42:36 [INFO] [Multiverse-Core] Loading World & Settings - 'eventos' - Env: NORMAL - Type: FLAT & seed: -4711516305468634534
2016-04-27 18:42:38 [INFO] [Multiverse-Core] 5 - World(s) loaded.
2016-04-27 18:44:08 [INFO] [Multiverse-Core] - Version 2.4-b527 (API v14) Enabled - By Rigby, fernferret, lithium3141 and main--
2016-04-27 18:44:12 [INFO] [Multiverse-Core] Loading World & Settings - 'world' - Env: NORMAL - Type: FLAT & seed: -3083979623404973764
2016-04-27 18:44:12 [INFO] [Multiverse-Core] Loading World & Settings - 'world_nether' - Env: NETHER - Type: FLAT & seed: -4315406086328175024
2016-04-27 18:44:13 [INFO] [Multiverse-Core] Loading World & Settings - 'world_the_end' - Env: THE_END - Type: FLAT & seed: -4315406086328175024
2016-04-27 18:44:14 [INFO] [Multiverse-Core] Loading World & Settings - 'plotworld' - Env: NORMAL - Type: NORMAL & seed: 1483843031056246239 & generator: PlotMe
2016-04-27 18:44:14 [INFO] [Multiverse-Core] Loading World & Settings - 'eventos' - Env: NORMAL - Type: FLAT & seed: -4711516305468634534
2016-04-27 18:44:16 [INFO] [Multiverse-Core] 5 - World(s) loaded.
2016-04-27 18:50:07 [INFO] [Multiverse-Core] - Version 2.4-b527 (API v14) Enabled - By Rigby, fernferret, lithium3141 and main--
2016-04-27 18:50:10 [INFO] [Multiverse-Core] Loading World & Settings - 'world' - Env: NORMAL - Type: FLAT & seed: -3083979623404973764
2016-04-27 18:50:10 [INFO] [Multiverse-Core] Loading World & Settings - 'world_nether' - Env: NETHER - Type: FLAT & seed: -4315406086328175024
2016-04-27 18:50:12 [INFO] [Multiverse-Core] Loading World & Settings - 'world_the_end' - Env: THE_END - Type: FLAT & seed: -4315406086328175024
2016-04-27 18:50:12 [INFO] [Multiverse-Core] Loading World & Settings - 'plotworld' - Env: NORMAL - Type: NORMAL & seed: 1483843031056246239 & generator: PlotMe
2016-04-27 18:50:13 [INFO] [Multiverse-Core] Loading World & Settings - 'eventos' - Env: NORMAL - Type: FLAT & seed: -4711516305468634534
2016-04-27 18:50:15 [INFO] [Multiverse-Core] 5 - World(s) loaded.
2016-04-27 18:55:57 [INFO] [Multiverse-Core] - Version 2.4-b527 (API v14) Enabled - By Rigby, fernferret, lithium3141 and main--
2016-04-27 18:56:02 [INFO] [Multiverse-Core] Loading World & Settings - 'world' - Env: NORMAL - Type: FLAT & seed: -3083979623404973764
2016-04-27 18:56:03 [INFO] [Multiverse-Core] Loading World & Settings - 'world_nether' - Env: NETHER - Type: FLAT & seed: -4315406086328175024
2016-04-27 18:56:04 [INFO] [Multiverse-Core] Loading World & Settings - 'world_the_end' - Env: THE_END - Type: FLAT & seed: -4315406086328175024
2016-04-27 18:56:05 [INFO] [Multiverse-Core] Loading World & Settings - 'plotworld' - Env: NORMAL - Type: NORMAL & seed: 1483843031056246239 & generator: PlotMe
2016-04-27 18:56:07 [INFO] [Multiverse-Core] Loading World & Settings - 'eventos' - Env: NORMAL - Type: FLAT & seed: -4711516305468634534
2016-04-27 18:56:10 [INFO] [Multiverse-Core] 5 - World(s) loaded.
2016-04-27 19:56:52 [INFO] [Multiverse-Core] - Version 2.4-b527 (API v14) Enabled - By Rigby, fernferret, lithium3141 and main--
2016-04-27 19:56:54 [INFO] [Multiverse-Core] Loading World & Settings - 'world' - Env: NORMAL - Type: FLAT & seed: -3083979623404973764
2016-04-27 19:56:54 [INFO] [Multiverse-Core] Loading World & Settings - 'world_nether' - Env: NETHER - Type: FLAT & seed: -4315406086328175024
2016-04-27 19:56:55 [INFO] [Multiverse-Core] Loading World & Settings - 'world_the_end' - Env: THE_END - Type: FLAT & seed: -4315406086328175024
2016-04-27 19:56:55 [INFO] [Multiverse-Core] Loading World & Settings - 'plotworld' - Env: NORMAL - Type: NORMAL & seed: 1483843031056246239 & generator: PlotMe
2016-04-27 19:56:56 [INFO] [Multiverse-Core] Loading World & Settings - 'eventos' - Env: NORMAL - Type: FLAT & seed: -4711516305468634534
2016-04-27 19:56:57 [INFO] [Multiverse-Core] 5 - World(s) loaded.
2016-04-28 07:51:13 [INFO] [Multiverse-Core] - Version 2.4-b527 (API v14) Enabled - By Rigby, fernferret, lithium3141 and main--
2016-04-28 07:51:15 [INFO] [Multiverse-Core] Loading World & Settings - 'world' - Env: NORMAL - Type: FLAT & seed: -3083979623404973764
2016-04-28 07:51:15 [INFO] [Multiverse-Core] Loading World & Settings - 'world_nether' - Env: NETHER - Type: FLAT & seed: -4315406086328175024
2016-04-28 07:51:16 [INFO] [Multiverse-Core] Loading World & Settings - 'world_the_end' - Env: THE_END - Type: FLAT & seed: -4315406086328175024
2016-04-28 07:51:16 [INFO] [Multiverse-Core] Loading World & Settings - 'plotworld' - Env: NORMAL - Type: NORMAL & seed: 1483843031056246239 & generator: PlotMe
2016-04-28 07:51:17 [INFO] [Multiverse-Core] Loading World & Settings - 'eventos' - Env: NORMAL - Type: FLAT & seed: -4711516305468634534
2016-04-28 07:51:18 [INFO] [Multiverse-Core] 5 - World(s) loaded.
2016-04-28 11:16:26 [INFO] [Multiverse-Core] - Version 2.4-b527 (API v14) Enabled - By Rigby, fernferret, lithium3141 and main--
2016-04-28 11:16:29 [INFO] [Multiverse-Core] Loading World & Settings - 'world' - Env: NORMAL - Type: FLAT & seed: -3083979623404973764
2016-04-28 11:16:29 [INFO] [Multiverse-Core] Loading World & Settings - 'world_nether' - Env: NETHER - Type: FLAT & seed: -4315406086328175024
2016-04-28 11:16:30 [INFO] [Multiverse-Core] Loading World & Settings - 'world_the_end' - Env: THE_END - Type: FLAT & seed: -4315406086328175024
2016-04-28 11:16:31 [INFO] [Multiverse-Core] Loading World & Settings - 'plotworld' - Env: NORMAL - Type: NORMAL & seed: 1483843031056246239 & generator: PlotMe
2016-04-28 11:16:32 [INFO] [Multiverse-Core] Loading World & Settings - 'eventos' - Env: NORMAL - Type: FLAT & seed: -4711516305468634534
2016-04-28 11:16:33 [INFO] [Multiverse-Core] 5 - World(s) loaded.
2016-04-28 11:23:10 [INFO] [Multiverse-Core] - Version 2.4-b527 (API v14) Enabled - By Rigby, fernferret, lithium3141 and main--
2016-04-28 11:23:12 [INFO] [Multiverse-Core] Loading World & Settings - 'world' - Env: NORMAL - Type: FLAT & seed: -3083979623404973764
2016-04-28 11:23:12 [INFO] [Multiverse-Core] Loading World & Settings - 'world_nether' - Env: NETHER - Type: FLAT & seed: -4315406086328175024
2016-04-28 11:23:13 [INFO] [Multiverse-Core] Loading World & Settings - 'world_the_end' - Env: THE_END - Type: FLAT & seed: -4315406086328175024
2016-04-28 11:23:13 [INFO] [Multiverse-Core] Loading World & Settings - 'plotworld' - Env: NORMAL - Type: NORMAL & seed: 1483843031056246239 & generator: PlotMe
2016-04-28 11:23:14 [INFO] [Multiverse-Core] Loading World & Settings - 'eventos' - Env: NORMAL - Type: FLAT & seed: -4711516305468634534
2016-04-28 11:23:15 [INFO] [Multiverse-Core] 5 - World(s) loaded.
2016-04-28 12:52:08 [INFO] [Multiverse-Core] - Version 2.4-b527 (API v14) Enabled - By Rigby, fernferret, lithium3141 and main--
2016-04-28 12:52:10 [INFO] [Multiverse-Core] Loading World & Settings - 'world' - Env: NORMAL - Type: FLAT & seed: -3083979623404973764
2016-04-28 12:52:10 [INFO] [Multiverse-Core] Loading World & Settings - 'world_nether' - Env: NETHER - Type: FLAT & seed: -4315406086328175024
2016-04-28 12:52:11 [INFO] [Multiverse-Core] Loading World & Settings - 'world_the_end' - Env: THE_END - Type: FLAT & seed: -4315406086328175024
2016-04-28 12:52:11 [INFO] [Multiverse-Core] Loading World & Settings - 'plotworld' - Env: NORMAL - Type: NORMAL & seed: 1483843031056246239 & generator: PlotMe
2016-04-28 12:52:12 [INFO] [Multiverse-Core] Loading World & Settings - 'eventos' - Env: NORMAL - Type: FLAT & seed: -4711516305468634534
2016-04-28 12:52:13 [INFO] [Multiverse-Core] 5 - World(s) loaded.
2016-04-29 10:42:40 [INFO] [Multiverse-Core] - Version 2.4-b527 (API v14) Enabled - By Rigby, fernferret, lithium3141 and main--
2016-04-29 10:42:42 [INFO] [Multiverse-Core] Loading World & Settings - 'world' - Env: NORMAL - Type: FLAT & seed: -3083979623404973764
2016-04-29 10:42:42 [INFO] [Multiverse-Core] Loading World & Settings - 'world_nether' - Env: NETHER - Type: FLAT & seed: -4315406086328175024
2016-04-29 10:42:43 [INFO] [Multiverse-Core] Loading World & Settings - 'world_the_end' - Env: THE_END - Type: FLAT & seed: -4315406086328175024
2016-04-29 10:42:43 [INFO] [Multiverse-Core] Loading World & Settings - 'plotworld' - Env: NORMAL - Type: NORMAL & seed: 1483843031056246239 & generator: PlotMe
2016-04-29 10:42:45 [INFO] [Multiverse-Core] Loading World & Settings - 'eventos' - Env: NORMAL - Type: FLAT & seed: -4711516305468634534
2016-04-29 10:42:46 [INFO] [Multiverse-Core] 5 - World(s) loaded.
2016-04-29 11:33:35 [INFO] [Multiverse-Core] - Version 2.4-b527 (API v14) Enabled - By Rigby, fernferret, lithium3141 and main--
2016-04-29 11:33:38 [INFO] [Multiverse-Core] Loading World & Settings - 'world' - Env: NORMAL - Type: FLAT & seed: -3083979623404973764
2016-04-29 11:33:39 [INFO] [Multiverse-Core] Loading World & Settings - 'world_nether' - Env: NETHER - Type: FLAT & seed: -4315406086328175024
2016-04-29 11:33:40 [INFO] [Multiverse-Core] Loading World & Settings - 'world_the_end' - Env: THE_END - Type: FLAT & seed: -4315406086328175024
2016-04-29 11:33:40 [INFO] [Multiverse-Core] Loading World & Settings - 'plotworld' - Env: NORMAL - Type: NORMAL & seed: 1483843031056246239 & generator: PlotMe
2016-04-29 11:33:41 [INFO] [Multiverse-Core] Loading World & Settings - 'eventos' - Env: NORMAL - Type: FLAT & seed: -4711516305468634534
2016-04-29 11:33:43 [INFO] [Multiverse-Core] 5 - World(s) loaded.
2016-04-29 12:19:50 [INFO] [Multiverse-Core] - Version 2.4-b527 (API v14) Enabled - By Rigby, fernferret, lithium3141 and main--
2016-04-29 12:19:54 [INFO] [Multiverse-Core] Loading World & Settings - 'world' - Env: NORMAL - Type: FLAT & seed: -3083979623404973764
2016-04-29 12:19:54 [INFO] [Multiverse-Core] Loading World & Settings - 'world_nether' - Env: NETHER - Type: FLAT & seed: -4315406086328175024
2016-04-29 12:19:55 [INFO] [Multiverse-Core] Loading World & Settings - 'world_the_end' - Env: THE_END - Type: FLAT & seed: -4315406086328175024
2016-04-29 12:19:56 [INFO] [Multiverse-Core] Loading World & Settings - 'plotworld' - Env: NORMAL - Type: NORMAL & seed: 1483843031056246239 & generator: PlotMe
2016-04-29 12:19:56 [INFO] [Multiverse-Core] Loading World & Settings - 'eventos' - Env: NORMAL - Type: FLAT & seed: -4711516305468634534
2016-04-29 12:19:57 [INFO] [Multiverse-Core] 5 - World(s) loaded.
2016-05-05 20:55:32 [INFO] [Multiverse-Core] - Version 2.4-b527 (API v14) Enabled - By Rigby, fernferret, lithium3141 and main--
2016-05-05 20:55:34 [INFO] [Multiverse-Core] Loading World & Settings - 'world' - Env: NORMAL - Type: FLAT & seed: -3083979623404973764
2016-05-05 20:55:34 [INFO] [Multiverse-Core] Loading World & Settings - 'world_nether' - Env: NETHER - Type: FLAT & seed: -4315406086328175024
2016-05-05 20:55:35 [INFO] [Multiverse-Core] Loading World & Settings - 'world_the_end' - Env: THE_END - Type: FLAT & seed: -4315406086328175024
2016-05-05 20:55:35 [INFO] [Multiverse-Core] Loading World & Settings - 'plotworld' - Env: NORMAL - Type: NORMAL & seed: 1483843031056246239 & generator: PlotMe
2016-05-05 20:55:36 [INFO] [Multiverse-Core] Loading World & Settings - 'eventos' - Env: NORMAL - Type: FLAT & seed: -4711516305468634534
2016-05-05 20:55:37 [INFO] [Multiverse-Core] 5 - World(s) loaded.
2016-05-05 20:58:52 [INFO] [Multiverse-Core] - Version 2.4-b527 (API v14) Enabled - By Rigby, fernferret, lithium3141 and main--
2016-05-05 20:58:55 [INFO] [Multiverse-Core] Loading World & Settings - 'world' - Env: NORMAL - Type: FLAT & seed: -3083979623404973764
2016-05-05 20:58:55 [INFO] [Multiverse-Core] Loading World & Settings - 'world_nether' - Env: NETHER - Type: FLAT & seed: -4315406086328175024
2016-05-05 20:58:56 [INFO] [Multiverse-Core] Loading World & Settings - 'world_the_end' - Env: THE_END - Type: FLAT & seed: -4315406086328175024
2016-05-05 20:58:56 [INFO] [Multiverse-Core] Loading World & Settings - 'plotworld' - Env: NORMAL - Type: NORMAL & seed: 1483843031056246239 & generator: PlotMe
2016-05-05 20:58:57 [INFO] [Multiverse-Core] Loading World & Settings - 'eventos' - Env: NORMAL - Type: FLAT & seed: -4711516305468634534
2016-05-05 20:58:58 [INFO] [Multiverse-Core] 5 - World(s) loaded.
2016-05-05 21:17:16 [INFO] [Multiverse-Core] - Version 2.4-b527 (API v14) Enabled - By Rigby, fernferret, lithium3141 and main--
2016-05-05 21:17:19 [INFO] [Multiverse-Core] Loading World & Settings - 'world' - Env: NORMAL - Type: FLAT & seed: -3083979623404973764
2016-05-05 21:17:20 [INFO] [Multiverse-Core] Loading World & Settings - 'world_nether' - Env: NETHER - Type: FLAT & seed: -4315406086328175024
2016-05-05 21:17:21 [INFO] [Multiverse-Core] Loading World & Settings - 'world_the_end' - Env: THE_END - Type: FLAT & seed: -4315406086328175024
2016-05-05 21:17:21 [INFO] [Multiverse-Core] Loading World & Settings - 'plotworld' - Env: NORMAL - Type: NORMAL & seed: 1483843031056246239 & generator: PlotMe
2016-05-05 21:17:21 [INFO] [Multiverse-Core] Loading World & Settings - 'eventos' - Env: NORMAL - Type: FLAT & seed: -4711516305468634534
2016-05-05 21:17:22 [INFO] [Multiverse-Core] 5 - World(s) loaded.
2016-05-05 21:32:11 [INFO] [Multiverse-Core] - Version 2.4-b527 (API v14) Enabled - By Rigby, fernferret, lithium3141 and main--
2016-05-05 21:32:14 [INFO] [Multiverse-Core] Loading World & Settings - 'world' - Env: NORMAL - Type: FLAT & seed: -3083979623404973764
2016-05-05 21:32:15 [INFO] [Multiverse-Core] Loading World & Settings - 'world_nether' - Env: NETHER - Type: FLAT & seed: -4315406086328175024
2016-05-05 21:32:16 [INFO] [Multiverse-Core] Loading World & Settings - 'world_the_end' - Env: THE_END - Type: FLAT & seed: -4315406086328175024
2016-05-05 21:32:17 [INFO] [Multiverse-Core] Loading World & Settings - 'plotworld' - Env: NORMAL - Type: NORMAL & seed: 1483843031056246239 & generator: PlotMe
2016-05-05 21:32:17 [INFO] [Multiverse-Core] Loading World & Settings - 'eventos' - Env: NORMAL - Type: FLAT & seed: -4711516305468634534
2016-05-05 21:32:18 [INFO] [Multiverse-Core] 5 - World(s) loaded.
2016-05-05 21:34:00 [INFO] [Multiverse-Core] - Version 2.4-b527 (API v14) Enabled - By Rigby, fernferret, lithium3141 and main--
2016-05-05 21:34:03 [INFO] [Multiverse-Core] Loading World & Settings - 'world' - Env: NORMAL - Type: FLAT & seed: -3083979623404973764
2016-05-05 21:34:04 [INFO] [Multiverse-Core] Loading World & Settings - 'world_nether' - Env: NETHER - Type: FLAT & seed: -4315406086328175024
2016-05-05 21:34:05 [INFO] [Multiverse-Core] Loading World & Settings - 'world_the_end' - Env: THE_END - Type: FLAT & seed: -4315406086328175024
2016-05-05 21:34:05 [INFO] [Multiverse-Core] Loading World & Settings - 'plotworld' - Env: NORMAL - Type: NORMAL & seed: 1483843031056246239 & generator: PlotMe
2016-05-05 21:34:05 [INFO] [Multiverse-Core] Loading World & Settings - 'eventos' - Env: NORMAL - Type: FLAT & seed: -4711516305468634534
2016-05-05 21:34:06 [INFO] [Multiverse-Core] 5 - World(s) loaded.
2016-05-05 21:35:33 [INFO] [Multiverse-Core] - Version 2.4-b527 (API v14) Enabled - By Rigby, fernferret, lithium3141 and main--
2016-05-05 21:35:36 [INFO] [Multiverse-Core] Loading World & Settings - 'world' - Env: NORMAL - Type: FLAT & seed: -3083979623404973764
2016-05-05 21:35:37 [INFO] [Multiverse-Core] Loading World & Settings - 'world_nether' - Env: NETHER - Type: FLAT & seed: -4315406086328175024
2016-05-05 21:35:38 [INFO] [Multiverse-Core] Loading World & Settings - 'world_the_end' - Env: THE_END - Type: FLAT & seed: -4315406086328175024
2016-05-05 21:35:38 [INFO] [Multiverse-Core] Loading World & Settings - 'plotworld' - Env: NORMAL - Type: NORMAL & seed: 1483843031056246239 & generator: PlotMe
2016-05-05 21:35:38 [INFO] [Multiverse-Core] Loading World & Settings - 'eventos' - Env: NORMAL - Type: FLAT & seed: -4711516305468634534
2016-05-05 21:35:39 [INFO] [Multiverse-Core] 5 - World(s) loaded.
2016-05-05 21:44:01 [INFO] [Multiverse-Core] - Version 2.4-b527 (API v14) Enabled - By Rigby, fernferret, lithium3141 and main--
2016-05-05 21:44:04 [INFO] [Multiverse-Core] Loading World & Settings - 'world' - Env: NORMAL - Type: FLAT & seed: -3083979623404973764
2016-05-05 21:44:05 [INFO] [Multiverse-Core] Loading World & Settings - 'world_nether' - Env: NETHER - Type: FLAT & seed: -4315406086328175024
2016-05-05 21:44:06 [INFO] [Multiverse-Core] Loading World & Settings - 'world_the_end' - Env: THE_END - Type: FLAT & seed: -4315406086328175024
2016-05-05 21:44:06 [INFO] [Multiverse-Core] Loading World & Settings - 'plotworld' - Env: NORMAL - Type: NORMAL & seed: 1483843031056246239 & generator: PlotMe
2016-05-05 21:44:07 [INFO] [Multiverse-Core] Loading World & Settings - 'eventos' - Env: NORMAL - Type: FLAT & seed: -4711516305468634534
2016-05-05 21:44:07 [INFO] [Multiverse-Core] 5 - World(s) loaded.
2016-05-05 21:48:10 [INFO] [Multiverse-Core] - Version 2.4-b527 (API v14) Enabled - By Rigby, fernferret, lithium3141 and main--
2016-05-05 21:48:13 [INFO] [Multiverse-Core] Loading World & Settings - 'world' - Env: NORMAL - Type: FLAT & seed: -3083979623404973764
2016-05-05 21:48:14 [INFO] [Multiverse-Core] Loading World & Settings - 'world_nether' - Env: NETHER - Type: FLAT & seed: -4315406086328175024
2016-05-05 21:48:15 [INFO] [Multiverse-Core] Loading World & Settings - 'world_the_end' - Env: THE_END - Type: FLAT & seed: -4315406086328175024
2016-05-05 21:48:15 [INFO] [Multiverse-Core] Loading World & Settings - 'plotworld' - Env: NORMAL - Type: NORMAL & seed: 1483843031056246239 & generator: PlotMe
2016-05-05 21:48:15 [INFO] [Multiverse-Core] Loading World & Settings - 'eventos' - Env: NORMAL - Type: FLAT & seed: -4711516305468634534
2016-05-05 21:48:16 [INFO] [Multiverse-Core] 5 - World(s) loaded.
2016-05-05 21:48:47 [INFO] [Multiverse-Core] - Version 2.4-b527 (API v14) Enabled - By Rigby, fernferret, lithium3141 and main--
2016-05-05 21:48:51 [INFO] [Multiverse-Core] Loading World & Settings - 'world' - Env: NORMAL - Type: FLAT & seed: -3083979623404973764
2016-05-05 21:48:51 [INFO] [Multiverse-Core] Loading World & Settings - 'world_nether' - Env: NETHER - Type: FLAT & seed: -4315406086328175024
2016-05-05 21:48:51 [INFO] [Multiverse-Core] Loading World & Settings - 'world_the_end' - Env: THE_END - Type: FLAT & seed: -4315406086328175024
2016-05-05 21:48:51 [INFO] [Multiverse-Core] Loading World & Settings - 'plotworld' - Env: NORMAL - Type: NORMAL & seed: 1483843031056246239 & generator: PlotMe
2016-05-05 21:48:51 [INFO] [Multiverse-Core] Loading World & Settings - 'eventos' - Env: NORMAL - Type: FLAT & seed: -4711516305468634534
2016-05-05 21:48:51 [INFO] [Multiverse-Core] 5 - World(s) loaded.
2016-05-05 22:06:53 [INFO] [Multiverse-Core] - Version 2.4-b527 (API v14) Enabled - By Rigby, fernferret, lithium3141 and main--
2016-05-05 22:06:54 [INFO] [Multiverse-Core] Loading World & Settings - 'world' - Env: NORMAL - Type: FLAT & seed: -3083979623404973764
2016-05-05 22:06:54 [INFO] [Multiverse-Core] Loading World & Settings - 'world_nether' - Env: NETHER - Type: FLAT & seed: -4315406086328175024
2016-05-05 22:06:55 [INFO] [Multiverse-Core] Loading World & Settings - 'world_the_end' - Env: THE_END - Type: FLAT & seed: -4315406086328175024
2016-05-05 22:06:56 [INFO] [Multiverse-Core] Loading World & Settings - 'plotworld' - Env: NORMAL - Type: NORMAL & seed: 1483843031056246239 & generator: PlotMe
2016-05-05 22:06:56 [INFO] [Multiverse-Core] Loading World & Settings - 'eventos' - Env: NORMAL - Type: FLAT & seed: -4711516305468634534
2016-05-05 22:06:57 [INFO] [Multiverse-Core] 5 - World(s) loaded.
2016-05-05 22:18:16 [INFO] [Multiverse-Core] - Version 2.4-b527 (API v14) Enabled - By Rigby, fernferret, lithium3141 and main--
2016-05-05 22:18:19 [INFO] [Multiverse-Core] Loading World & Settings - 'world' - Env: NORMAL - Type: FLAT & seed: -3083979623404973764
2016-05-05 22:18:19 [INFO] [Multiverse-Core] Loading World & Settings - 'world_nether' - Env: NETHER - Type: FLAT & seed: -4315406086328175024
2016-05-05 22:18:19 [INFO] [Multiverse-Core] Loading World & Settings - 'world_the_end' - Env: THE_END - Type: FLAT & seed: -4315406086328175024
2016-05-05 22:18:20 [INFO] [Multiverse-Core] Loading World & Settings - 'plotworld' - Env: NORMAL - Type: NORMAL & seed: 1483843031056246239 & generator: PlotMe
2016-05-05 22:18:20 [INFO] [Multiverse-Core] Loading World & Settings - 'eventos' - Env: NORMAL - Type: FLAT & seed: -4711516305468634534
2016-05-05 22:18:22 [INFO] [Multiverse-Core] 5 - World(s) loaded.
2016-05-06 07:10:23 [INFO] [Multiverse-Core] - Version 2.4-b527 (API v14) Enabled - By Rigby, fernferret, lithium3141 and main--
2016-05-06 07:10:25 [INFO] [Multiverse-Core] Loading World & Settings - 'world' - Env: NORMAL - Type: FLAT & seed: -3083979623404973764
2016-05-06 07:10:25 [INFO] [Multiverse-Core] Loading World & Settings - 'world_nether' - Env: NETHER - Type: FLAT & seed: -4315406086328175024
2016-05-06 07:10:26 [INFO] [Multiverse-Core] Loading World & Settings - 'world_the_end' - Env: THE_END - Type: FLAT & seed: -4315406086328175024
2016-05-06 07:10:27 [INFO] [Multiverse-Core] Loading World & Settings - 'plotworld' - Env: NORMAL - Type: NORMAL & seed: 1483843031056246239 & generator: PlotMe
2016-05-06 07:10:27 [INFO] [Multiverse-Core] Loading World & Settings - 'eventos' - Env: NORMAL - Type: FLAT & seed: -4711516305468634534
2016-05-06 07:10:28 [INFO] [Multiverse-Core] 5 - World(s) loaded.
2016-05-06 10:20:05 [INFO] [Multiverse-Core] - Version 2.4-b527 (API v14) Enabled - By Rigby, fernferret, lithium3141 and main--
2016-05-06 10:20:07 [INFO] [Multiverse-Core] Loading World & Settings - 'world' - Env: NORMAL - Type: FLAT & seed: -3083979623404973764
2016-05-06 10:20:08 [INFO] [Multiverse-Core] Loading World & Settings - 'world_nether' - Env: NETHER - Type: FLAT & seed: -4315406086328175024
2016-05-06 10:20:09 [INFO] [Multiverse-Core] Loading World & Settings - 'world_the_end' - Env: THE_END - Type: FLAT & seed: -4315406086328175024
2016-05-06 10:20:09 [INFO] [Multiverse-Core] Loading World & Settings - 'plotworld' - Env: NORMAL - Type: NORMAL & seed: 1483843031056246239 & generator: PlotMe
2016-05-06 10:20:10 [INFO] [Multiverse-Core] Loading World & Settings - 'eventos' - Env: NORMAL - Type: FLAT & seed: -4711516305468634534
2016-05-06 10:20:11 [INFO] [Multiverse-Core] 5 - World(s) loaded.
2016-05-06 10:22:33 [INFO] [Multiverse-Core] - Version 2.4-b527 (API v14) Enabled - By Rigby, fernferret, lithium3141 and main--
2016-05-06 10:22:36 [INFO] [Multiverse-Core] Loading World & Settings - 'world' - Env: NORMAL - Type: FLAT & seed: -3083979623404973764
2016-05-06 10:22:36 [INFO] [Multiverse-Core] Loading World & Settings - 'world_nether' - Env: NETHER - Type: FLAT & seed: -4315406086328175024
2016-05-06 10:22:37 [INFO] [Multiverse-Core] Loading World & Settings - 'world_the_end' - Env: THE_END - Type: FLAT & seed: -4315406086328175024
2016-05-06 10:22:38 [INFO] [Multiverse-Core] Loading World & Settings - 'plotworld' - Env: NORMAL - Type: NORMAL & seed: 1483843031056246239 & generator: PlotMe
2016-05-06 10:22:39 [INFO] [Multiverse-Core] Loading World & Settings - 'eventos' - Env: NORMAL - Type: FLAT & seed: -4711516305468634534
2016-05-06 10:22:40 [INFO] [Multiverse-Core] 5 - World(s) loaded.
2016-05-06 10:39:59 [INFO] [Multiverse-Core] - Version 2.4-b527 (API v14) Enabled - By Rigby, fernferret, lithium3141 and main--
2016-05-06 10:40:02 [INFO] [Multiverse-Core] Loading World & Settings - 'world' - Env: NORMAL - Type: FLAT & seed: -3083979623404973764
2016-05-06 10:40:02 [INFO] [Multiverse-Core] Loading World & Settings - 'world_nether' - Env: NETHER - Type: FLAT & seed: -4315406086328175024
2016-05-06 10:40:03 [INFO] [Multiverse-Core] Loading World & Settings - 'world_the_end' - Env: THE_END - Type: FLAT & seed: -4315406086328175024
2016-05-06 10:40:03 [INFO] [Multiverse-Core] Loading World & Settings - 'plotworld' - Env: NORMAL - Type: NORMAL & seed: 1483843031056246239 & generator: PlotMe
2016-05-06 10:40:04 [INFO] [Multiverse-Core] Loading World & Settings - 'eventos' - Env: NORMAL - Type: FLAT & seed: -4711516305468634534
2016-05-06 10:40:05 [INFO] [Multiverse-Core] 5 - World(s) loaded.
2016-05-06 10:58:51 [INFO] [Multiverse-Core] Loading World & Settings - 'world' - Env: NORMAL - Type: FLAT & seed: -3083979623404973764
2016-05-06 10:58:51 [INFO] [Multiverse-Core] Loading World & Settings - 'world_nether' - Env: NETHER - Type: FLAT & seed: -4315406086328175024
2016-05-06 10:58:52 [INFO] [Multiverse-Core] Loading World & Settings - 'world_the_end' - Env: THE_END - Type: FLAT & seed: -4315406086328175024
2016-05-06 10:58:53 [INFO] [Multiverse-Core] Loading World & Settings - 'plotworld' - Env: NORMAL - Type: NORMAL & seed: 1483843031056246239 & generator: PlotMe
2016-05-06 10:58:53 [INFO] [Multiverse-Core] Loading World & Settings - 'eventos' - Env: NORMAL - Type: FLAT & seed: -4711516305468634534
2016-05-06 10:58:54 [INFO] [Multiverse-Core] 5 - World(s) loaded.
2016-05-06 11:00:02 [INFO] [Multiverse-Core] Loading World & Settings - 'gladiador' - Env: NORMAL - Type: null
2016-05-06 11:00:03 [WARNING] [Multiverse-Core] Spawn location from world.dat file was unsafe. Adjusting...
2016-05-06 11:00:03 [WARNING] [Multiverse-Core] Original Location: X: -544 Y: 5 Z: 1,575 P: 0 Y: 0 
2016-05-06 11:00:03 [INFO] [Multiverse-Core] New Spawn for 'gladiador' is Located at: gladiador:-541.50,5.00,1577.50:0.00:0.00
2016-05-06 11:37:42 [INFO] [Multiverse-Core] - Version 2.4-b527 (API v14) Enabled - By Rigby, fernferret, lithium3141 and main--
2016-05-06 11:37:45 [INFO] [Multiverse-Core] Loading World & Settings - 'world' - Env: NORMAL - Type: FLAT & seed: -3083979623404973764
2016-05-06 11:37:45 [INFO] [Multiverse-Core] Loading World & Settings - 'world_nether' - Env: NETHER - Type: FLAT & seed: -4315406086328175024
2016-05-06 11:37:46 [INFO] [Multiverse-Core] Loading World & Settings - 'world_the_end' - Env: THE_END - Type: FLAT & seed: -4315406086328175024
2016-05-06 11:37:46 [INFO] [Multiverse-Core] Loading World & Settings - 'plotworld' - Env: NORMAL - Type: NORMAL & seed: 1483843031056246239 & generator: PlotMe
2016-05-06 11:37:47 [INFO] [Multiverse-Core] Loading World & Settings - 'eventos' - Env: NORMAL - Type: FLAT & seed: -4711516305468634534
2016-05-06 11:37:48 [INFO] [Multiverse-Core] Loading World & Settings - 'gladiador' - Env: NORMAL - Type: FLAT & seed: 0
2016-05-06 11:37:48 [INFO] [Multiverse-Core] 6 - World(s) loaded.
2016-05-06 11:44:43 [INFO] [Multiverse-Core] - Version 2.4-b527 (API v14) Enabled - By Rigby, fernferret, lithium3141 and main--
2016-05-06 11:44:45 [INFO] [Multiverse-Core] Loading World & Settings - 'world' - Env: NORMAL - Type: FLAT & seed: -3083979623404973764
2016-05-06 11:44:45 [INFO] [Multiverse-Core] Loading World & Settings - 'world_nether' - Env: NETHER - Type: FLAT & seed: -4315406086328175024
2016-05-06 11:44:46 [INFO] [Multiverse-Core] Loading World & Settings - 'world_the_end' - Env: THE_END - Type: FLAT & seed: -4315406086328175024
2016-05-06 11:44:46 [INFO] [Multiverse-Core] Loading World & Settings - 'plotworld' - Env: NORMAL - Type: NORMAL & seed: 1483843031056246239 & generator: PlotMe
2016-05-06 11:44:47 [INFO] [Multiverse-Core] Loading World & Settings - 'eventos' - Env: NORMAL - Type: FLAT & seed: -4711516305468634534
2016-05-06 11:44:48 [INFO] [Multiverse-Core] Loading World & Settings - 'gladiador' - Env: NORMAL - Type: FLAT & seed: 0
2016-05-06 11:44:49 [INFO] [Multiverse-Core] 6 - World(s) loaded.
2016-05-18 12:32:19 [INFO] [Multiverse-Core] - Version 2.4-b527 (API v14) Enabled - By Rigby, fernferret, lithium3141 and main--
2016-05-18 12:32:22 [INFO] [Multiverse-Core] Loading World & Settings - 'world' - Env: NORMAL - Type: FLAT & seed: -3083979623404973764
2016-05-18 12:32:22 [INFO] [Multiverse-Core] Loading World & Settings - 'world_nether' - Env: NETHER - Type: FLAT & seed: -4315406086328175024
2016-05-18 12:32:23 [INFO] [Multiverse-Core] Loading World & Settings - 'world_the_end' - Env: THE_END - Type: FLAT & seed: -4315406086328175024
2016-05-18 12:32:23 [INFO] [Multiverse-Core] Loading World & Settings - 'plotworld' - Env: NORMAL - Type: NORMAL & seed: 1483843031056246239 & generator: PlotMe
2016-05-18 12:32:24 [INFO] [Multiverse-Core] Loading World & Settings - 'eventos' - Env: NORMAL - Type: FLAT & seed: -4711516305468634534
2016-05-18 12:32:25 [INFO] [Multiverse-Core] Loading World & Settings - 'gladiador' - Env: NORMAL - Type: FLAT & seed: 0
2016-05-18 12:32:27 [INFO] [Multiverse-Core] 6 - World(s) loaded.
2016-05-18 12:37:18 [INFO] [Multiverse-Core] - Version 2.4-b527 (API v14) Enabled - By Rigby, fernferret, lithium3141 and main--
2016-05-18 12:37:21 [INFO] [Multiverse-Core] Loading World & Settings - 'world' - Env: NORMAL - Type: FLAT & seed: -3083979623404973764
2016-05-18 12:37:21 [INFO] [Multiverse-Core] Loading World & Settings - 'world_nether' - Env: NETHER - Type: FLAT & seed: -4315406086328175024
2016-05-18 12:37:22 [INFO] [Multiverse-Core] Loading World & Settings - 'world_the_end' - Env: THE_END - Type: FLAT & seed: -4315406086328175024
2016-05-18 12:37:22 [INFO] [Multiverse-Core] Loading World & Settings - 'plotworld' - Env: NORMAL - Type: NORMAL & seed: 1483843031056246239 & generator: PlotMe
2016-05-18 12:37:23 [INFO] [Multiverse-Core] Loading World & Settings - 'eventos' - Env: NORMAL - Type: FLAT & seed: -4711516305468634534
2016-05-18 12:37:23 [INFO] [Multiverse-Core] Loading World & Settings - 'gladiador' - Env: NORMAL - Type: FLAT & seed: 0
2016-05-18 12:37:24 [INFO] [Multiverse-Core] 6 - World(s) loaded.
2016-05-18 20:07:26 [INFO] [Multiverse-Core] - Version 2.4-b527 (API v14) Enabled - By Rigby, fernferret, lithium3141 and main--
2016-05-18 20:07:28 [INFO] [Multiverse-Core] Loading World & Settings - 'world' - Env: NORMAL - Type: FLAT & seed: -3083979623404973764
2016-05-18 20:07:28 [INFO] [Multiverse-Core] Loading World & Settings - 'world_nether' - Env: NETHER - Type: FLAT & seed: -4315406086328175024
2016-05-18 20:07:28 [INFO] [Multiverse-Core] Loading World & Settings - 'world_the_end' - Env: THE_END - Type: FLAT & seed: -4315406086328175024
2016-05-18 20:07:29 [INFO] [Multiverse-Core] Loading World & Settings - 'plotworld' - Env: NORMAL - Type: NORMAL & seed: 1483843031056246239 & generator: PlotMe
2016-05-18 20:07:29 [INFO] [Multiverse-Core] Loading World & Settings - 'eventos' - Env: NORMAL - Type: FLAT & seed: -4711516305468634534
2016-05-18 20:07:30 [INFO] [Multiverse-Core] Loading World & Settings - 'gladiador' - Env: NORMAL - Type: FLAT & seed: 0
2016-05-18 20:07:31 [INFO] [Multiverse-Core] 6 - World(s) loaded.
2016-05-18 20:14:15 [INFO] [Multiverse-Core] - Version 2.4-b527 (API v14) Enabled - By Rigby, fernferret, lithium3141 and main--
2016-05-18 20:14:17 [INFO] [Multiverse-Core] Loading World & Settings - 'world' - Env: NORMAL - Type: FLAT & seed: -3083979623404973764
2016-05-18 20:14:17 [INFO] [Multiverse-Core] Loading World & Settings - 'world_nether' - Env: NETHER - Type: FLAT & seed: -4315406086328175024
2016-05-18 20:14:18 [INFO] [Multiverse-Core] Loading World & Settings - 'world_the_end' - Env: THE_END - Type: FLAT & seed: -4315406086328175024
2016-05-18 20:14:18 [INFO] [Multiverse-Core] Loading World & Settings - 'plotworld' - Env: NORMAL - Type: NORMAL & seed: 1483843031056246239 & generator: PlotMe
2016-05-18 20:14:19 [INFO] [Multiverse-Core] Loading World & Settings - 'eventos' - Env: NORMAL - Type: FLAT & seed: -4711516305468634534
2016-05-18 20:14:20 [INFO] [Multiverse-Core] Loading World & Settings - 'gladiador' - Env: NORMAL - Type: FLAT & seed: 0
2016-05-18 20:14:21 [INFO] [Multiverse-Core] 6 - World(s) loaded.
2016-05-18 20:15:41 [INFO] [Multiverse-Core] - Version 2.4-b527 (API v14) Enabled - By Rigby, fernferret, lithium3141 and main--
2016-05-18 20:15:46 [INFO] [Multiverse-Core] Loading World & Settings - 'world' - Env: NORMAL - Type: FLAT & seed: -3083979623404973764
2016-05-18 20:15:46 [INFO] [Multiverse-Core] Loading World & Settings - 'world_nether' - Env: NETHER - Type: FLAT & seed: -4315406086328175024
2016-05-18 20:15:47 [INFO] [Multiverse-Core] Loading World & Settings - 'world_the_end' - Env: THE_END - Type: FLAT & seed: -4315406086328175024
2016-05-18 20:15:47 [INFO] [Multiverse-Core] Loading World & Settings - 'plotworld' - Env: NORMAL - Type: NORMAL & seed: 1483843031056246239 & generator: PlotMe
2016-05-18 20:15:47 [INFO] [Multiverse-Core] Loading World & Settings - 'eventos' - Env: NORMAL - Type: FLAT & seed: -4711516305468634534
2016-05-18 20:15:48 [INFO] [Multiverse-Core] Loading World & Settings - 'gladiador' - Env: NORMAL - Type: FLAT & seed: 0
2016-05-18 20:15:48 [INFO] [Multiverse-Core] 6 - World(s) loaded.
2016-05-18 20:20:17 [INFO] [Multiverse-Core] - Version 2.4-b527 (API v14) Enabled - By Rigby, fernferret, lithium3141 and main--
2016-05-18 20:20:23 [INFO] [Multiverse-Core] Loading World & Settings - 'world' - Env: NORMAL - Type: FLAT & seed: -3083979623404973764
2016-05-18 20:20:24 [INFO] [Multiverse-Core] Loading World & Settings - 'world_nether' - Env: NETHER - Type: FLAT & seed: -4315406086328175024
2016-05-18 20:20:25 [INFO] [Multiverse-Core] Loading World & Settings - 'world_the_end' - Env: THE_END - Type: FLAT & seed: -4315406086328175024
2016-05-18 20:20:26 [INFO] [Multiverse-Core] Loading World & Settings - 'plotworld' - Env: NORMAL - Type: NORMAL & seed: 1483843031056246239 & generator: PlotMe
2016-05-18 20:20:26 [INFO] [Multiverse-Core] Loading World & Settings - 'eventos' - Env: NORMAL - Type: FLAT & seed: -4711516305468634534
2016-05-18 20:20:27 [INFO] [Multiverse-Core] Loading World & Settings - 'gladiador' - Env: NORMAL - Type: FLAT & seed: 0
2016-05-18 20:20:28 [INFO] [Multiverse-Core] 6 - World(s) loaded.
2016-05-19 00:56:33 [INFO] [Multiverse-Core] - Version 2.4-b527 (API v14) Enabled - By Rigby, fernferret, lithium3141 and main--
2016-05-19 00:56:36 [INFO] [Multiverse-Core] Loading World & Settings - 'world' - Env: NORMAL - Type: FLAT & seed: -3083979623404973764
2016-05-19 00:56:36 [INFO] [Multiverse-Core] Loading World & Settings - 'world_nether' - Env: NETHER - Type: FLAT & seed: -4315406086328175024
2016-05-19 00:56:37 [INFO] [Multiverse-Core] Loading World & Settings - 'world_the_end' - Env: THE_END - Type: FLAT & seed: -4315406086328175024
2016-05-19 00:56:37 [INFO] [Multiverse-Core] Loading World & Settings - 'plotworld' - Env: NORMAL - Type: NORMAL & seed: 1483843031056246239 & generator: PlotMe
2016-05-19 00:56:38 [INFO] [Multiverse-Core] Loading World & Settings - 'eventos' - Env: NORMAL - Type: FLAT & seed: -4711516305468634534
2016-05-19 00:56:39 [INFO] [Multiverse-Core] Loading World & Settings - 'gladiador' - Env: NORMAL - Type: FLAT & seed: 0
2016-05-19 00:56:40 [INFO] [Multiverse-Core] 6 - World(s) loaded.
2016-05-19 01:03:27 [INFO] [Multiverse-Core] - Version 2.4-b527 (API v14) Enabled - By Rigby, fernferret, lithium3141 and main--
2016-05-19 01:03:31 [INFO] [Multiverse-Core] Loading World & Settings - 'world' - Env: NORMAL - Type: FLAT & seed: -3083979623404973764
2016-05-19 01:03:31 [INFO] [Multiverse-Core] Loading World & Settings - 'world_nether' - Env: NETHER - Type: FLAT & seed: -4315406086328175024
2016-05-19 01:03:32 [INFO] [Multiverse-Core] Loading World & Settings - 'world_the_end' - Env: THE_END - Type: FLAT & seed: -4315406086328175024
2016-05-19 01:03:32 [INFO] [Multiverse-Core] Loading World & Settings - 'plotworld' - Env: NORMAL - Type: NORMAL & seed: 1483843031056246239 & generator: PlotMe
2016-05-19 01:03:33 [INFO] [Multiverse-Core] Loading World & Settings - 'eventos' - Env: NORMAL - Type: FLAT & seed: -4711516305468634534
2016-05-19 01:03:33 [INFO] [Multiverse-Core] Loading World & Settings - 'gladiador' - Env: NORMAL - Type: FLAT & seed: 0
2016-05-19 01:03:33 [INFO] [Multiverse-Core] 6 - World(s) loaded.
2016-05-19 01:08:08 [INFO] [Multiverse-Core] - Version 2.4-b527 (API v14) Enabled - By Rigby, fernferret, lithium3141 and main--
2016-05-19 01:08:10 [INFO] [Multiverse-Core] Loading World & Settings - 'world' - Env: NORMAL - Type: FLAT & seed: -3083979623404973764
2016-05-19 01:08:10 [INFO] [Multiverse-Core] Loading World & Settings - 'world_nether' - Env: NETHER - Type: FLAT & seed: -4315406086328175024
2016-05-19 01:08:11 [INFO] [Multiverse-Core] Loading World & Settings - 'world_the_end' - Env: THE_END - Type: FLAT & seed: -4315406086328175024
2016-05-19 01:08:12 [INFO] [Multiverse-Core] Loading World & Settings - 'plotworld' - Env: NORMAL - Type: NORMAL & seed: 1483843031056246239 & generator: PlotMe
2016-05-19 01:08:12 [INFO] [Multiverse-Core] Loading World & Settings - 'eventos' - Env: NORMAL - Type: FLAT & seed: -4711516305468634534
2016-05-19 01:08:14 [INFO] [Multiverse-Core] Loading World & Settings - 'gladiador' - Env: NORMAL - Type: FLAT & seed: 0
2016-05-19 01:08:15 [INFO] [Multiverse-Core] 6 - World(s) loaded.
2016-05-19 12:51:37 [INFO] [Multiverse-Core] - Version 2.4-b527 (API v14) Enabled - By Rigby, fernferret, lithium3141 and main--
2016-05-19 12:51:39 [INFO] [Multiverse-Core] Loading World & Settings - 'world' - Env: NORMAL - Type: FLAT & seed: -3083979623404973764
2016-05-19 12:51:39 [INFO] [Multiverse-Core] Loading World & Settings - 'world_nether' - Env: NETHER - Type: FLAT & seed: -4315406086328175024
2016-05-19 12:51:40 [INFO] [Multiverse-Core] Loading World & Settings - 'world_the_end' - Env: THE_END - Type: FLAT & seed: -4315406086328175024
2016-05-19 12:51:41 [INFO] [Multiverse-Core] Loading World & Settings - 'plotworld' - Env: NORMAL - Type: NORMAL & seed: 1483843031056246239 & generator: PlotMe
2016-05-19 12:51:42 [INFO] [Multiverse-Core] Loading World & Settings - 'eventos' - Env: NORMAL - Type: FLAT & seed: -4711516305468634534
2016-05-19 12:51:43 [INFO] [Multiverse-Core] Loading World & Settings - 'gladiador' - Env: NORMAL - Type: FLAT & seed: 0
2016-05-19 12:51:45 [INFO] [Multiverse-Core] 6 - World(s) loaded.
2016-05-19 12:53:51 [INFO] [Multiverse-Core] - Version 2.4-b527 (API v14) Enabled - By Rigby, fernferret, lithium3141 and main--
2016-05-19 12:53:55 [INFO] [Multiverse-Core] Loading World & Settings - 'world' - Env: NORMAL - Type: FLAT & seed: -3083979623404973764
2016-05-19 12:53:56 [INFO] [Multiverse-Core] Loading World & Settings - 'world_nether' - Env: NETHER - Type: FLAT & seed: -4315406086328175024
2016-05-19 12:53:56 [INFO] [Multiverse-Core] Loading World & Settings - 'world_the_end' - Env: THE_END - Type: FLAT & seed: -4315406086328175024
2016-05-19 12:53:57 [INFO] [Multiverse-Core] Loading World & Settings - 'plotworld' - Env: NORMAL - Type: NORMAL & seed: 1483843031056246239 & generator: PlotMe
2016-05-19 12:53:57 [INFO] [Multiverse-Core] Loading World & Settings - 'eventos' - Env: NORMAL - Type: FLAT & seed: -4711516305468634534
2016-05-19 12:53:58 [INFO] [Multiverse-Core] Loading World & Settings - 'gladiador' - Env: NORMAL - Type: FLAT & seed: 0
2016-05-19 12:53:58 [INFO] [Multiverse-Core] 6 - World(s) loaded.
2016-05-19 21:37:12 [INFO] [Multiverse-Core] - Version 2.4-b527 (API v14) Enabled - By Rigby, fernferret, lithium3141 and main--
2016-05-19 21:37:15 [INFO] [Multiverse-Core] Loading World & Settings - 'world' - Env: NORMAL - Type: FLAT & seed: -3083979623404973764
2016-05-19 21:37:15 [INFO] [Multiverse-Core] Loading World & Settings - 'world_nether' - Env: NETHER - Type: FLAT & seed: -4315406086328175024
2016-05-19 21:37:17 [INFO] [Multiverse-Core] Loading World & Settings - 'world_the_end' - Env: THE_END - Type: FLAT & seed: -4315406086328175024
2016-05-19 21:37:18 [INFO] [Multiverse-Core] Loading World & Settings - 'plotworld' - Env: NORMAL - Type: NORMAL & seed: 1483843031056246239 & generator: PlotMe
2016-05-19 21:37:19 [INFO] [Multiverse-Core] Loading World & Settings - 'eventos' - Env: NORMAL - Type: FLAT & seed: -4711516305468634534
2016-05-19 21:37:22 [INFO] [Multiverse-Core] Loading World & Settings - 'gladiador' - Env: NORMAL - Type: FLAT & seed: 0
2016-05-19 21:37:25 [INFO] [Multiverse-Core] 6 - World(s) loaded.
2016-05-19 21:40:04 [INFO] [Multiverse-Core] - Version 2.4-b527 (API v14) Enabled - By Rigby, fernferret, lithium3141 and main--
2016-05-19 21:40:08 [INFO] [Multiverse-Core] Loading World & Settings - 'world' - Env: NORMAL - Type: FLAT & seed: -3083979623404973764
2016-05-19 21:40:08 [INFO] [Multiverse-Core] Loading World & Settings - 'world_nether' - Env: NETHER - Type: FLAT & seed: -4315406086328175024
2016-05-19 21:40:09 [INFO] [Multiverse-Core] Loading World & Settings - 'world_the_end' - Env: THE_END - Type: FLAT & seed: -4315406086328175024
2016-05-19 21:40:10 [INFO] [Multiverse-Core] Loading World & Settings - 'plotworld' - Env: NORMAL - Type: NORMAL & seed: 1483843031056246239 & generator: PlotMe
2016-05-19 21:40:11 [INFO] [Multiverse-Core] Loading World & Settings - 'eventos' - Env: NORMAL - Type: FLAT & seed: -4711516305468634534
2016-05-19 21:40:13 [INFO] [Multiverse-Core] Loading World & Settings - 'gladiador' - Env: NORMAL - Type: FLAT & seed: 0
2016-05-19 21:40:14 [INFO] [Multiverse-Core] 6 - World(s) loaded.
2016-05-19 21:48:05 [INFO] [Multiverse-Core] - Version 2.4-b527 (API v14) Enabled - By Rigby, fernferret, lithium3141 and main--
2016-05-19 21:48:07 [INFO] [Multiverse-Core] Loading World & Settings - 'world' - Env: NORMAL - Type: FLAT & seed: -3083979623404973764
2016-05-19 21:48:07 [INFO] [Multiverse-Core] Loading World & Settings - 'world_nether' - Env: NETHER - Type: FLAT & seed: -4315406086328175024
2016-05-19 21:48:08 [INFO] [Multiverse-Core] Loading World & Settings - 'world_the_end' - Env: THE_END - Type: FLAT & seed: -4315406086328175024
2016-05-19 21:48:08 [INFO] [Multiverse-Core] Loading World & Settings - 'plotworld' - Env: NORMAL - Type: NORMAL & seed: 1483843031056246239 & generator: PlotMe
2016-05-19 21:48:09 [INFO] [Multiverse-Core] Loading World & Settings - 'eventos' - Env: NORMAL - Type: FLAT & seed: -4711516305468634534
2016-05-19 21:48:11 [INFO] [Multiverse-Core] Loading World & Settings - 'gladiador' - Env: NORMAL - Type: FLAT & seed: 0
2016-05-19 21:48:12 [INFO] [Multiverse-Core] 6 - World(s) loaded.
2016-05-19 21:52:57 [INFO] [Multiverse-Core] - Version 2.4-b527 (API v14) Enabled - By Rigby, fernferret, lithium3141 and main--
2016-05-19 21:52:59 [INFO] [Multiverse-Core] Loading World & Settings - 'world' - Env: NORMAL - Type: FLAT & seed: -3083979623404973764
2016-05-19 21:53:00 [INFO] [Multiverse-Core] Loading World & Settings - 'world_nether' - Env: NETHER - Type: FLAT & seed: -4315406086328175024
2016-05-19 21:53:01 [INFO] [Multiverse-Core] Loading World & Settings - 'world_the_end' - Env: THE_END - Type: FLAT & seed: -4315406086328175024
2016-05-19 21:53:01 [INFO] [Multiverse-Core] Loading World & Settings - 'plotworld' - Env: NORMAL - Type: NORMAL & seed: 1483843031056246239 & generator: PlotMe
2016-05-19 21:53:02 [INFO] [Multiverse-Core] Loading World & Settings - 'eventos' - Env: NORMAL - Type: FLAT & seed: -4711516305468634534
2016-05-19 21:53:02 [INFO] [Multiverse-Core] Loading World & Settings - 'gladiador' - Env: NORMAL - Type: FLAT & seed: 0
2016-05-19 21:53:04 [INFO] [Multiverse-Core] 6 - World(s) loaded.
2016-05-19 23:00:42 [INFO] [Multiverse-Core] - Version 2.4-b527 (API v14) Enabled - By Rigby, fernferret, lithium3141 and main--
2016-05-19 23:00:44 [INFO] [Multiverse-Core] Loading World & Settings - 'world' - Env: NORMAL - Type: FLAT & seed: -3083979623404973764
2016-05-19 23:00:44 [INFO] [Multiverse-Core] Loading World & Settings - 'world_nether' - Env: NETHER - Type: FLAT & seed: -4315406086328175024
2016-05-19 23:00:46 [INFO] [Multiverse-Core] Loading World & Settings - 'world_the_end' - Env: THE_END - Type: FLAT & seed: -4315406086328175024
2016-05-19 23:00:46 [INFO] [Multiverse-Core] Loading World & Settings - 'plotworld' - Env: NORMAL - Type: NORMAL & seed: 1483843031056246239 & generator: PlotMe
2016-05-19 23:00:47 [INFO] [Multiverse-Core] Loading World & Settings - 'eventos' - Env: NORMAL - Type: FLAT & seed: -4711516305468634534
2016-05-19 23:00:49 [INFO] [Multiverse-Core] Loading World & Settings - 'gladiador' - Env: NORMAL - Type: FLAT & seed: 0
2016-05-19 23:00:50 [INFO] [Multiverse-Core] 6 - World(s) loaded.
2016-05-19 23:13:45 [INFO] [Multiverse-Core] - Version 2.4-b527 (API v14) Enabled - By Rigby, fernferret, lithium3141 and main--
2016-05-19 23:13:47 [INFO] [Multiverse-Core] Loading World & Settings - 'world' - Env: NORMAL - Type: FLAT & seed: -3083979623404973764
2016-05-19 23:13:47 [INFO] [Multiverse-Core] Loading World & Settings - 'world_nether' - Env: NETHER - Type: FLAT & seed: -4315406086328175024
2016-05-19 23:13:48 [INFO] [Multiverse-Core] Loading World & Settings - 'world_the_end' - Env: THE_END - Type: FLAT & seed: -4315406086328175024
2016-05-19 23:13:48 [INFO] [Multiverse-Core] Loading World & Settings - 'plotworld' - Env: NORMAL - Type: NORMAL & seed: 1483843031056246239 & generator: PlotMe
2016-05-19 23:13:49 [INFO] [Multiverse-Core] Loading World & Settings - 'eventos' - Env: NORMAL - Type: FLAT & seed: -4711516305468634534
2016-05-19 23:13:51 [INFO] [Multiverse-Core] Loading World & Settings - 'gladiador' - Env: NORMAL - Type: FLAT & seed: 0
2016-05-19 23:13:53 [INFO] [Multiverse-Core] 6 - World(s) loaded.
2016-05-19 23:21:44 [INFO] [Multiverse-Core] - Version 2.4-b527 (API v14) Enabled - By Rigby, fernferret, lithium3141 and main--
2016-05-19 23:21:45 [INFO] [Multiverse-Core] Loading World & Settings - 'world' - Env: NORMAL - Type: FLAT & seed: -3083979623404973764
2016-05-19 23:21:45 [INFO] [Multiverse-Core] Loading World & Settings - 'world_nether' - Env: NETHER - Type: FLAT & seed: -4315406086328175024
2016-05-19 23:21:46 [INFO] [Multiverse-Core] Loading World & Settings - 'world_the_end' - Env: THE_END - Type: FLAT & seed: -4315406086328175024
2016-05-19 23:21:47 [INFO] [Multiverse-Core] Loading World & Settings - 'plotworld' - Env: NORMAL - Type: NORMAL & seed: 1483843031056246239 & generator: PlotMe
2016-05-19 23:22:05 [INFO] [Multiverse-Core] Loading World & Settings - 'eventos' - Env: NORMAL - Type: FLAT & seed: -4711516305468634534
2016-05-19 23:22:08 [INFO] [Multiverse-Core] Loading World & Settings - 'gladiador' - Env: NORMAL - Type: FLAT & seed: 0
2016-05-19 23:22:09 [INFO] [Multiverse-Core] 6 - World(s) loaded.
2016-05-19 23:23:18 [INFO] [Multiverse-Core] Loading World & Settings - 'terrenos' - Env: NORMAL - Type: null
2016-05-20 00:00:07 [INFO] [Multiverse-Core] Loading World & Settings - 'world' - Env: NORMAL - Type: FLAT & seed: -3083979623404973764
2016-05-20 00:00:07 [INFO] [Multiverse-Core] Loading World & Settings - 'world_nether' - Env: NETHER - Type: FLAT & seed: -4315406086328175024
2016-05-20 00:00:08 [INFO] [Multiverse-Core] Loading World & Settings - 'world_the_end' - Env: THE_END - Type: FLAT & seed: -4315406086328175024
2016-05-20 00:00:08 [INFO] [Multiverse-Core] Loading World & Settings - 'plotworld' - Env: NORMAL - Type: NORMAL & seed: 1483843031056246239 & generator: PlotMe
2016-05-20 00:00:08 [WARNING] [Multiverse-Core] Spawn location from world.dat file was unsafe. Adjusting...
2016-05-20 00:00:08 [WARNING] [Multiverse-Core] Original Location: X: 3 Y: 66 Z: 3 P: 0 Y: 0 
2016-05-20 00:00:08 [INFO] [Multiverse-Core] New Spawn for 'plotworld' is Located at: plotworld:4.50,66.00,4.50:0.00:0.00
2016-05-20 00:00:09 [INFO] [Multiverse-Core] Loading World & Settings - 'eventos' - Env: NORMAL - Type: FLAT & seed: -4711516305468634534
2016-05-20 00:00:10 [INFO] [Multiverse-Core] Loading World & Settings - 'gladiador' - Env: NORMAL - Type: FLAT & seed: 0
2016-05-20 00:00:11 [INFO] [Multiverse-Core] Loading World & Settings - 'terrenos' - Env: NORMAL - Type: FLAT & seed: -4918226679233821864
2016-05-20 00:00:11 [WARNING] [Multiverse-Core] Spawn location from world.dat file was unsafe. Adjusting...
2016-05-20 00:00:11 [WARNING] [Multiverse-Core] Original Location: X: 106 Y: 4 Z: -43 P: 0 Y: 0 
2016-05-20 00:00:11 [INFO] [Multiverse-Core] New Spawn for 'terrenos' is Located at: terrenos:107.50,4.00,-41.50:0.00:0.00
2016-05-20 00:00:13 [INFO] [Multiverse-Core] 7 - World(s) loaded.
2016-05-20 07:51:02 [INFO] [Multiverse-Core] - Version 2.4-b527 (API v14) Enabled - By Rigby, fernferret, lithium3141 and main--
2016-05-20 07:51:03 [INFO] [Multiverse-Core] Loading World & Settings - 'world' - Env: NORMAL - Type: FLAT & seed: -3083979623404973764
2016-05-20 07:51:03 [INFO] [Multiverse-Core] Loading World & Settings - 'world_nether' - Env: NETHER - Type: FLAT & seed: -4315406086328175024
2016-05-20 07:51:04 [INFO] [Multiverse-Core] Loading World & Settings - 'world_the_end' - Env: THE_END - Type: FLAT & seed: -4315406086328175024
2016-05-20 07:51:04 [INFO] [Multiverse-Core] Loading World & Settings - 'plotworld' - Env: NORMAL - Type: NORMAL & seed: 1483843031056246239 & generator: PlotMe
2016-05-20 07:51:06 [INFO] [Multiverse-Core] Loading World & Settings - 'eventos' - Env: NORMAL - Type: FLAT & seed: -4711516305468634534
2016-05-20 07:51:08 [INFO] [Multiverse-Core] Loading World & Settings - 'gladiador' - Env: NORMAL - Type: FLAT & seed: 0
2016-05-20 07:51:09 [INFO] [Multiverse-Core] Loading World & Settings - 'terrenos' - Env: NORMAL - Type: FLAT & seed: -4918226679233821864
2016-05-20 07:51:11 [INFO] [Multiverse-Core] 7 - World(s) loaded.
2016-05-20 07:53:47 [INFO] [Multiverse-Core] - Version 2.4-b527 (API v14) Enabled - By Rigby, fernferret, lithium3141 and main--
2016-05-20 07:53:48 [INFO] [Multiverse-Core] Loading World & Settings - 'world' - Env: NORMAL - Type: FLAT & seed: -3083979623404973764
2016-05-20 07:53:48 [INFO] [Multiverse-Core] Loading World & Settings - 'world_nether' - Env: NETHER - Type: FLAT & seed: -4315406086328175024
2016-05-20 07:53:49 [INFO] [Multiverse-Core] Loading World & Settings - 'world_the_end' - Env: THE_END - Type: FLAT & seed: -4315406086328175024
2016-05-20 07:53:50 [INFO] [Multiverse-Core] Loading World & Settings - 'plotworld' - Env: NORMAL - Type: NORMAL & seed: 1483843031056246239 & generator: PlotMe
2016-05-20 07:53:52 [INFO] [Multiverse-Core] Loading World & Settings - 'eventos' - Env: NORMAL - Type: FLAT & seed: -4711516305468634534
2016-05-20 07:53:53 [INFO] [Multiverse-Core] Loading World & Settings - 'gladiador' - Env: NORMAL - Type: FLAT & seed: 0
2016-05-20 07:53:55 [INFO] [Multiverse-Core] Loading World & Settings - 'terrenos' - Env: NORMAL - Type: FLAT & seed: -4918226679233821864
2016-05-20 07:53:56 [INFO] [Multiverse-Core] 7 - World(s) loaded.
2016-05-20 08:02:55 [INFO] [Multiverse-Core] World 'plotworld' was unloaded from memory.
2016-05-20 08:02:55 [INFO] [Multiverse-Core] World 'plotworld' was removed from config.yml
2016-05-20 08:07:17 [INFO] [Multiverse-Core] - Version 2.4-b527 (API v14) Enabled - By Rigby, fernferret, lithium3141 and main--
2016-05-20 08:07:18 [INFO] [Multiverse-Core] Loading World & Settings - 'world' - Env: NORMAL - Type: FLAT & seed: -3083979623404973764
2016-05-20 08:07:19 [INFO] [Multiverse-Core] Loading World & Settings - 'world_nether' - Env: NETHER - Type: FLAT & seed: -4315406086328175024
2016-05-20 08:07:19 [INFO] [Multiverse-Core] Loading World & Settings - 'world_the_end' - Env: THE_END - Type: FLAT & seed: -4315406086328175024
2016-05-20 08:07:19 [INFO] [Multiverse-Core] Loading World & Settings - 'eventos' - Env: NORMAL - Type: FLAT & seed: -4711516305468634534
2016-05-20 08:07:20 [INFO] [Multiverse-Core] Loading World & Settings - 'gladiador' - Env: NORMAL - Type: FLAT & seed: 0
2016-05-20 08:07:20 [INFO] [Multiverse-Core] Loading World & Settings - 'terrenos' - Env: NORMAL - Type: FLAT & seed: -4918226679233821864
2016-05-20 08:07:21 [INFO] [Multiverse-Core] 6 - World(s) loaded.
2016-05-20 08:23:11 [INFO] [Multiverse-Core] - Version 2.4-b527 (API v14) Enabled - By Rigby, fernferret, lithium3141 and main--
2016-05-20 08:23:12 [INFO] [Multiverse-Core] Loading World & Settings - 'world' - Env: NORMAL - Type: FLAT & seed: -3083979623404973764
2016-05-20 08:23:13 [INFO] [Multiverse-Core] Loading World & Settings - 'world_nether' - Env: NETHER - Type: FLAT & seed: -4315406086328175024
2016-05-20 08:23:13 [INFO] [Multiverse-Core] Loading World & Settings - 'world_the_end' - Env: THE_END - Type: FLAT & seed: -4315406086328175024
2016-05-20 08:23:14 [INFO] [Multiverse-Core] Loading World & Settings - 'eventos' - Env: NORMAL - Type: FLAT & seed: -4711516305468634534
2016-05-20 08:23:15 [INFO] [Multiverse-Core] Loading World & Settings - 'gladiador' - Env: NORMAL - Type: FLAT & seed: 0
2016-05-20 08:23:16 [INFO] [Multiverse-Core] Loading World & Settings - 'terrenos' - Env: NORMAL - Type: FLAT & seed: -4918226679233821864
2016-05-20 08:23:17 [INFO] [Multiverse-Core] 6 - World(s) loaded.
2016-05-22 17:30:51 [INFO] [Multiverse-Core] - Version 2.4-b527 (API v14) Enabled - By Rigby, fernferret, lithium3141 and main--
2016-05-22 17:30:52 [INFO] [Multiverse-Core] Loading World & Settings - 'world' - Env: NORMAL - Type: FLAT & seed: -3083979623404973764
2016-05-22 17:30:52 [INFO] [Multiverse-Core] Loading World & Settings - 'world_nether' - Env: NETHER - Type: FLAT & seed: -4315406086328175024
2016-05-22 17:30:53 [INFO] [Multiverse-Core] Loading World & Settings - 'world_the_end' - Env: THE_END - Type: FLAT & seed: -4315406086328175024
2016-05-22 17:30:53 [INFO] [Multiverse-Core] Loading World & Settings - 'eventos' - Env: NORMAL - Type: FLAT & seed: -4711516305468634534
2016-05-22 17:30:55 [INFO] [Multiverse-Core] Loading World & Settings - 'gladiador' - Env: NORMAL - Type: FLAT & seed: 0
2016-05-22 17:30:56 [INFO] [Multiverse-Core] Loading World & Settings - 'terrenos' - Env: NORMAL - Type: FLAT & seed: -4918226679233821864
2016-05-22 17:30:58 [INFO] [Multiverse-Core] 6 - World(s) loaded.
2016-05-22 17:32:39 [INFO] [Multiverse-Core] - Version 2.4-b527 (API v14) Enabled - By Rigby, fernferret, lithium3141 and main--
2016-05-22 17:32:40 [INFO] [Multiverse-Core] Loading World & Settings - 'world' - Env: NORMAL - Type: FLAT & seed: -3083979623404973764
2016-05-22 17:32:40 [INFO] [Multiverse-Core] Loading World & Settings - 'world_nether' - Env: NETHER - Type: FLAT & seed: -4315406086328175024
2016-05-22 17:32:41 [INFO] [Multiverse-Core] Loading World & Settings - 'world_the_end' - Env: THE_END - Type: FLAT & seed: -4315406086328175024
2016-05-22 17:32:41 [INFO] [Multiverse-Core] Loading World & Settings - 'eventos' - Env: NORMAL - Type: FLAT & seed: -4711516305468634534
2016-05-22 17:32:42 [INFO] [Multiverse-Core] Loading World & Settings - 'gladiador' - Env: NORMAL - Type: FLAT & seed: 0
2016-05-22 17:32:42 [INFO] [Multiverse-Core] Loading World & Settings - 'terrenos' - Env: NORMAL - Type: FLAT & seed: -4918226679233821864
2016-05-22 17:32:43 [INFO] [Multiverse-Core] 6 - World(s) loaded.
2016-05-22 19:07:07 [INFO] [Multiverse-Core] - Version 2.4-b527 (API v14) Enabled - By Rigby, fernferret, lithium3141 and main--
2016-05-22 19:07:08 [INFO] [Multiverse-Core] Loading World & Settings - 'world' - Env: NORMAL - Type: FLAT & seed: -3083979623404973764
2016-05-22 19:07:08 [INFO] [Multiverse-Core] Loading World & Settings - 'world_nether' - Env: NETHER - Type: FLAT & seed: -4315406086328175024
2016-05-22 19:07:17 [INFO] [Multiverse-Core] Loading World & Settings - 'world_the_end' - Env: THE_END - Type: FLAT & seed: -4315406086328175024
2016-05-22 19:07:18 [INFO] [Multiverse-Core] Loading World & Settings - 'eventos' - Env: NORMAL - Type: FLAT & seed: -4711516305468634534
2016-05-22 19:07:19 [INFO] [Multiverse-Core] Loading World & Settings - 'gladiador' - Env: NORMAL - Type: FLAT & seed: 0
2016-05-22 19:07:20 [INFO] [Multiverse-Core] Loading World & Settings - 'terrenos' - Env: NORMAL - Type: FLAT & seed: -4918226679233821864
2016-05-22 19:07:21 [INFO] [Multiverse-Core] 6 - World(s) loaded.
2016-05-22 19:08:42 [INFO] [Multiverse-Core] - Version 2.4-b527 (API v14) Enabled - By Rigby, fernferret, lithium3141 and main--
2016-05-22 19:08:43 [INFO] [Multiverse-Core] Loading World & Settings - 'world' - Env: NORMAL - Type: FLAT & seed: -3083979623404973764
2016-05-22 19:08:43 [INFO] [Multiverse-Core] Loading World & Settings - 'world_nether' - Env: NETHER - Type: FLAT & seed: -4315406086328175024
2016-05-22 19:08:44 [INFO] [Multiverse-Core] Loading World & Settings - 'world_the_end' - Env: THE_END - Type: FLAT & seed: -4315406086328175024
2016-05-22 19:08:45 [INFO] [Multiverse-Core] Loading World & Settings - 'eventos' - Env: NORMAL - Type: FLAT & seed: -4711516305468634534
2016-05-22 19:08:46 [INFO] [Multiverse-Core] Loading World & Settings - 'gladiador' - Env: NORMAL - Type: FLAT & seed: 0
2016-05-22 19:08:47 [INFO] [Multiverse-Core] Loading World & Settings - 'terrenos' - Env: NORMAL - Type: FLAT & seed: -4918226679233821864
2016-05-22 19:08:48 [INFO] [Multiverse-Core] 6 - World(s) loaded.
2016-05-22 19:10:39 [INFO] [Multiverse-Core] - Version 2.4-b527 (API v14) Enabled - By Rigby, fernferret, lithium3141 and main--
2016-05-22 19:10:40 [INFO] [Multiverse-Core] Loading World & Settings - 'world' - Env: NORMAL - Type: FLAT & seed: -3083979623404973764
2016-05-22 19:10:40 [INFO] [Multiverse-Core] Loading World & Settings - 'world_nether' - Env: NETHER - Type: FLAT & seed: -4315406086328175024
2016-05-22 19:10:41 [INFO] [Multiverse-Core] Loading World & Settings - 'world_the_end' - Env: THE_END - Type: FLAT & seed: -4315406086328175024
2016-05-22 19:10:42 [INFO] [Multiverse-Core] Loading World & Settings - 'eventos' - Env: NORMAL - Type: FLAT & seed: -4711516305468634534
2016-05-22 19:10:43 [INFO] [Multiverse-Core] Loading World & Settings - 'gladiador' - Env: NORMAL - Type: FLAT & seed: 0
2016-05-22 19:10:44 [INFO] [Multiverse-Core] Loading World & Settings - 'terrenos' - Env: NORMAL - Type: FLAT & seed: -4918226679233821864
2016-05-22 19:10:44 [INFO] [Multiverse-Core] 6 - World(s) loaded.
2016-05-22 19:12:25 [INFO] [Multiverse-Core] - Version 2.4-b527 (API v14) Enabled - By Rigby, fernferret, lithium3141 and main--
2016-05-22 19:12:26 [INFO] [Multiverse-Core] Loading World & Settings - 'world' - Env: NORMAL - Type: FLAT & seed: -3083979623404973764
2016-05-22 19:12:26 [INFO] [Multiverse-Core] Loading World & Settings - 'world_nether' - Env: NETHER - Type: FLAT & seed: -4315406086328175024
2016-05-22 19:12:27 [INFO] [Multiverse-Core] Loading World & Settings - 'world_the_end' - Env: THE_END - Type: FLAT & seed: -4315406086328175024
2016-05-22 19:12:29 [INFO] [Multiverse-Core] Loading World & Settings - 'eventos' - Env: NORMAL - Type: FLAT & seed: -4711516305468634534
2016-05-22 19:12:31 [INFO] [Multiverse-Core] Loading World & Settings - 'gladiador' - Env: NORMAL - Type: FLAT & seed: 0
2016-05-22 19:12:35 [INFO] [Multiverse-Core] Loading World & Settings - 'terrenos' - Env: NORMAL - Type: FLAT & seed: -4918226679233821864
2016-05-22 19:12:37 [INFO] [Multiverse-Core] 6 - World(s) loaded.
2016-05-23 12:44:21 [INFO] [Multiverse-Core] - Version 2.4-b527 (API v14) Enabled - By Rigby, fernferret, lithium3141 and main--
2016-05-23 12:44:22 [INFO] [Multiverse-Core] Loading World & Settings - 'world' - Env: NORMAL - Type: FLAT & seed: -3083979623404973764
2016-05-23 12:44:22 [INFO] [Multiverse-Core] Loading World & Settings - 'world_nether' - Env: NETHER - Type: FLAT & seed: -4315406086328175024
2016-05-23 12:44:23 [INFO] [Multiverse-Core] Loading World & Settings - 'world_the_end' - Env: THE_END - Type: FLAT & seed: -4315406086328175024
2016-05-23 12:44:23 [INFO] [Multiverse-Core] Loading World & Settings - 'eventos' - Env: NORMAL - Type: FLAT & seed: -4711516305468634534
2016-05-23 12:44:24 [INFO] [Multiverse-Core] Loading World & Settings - 'gladiador' - Env: NORMAL - Type: FLAT & seed: 0
2016-05-23 12:44:26 [INFO] [Multiverse-Core] Loading World & Settings - 'terrenos' - Env: NORMAL - Type: FLAT & seed: -4918226679233821864
2016-05-23 12:44:27 [INFO] [Multiverse-Core] 6 - World(s) loaded.
2016-05-23 12:48:33 [INFO] [Multiverse-Core] - Version 2.4-b527 (API v14) Enabled - By Rigby, fernferret, lithium3141 and main--
2016-05-23 12:48:34 [INFO] [Multiverse-Core] Loading World & Settings - 'world' - Env: NORMAL - Type: FLAT & seed: -3083979623404973764
2016-05-23 12:48:34 [INFO] [Multiverse-Core] Loading World & Settings - 'world_nether' - Env: NETHER - Type: FLAT & seed: -4315406086328175024
2016-05-23 12:48:35 [INFO] [Multiverse-Core] Loading World & Settings - 'world_the_end' - Env: THE_END - Type: FLAT & seed: -4315406086328175024
2016-05-23 12:48:35 [INFO] [Multiverse-Core] Loading World & Settings - 'eventos' - Env: NORMAL - Type: FLAT & seed: -4711516305468634534
2016-05-23 12:48:36 [INFO] [Multiverse-Core] Loading World & Settings - 'gladiador' - Env: NORMAL - Type: FLAT & seed: 0
2016-05-23 12:48:37 [INFO] [Multiverse-Core] Loading World & Settings - 'terrenos' - Env: NORMAL - Type: FLAT & seed: -4918226679233821864
2016-05-23 12:48:37 [INFO] [Multiverse-Core] 6 - World(s) loaded.
2016-05-23 12:50:35 [INFO] [Multiverse-Core] - Version 2.4-b527 (API v14) Enabled - By Rigby, fernferret, lithium3141 and main--
2016-05-23 12:50:37 [INFO] [Multiverse-Core] Loading World & Settings - 'world' - Env: NORMAL - Type: FLAT & seed: -3083979623404973764
2016-05-23 12:50:37 [INFO] [Multiverse-Core] Loading World & Settings - 'world_nether' - Env: NETHER - Type: FLAT & seed: -4315406086328175024
2016-05-23 12:50:38 [INFO] [Multiverse-Core] Loading World & Settings - 'world_the_end' - Env: THE_END - Type: FLAT & seed: -4315406086328175024
2016-05-23 12:50:38 [INFO] [Multiverse-Core] Loading World & Settings - 'eventos' - Env: NORMAL - Type: FLAT & seed: -4711516305468634534
2016-05-23 12:50:39 [INFO] [Multiverse-Core] Loading World & Settings - 'gladiador' - Env: NORMAL - Type: FLAT & seed: 0
2016-05-23 12:50:40 [INFO] [Multiverse-Core] Loading World & Settings - 'terrenos' - Env: NORMAL - Type: FLAT & seed: -4918226679233821864
2016-05-23 12:50:41 [INFO] [Multiverse-Core] 6 - World(s) loaded.
2016-05-23 19:35:25 [INFO] [Multiverse-Core] - Version 2.4-b527 (API v14) Enabled - By Rigby, fernferret, lithium3141 and main--
2016-05-23 19:35:26 [INFO] [Multiverse-Core] Loading World & Settings - 'world' - Env: NORMAL - Type: FLAT & seed: -3083979623404973764
2016-05-23 19:35:26 [INFO] [Multiverse-Core] Loading World & Settings - 'world_nether' - Env: NETHER - Type: FLAT & seed: -4315406086328175024
2016-05-23 19:35:27 [INFO] [Multiverse-Core] Loading World & Settings - 'world_the_end' - Env: THE_END - Type: FLAT & seed: -4315406086328175024
2016-05-23 19:35:28 [INFO] [Multiverse-Core] Loading World & Settings - 'eventos' - Env: NORMAL - Type: FLAT & seed: -4711516305468634534
2016-05-23 19:35:29 [INFO] [Multiverse-Core] Loading World & Settings - 'gladiador' - Env: NORMAL - Type: FLAT & seed: 0
2016-05-23 19:35:31 [INFO] [Multiverse-Core] Loading World & Settings - 'terrenos' - Env: NORMAL - Type: FLAT & seed: -4918226679233821864
2016-05-23 19:35:32 [INFO] [Multiverse-Core] 6 - World(s) loaded.
2016-05-23 20:08:28 [INFO] [Multiverse-Core] - Version 2.4-b527 (API v14) Enabled - By Rigby, fernferret, lithium3141 and main--
2016-05-23 20:08:30 [INFO] [Multiverse-Core] Loading World & Settings - 'world' - Env: NORMAL - Type: FLAT & seed: -3083979623404973764
2016-05-23 20:08:30 [INFO] [Multiverse-Core] Loading World & Settings - 'world_nether' - Env: NETHER - Type: FLAT & seed: -4315406086328175024
2016-05-23 20:08:31 [INFO] [Multiverse-Core] Loading World & Settings - 'world_the_end' - Env: THE_END - Type: FLAT & seed: -4315406086328175024
2016-05-23 20:08:31 [INFO] [Multiverse-Core] Loading World & Settings - 'eventos' - Env: NORMAL - Type: FLAT & seed: -4711516305468634534
2016-05-23 20:08:33 [INFO] [Multiverse-Core] Loading World & Settings - 'gladiador' - Env: NORMAL - Type: FLAT & seed: 0
2016-05-23 20:08:34 [INFO] [Multiverse-Core] Loading World & Settings - 'terrenos' - Env: NORMAL - Type: FLAT & seed: -4918226679233821864
2016-05-23 20:08:35 [INFO] [Multiverse-Core] 6 - World(s) loaded.
2016-05-23 20:13:25 [INFO] [Multiverse-Core] - Version 2.4-b527 (API v14) Enabled - By Rigby, fernferret, lithium3141 and main--
2016-05-23 20:19:36 [INFO] [Multiverse-Core] - Version 2.4-b527 (API v14) Enabled - By Rigby, fernferret, lithium3141 and main--
2016-05-23 20:19:38 [INFO] [Multiverse-Core] Loading World & Settings - 'world' - Env: NORMAL - Type: FLAT & seed: -3083979623404973764
2016-05-23 20:19:38 [INFO] [Multiverse-Core] Loading World & Settings - 'world_nether' - Env: NETHER - Type: FLAT & seed: -4315406086328175024
2016-05-23 20:19:40 [INFO] [Multiverse-Core] Loading World & Settings - 'world_the_end' - Env: THE_END - Type: FLAT & seed: -4315406086328175024
2016-05-23 20:19:41 [INFO] [Multiverse-Core] Loading World & Settings - 'eventos' - Env: NORMAL - Type: FLAT & seed: -4711516305468634534
2016-05-23 20:19:42 [INFO] [Multiverse-Core] Loading World & Settings - 'gladiador' - Env: NORMAL - Type: FLAT & seed: 0
2016-05-23 20:19:43 [INFO] [Multiverse-Core] Loading World & Settings - 'terrenos' - Env: NORMAL - Type: FLAT & seed: -4918226679233821864
2016-05-23 20:19:45 [INFO] [Multiverse-Core] 6 - World(s) loaded.
2016-05-23 20:28:32 [INFO] [Multiverse-Core] - Version 2.4-b527 (API v14) Enabled - By Rigby, fernferret, lithium3141 and main--
2016-05-23 20:28:33 [INFO] [Multiverse-Core] Loading World & Settings - 'world' - Env: NORMAL - Type: FLAT & seed: -3083979623404973764
2016-05-23 20:28:33 [INFO] [Multiverse-Core] Loading World & Settings - 'world_nether' - Env: NETHER - Type: FLAT & seed: -4315406086328175024
2016-05-23 20:28:36 [INFO] [Multiverse-Core] Loading World & Settings - 'world_the_end' - Env: THE_END - Type: FLAT & seed: -4315406086328175024
2016-05-23 20:28:36 [INFO] [Multiverse-Core] Loading World & Settings - 'eventos' - Env: NORMAL - Type: FLAT & seed: -4711516305468634534
2016-05-23 20:28:41 [INFO] [Multiverse-Core] Loading World & Settings - 'gladiador' - Env: NORMAL - Type: FLAT & seed: 0
2016-05-23 20:28:43 [INFO] [Multiverse-Core] Loading World & Settings - 'terrenos' - Env: NORMAL - Type: FLAT & seed: -4918226679233821864
2016-05-23 20:28:44 [INFO] [Multiverse-Core] 6 - World(s) loaded.
2016-05-23 20:36:58 [INFO] [Multiverse-Core] - Version 2.4-b527 (API v14) Enabled - By Rigby, fernferret, lithium3141 and main--
2016-05-23 20:36:59 [INFO] [Multiverse-Core] Loading World & Settings - 'world' - Env: NORMAL - Type: FLAT & seed: -3083979623404973764
2016-05-23 20:36:59 [INFO] [Multiverse-Core] Loading World & Settings - 'world_nether' - Env: NETHER - Type: FLAT & seed: -4315406086328175024
2016-05-23 20:37:01 [INFO] [Multiverse-Core] Loading World & Settings - 'world_the_end' - Env: THE_END - Type: FLAT & seed: -4315406086328175024
2016-05-23 20:37:02 [INFO] [Multiverse-Core] Loading World & Settings - 'eventos' - Env: NORMAL - Type: FLAT & seed: -4711516305468634534
2016-05-23 20:37:04 [INFO] [Multiverse-Core] Loading World & Settings - 'gladiador' - Env: NORMAL - Type: FLAT & seed: 0
2016-05-23 20:37:05 [INFO] [Multiverse-Core] Loading World & Settings - 'terrenos' - Env: NORMAL - Type: FLAT & seed: -4918226679233821864
2016-05-23 20:37:07 [INFO] [Multiverse-Core] 6 - World(s) loaded.
2016-05-24 11:47:08 [INFO] [Multiverse-Core] - Version 2.4-b527 (API v14) Enabled - By Rigby, fernferret, lithium3141 and main--
2016-05-24 11:47:09 [INFO] [Multiverse-Core] Loading World & Settings - 'world' - Env: NORMAL - Type: FLAT & seed: -3083979623404973764
2016-05-24 11:47:10 [INFO] [Multiverse-Core] Loading World & Settings - 'world_nether' - Env: NETHER - Type: FLAT & seed: -4315406086328175024
2016-05-24 11:47:11 [INFO] [Multiverse-Core] Loading World & Settings - 'world_the_end' - Env: THE_END - Type: FLAT & seed: -4315406086328175024
2016-05-24 11:47:11 [INFO] [Multiverse-Core] Loading World & Settings - 'eventos' - Env: NORMAL - Type: FLAT & seed: -4711516305468634534
2016-05-24 11:47:12 [INFO] [Multiverse-Core] Loading World & Settings - 'gladiador' - Env: NORMAL - Type: FLAT & seed: 0
2016-05-24 11:47:14 [INFO] [Multiverse-Core] Loading World & Settings - 'terrenos' - Env: NORMAL - Type: FLAT & seed: -4918226679233821864
2016-05-24 11:47:15 [INFO] [Multiverse-Core] 6 - World(s) loaded.
2016-05-24 12:02:42 [INFO] [Multiverse-Core] - Version 2.4-b527 (API v14) Enabled - By Rigby, fernferret, lithium3141 and main--
2016-05-24 12:02:44 [INFO] [Multiverse-Core] Loading World & Settings - 'world' - Env: NORMAL - Type: FLAT & seed: -3083979623404973764
2016-05-24 12:02:44 [INFO] [Multiverse-Core] Loading World & Settings - 'world_nether' - Env: NETHER - Type: FLAT & seed: -4315406086328175024
2016-05-24 12:02:46 [INFO] [Multiverse-Core] Loading World & Settings - 'world_the_end' - Env: THE_END - Type: FLAT & seed: -4315406086328175024
2016-05-24 12:02:46 [INFO] [Multiverse-Core] Loading World & Settings - 'eventos' - Env: NORMAL - Type: FLAT & seed: -4711516305468634534
2016-05-24 12:02:48 [INFO] [Multiverse-Core] Loading World & Settings - 'gladiador' - Env: NORMAL - Type: FLAT & seed: 0
2016-05-24 12:02:50 [INFO] [Multiverse-Core] Loading World & Settings - 'terrenos' - Env: NORMAL - Type: FLAT & seed: -4918226679233821864
2016-05-24 12:02:52 [INFO] [Multiverse-Core] 6 - World(s) loaded.
2016-05-24 12:16:06 [INFO] [Multiverse-Core] - Version 2.4-b527 (API v14) Enabled - By Rigby, fernferret, lithium3141 and main--
2016-05-24 12:16:08 [INFO] [Multiverse-Core] Loading World & Settings - 'world' - Env: NORMAL - Type: FLAT & seed: -3083979623404973764
2016-05-24 12:16:09 [INFO] [Multiverse-Core] Loading World & Settings - 'world_nether' - Env: NETHER - Type: FLAT & seed: -4315406086328175024
2016-05-24 12:16:10 [INFO] [Multiverse-Core] Loading World & Settings - 'world_the_end' - Env: THE_END - Type: FLAT & seed: -4315406086328175024
2016-05-24 12:16:11 [INFO] [Multiverse-Core] Loading World & Settings - 'eventos' - Env: NORMAL - Type: FLAT & seed: -4711516305468634534
2016-05-24 12:16:13 [INFO] [Multiverse-Core] Loading World & Settings - 'gladiador' - Env: NORMAL - Type: FLAT & seed: 0
2016-05-24 12:16:15 [INFO] [Multiverse-Core] Loading World & Settings - 'terrenos' - Env: NORMAL - Type: FLAT & seed: -4918226679233821864
2016-05-24 12:16:16 [INFO] [Multiverse-Core] 6 - World(s) loaded.
2016-05-24 12:21:59 [INFO] [Multiverse-Core] - Version 2.4-b527 (API v14) Enabled - By Rigby, fernferret, lithium3141 and main--
2016-05-24 12:22:02 [INFO] [Multiverse-Core] Loading World & Settings - 'world' - Env: NORMAL - Type: FLAT & seed: -3083979623404973764
2016-05-24 12:22:03 [INFO] [Multiverse-Core] Loading World & Settings - 'world_nether' - Env: NETHER - Type: FLAT & seed: -4315406086328175024
2016-05-24 12:22:04 [INFO] [Multiverse-Core] Loading World & Settings - 'world_the_end' - Env: THE_END - Type: FLAT & seed: -4315406086328175024
2016-05-24 12:22:04 [INFO] [Multiverse-Core] Loading World & Settings - 'eventos' - Env: NORMAL - Type: FLAT & seed: -4711516305468634534
2016-05-24 12:22:05 [INFO] [Multiverse-Core] Loading World & Settings - 'gladiador' - Env: NORMAL - Type: FLAT & seed: 0
2016-05-24 12:22:06 [INFO] [Multiverse-Core] Loading World & Settings - 'terrenos' - Env: NORMAL - Type: FLAT & seed: -4918226679233821864
2016-05-24 12:22:07 [INFO] [Multiverse-Core] 6 - World(s) loaded.
2016-05-24 12:54:30 [INFO] [Multiverse-Core] - Version 2.4-b527 (API v14) Enabled - By Rigby, fernferret, lithium3141 and main--
2016-05-24 12:54:32 [INFO] [Multiverse-Core] Loading World & Settings - 'world' - Env: NORMAL - Type: FLAT & seed: -3083979623404973764
2016-05-24 12:54:33 [INFO] [Multiverse-Core] Loading World & Settings - 'world_nether' - Env: NETHER - Type: FLAT & seed: -4315406086328175024
2016-05-24 12:54:35 [INFO] [Multiverse-Core] Loading World & Settings - 'world_the_end' - Env: THE_END - Type: FLAT & seed: -4315406086328175024
2016-05-24 12:54:36 [INFO] [Multiverse-Core] Loading World & Settings - 'eventos' - Env: NORMAL - Type: FLAT & seed: -4711516305468634534
2016-05-24 12:54:38 [INFO] [Multiverse-Core] Loading World & Settings - 'gladiador' - Env: NORMAL - Type: FLAT & seed: 0
2016-05-24 12:54:39 [INFO] [Multiverse-Core] Loading World & Settings - 'terrenos' - Env: NORMAL - Type: FLAT & seed: -4918226679233821864
2016-05-24 12:54:41 [INFO] [Multiverse-Core] 6 - World(s) loaded.
2016-05-24 13:16:36 [INFO] [Multiverse-Core] - Version 2.4-b527 (API v14) Enabled - By Rigby, fernferret, lithium3141 and main--
2016-05-24 13:16:38 [INFO] [Multiverse-Core] Loading World & Settings - 'world' - Env: NORMAL - Type: FLAT & seed: -3083979623404973764
2016-05-24 13:16:38 [INFO] [Multiverse-Core] Loading World & Settings - 'world_nether' - Env: NETHER - Type: FLAT & seed: -4315406086328175024
2016-05-24 13:16:40 [INFO] [Multiverse-Core] Loading World & Settings - 'world_the_end' - Env: THE_END - Type: FLAT & seed: -4315406086328175024
2016-05-24 13:16:41 [INFO] [Multiverse-Core] Loading World & Settings - 'eventos' - Env: NORMAL - Type: FLAT & seed: -4711516305468634534
2016-05-24 13:16:43 [INFO] [Multiverse-Core] Loading World & Settings - 'gladiador' - Env: NORMAL - Type: FLAT & seed: 0
2016-05-24 13:16:45 [INFO] [Multiverse-Core] Loading World & Settings - 'terrenos' - Env: NORMAL - Type: FLAT & seed: -4918226679233821864
2016-05-24 13:16:47 [INFO] [Multiverse-Core] 6 - World(s) loaded.
2016-05-26 15:30:56 [INFO] [Multiverse-Core] - Version 2.4-b527 (API v14) Enabled - By Rigby, fernferret, lithium3141 and main--
2016-05-26 15:30:57 [INFO] [Multiverse-Core] Loading World & Settings - 'world' - Env: NORMAL - Type: FLAT & seed: -3083979623404973764
2016-05-26 15:30:57 [INFO] [Multiverse-Core] Loading World & Settings - 'world_nether' - Env: NETHER - Type: FLAT & seed: -4315406086328175024
2016-05-26 15:30:58 [INFO] [Multiverse-Core] Loading World & Settings - 'world_the_end' - Env: THE_END - Type: FLAT & seed: -4315406086328175024
2016-05-26 15:30:59 [INFO] [Multiverse-Core] Loading World & Settings - 'eventos' - Env: NORMAL - Type: FLAT & seed: -4711516305468634534
2016-05-26 15:31:00 [INFO] [Multiverse-Core] Loading World & Settings - 'gladiador' - Env: NORMAL - Type: FLAT & seed: 0
2016-05-26 15:31:01 [INFO] [Multiverse-Core] Loading World & Settings - 'terrenos' - Env: NORMAL - Type: FLAT & seed: -4918226679233821864
2016-05-26 15:31:02 [INFO] [Multiverse-Core] 6 - World(s) loaded.
2016-05-26 15:34:51 [INFO] [Multiverse-Core] - Version 2.4-b527 (API v14) Enabled - By Rigby, fernferret, lithium3141 and main--
2016-05-26 15:34:52 [INFO] [Multiverse-Core] Loading World & Settings - 'world' - Env: NORMAL - Type: FLAT & seed: -3083979623404973764
2016-05-26 15:34:52 [INFO] [Multiverse-Core] Loading World & Settings - 'world_nether' - Env: NETHER - Type: FLAT & seed: -4315406086328175024
2016-05-26 15:34:54 [INFO] [Multiverse-Core] Loading World & Settings - 'world_the_end' - Env: THE_END - Type: FLAT & seed: -4315406086328175024
2016-05-26 15:34:54 [INFO] [Multiverse-Core] Loading World & Settings - 'eventos' - Env: NORMAL - Type: FLAT & seed: -4711516305468634534
2016-05-26 15:34:56 [INFO] [Multiverse-Core] Loading World & Settings - 'gladiador' - Env: NORMAL - Type: FLAT & seed: 0
2016-05-26 15:34:57 [INFO] [Multiverse-Core] Loading World & Settings - 'terrenos' - Env: NORMAL - Type: FLAT & seed: -4918226679233821864
2016-05-26 15:34:58 [INFO] [Multiverse-Core] 6 - World(s) loaded.
2016-05-26 16:49:24 [INFO] [Multiverse-Core] - Version 2.4-b527 (API v14) Enabled - By Rigby, fernferret, lithium3141 and main--
2016-05-26 16:49:25 [INFO] [Multiverse-Core] Loading World & Settings - 'world' - Env: NORMAL - Type: FLAT & seed: -3083979623404973764
2016-05-26 16:49:25 [INFO] [Multiverse-Core] Loading World & Settings - 'world_nether' - Env: NETHER - Type: FLAT & seed: -4315406086328175024
2016-05-26 16:49:26 [INFO] [Multiverse-Core] Loading World & Settings - 'world_the_end' - Env: THE_END - Type: FLAT & seed: -4315406086328175024
2016-05-26 16:49:26 [INFO] [Multiverse-Core] Loading World & Settings - 'eventos' - Env: NORMAL - Type: FLAT & seed: -4711516305468634534
2016-05-26 16:49:27 [INFO] [Multiverse-Core] Loading World & Settings - 'gladiador' - Env: NORMAL - Type: FLAT & seed: 0
2016-05-26 16:49:28 [INFO] [Multiverse-Core] Loading World & Settings - 'terrenos' - Env: NORMAL - Type: FLAT & seed: -4918226679233821864
2016-05-26 16:49:29 [INFO] [Multiverse-Core] 6 - World(s) loaded.
2016-05-26 16:52:19 [INFO] [Multiverse-Core] - Version 2.4-b527 (API v14) Enabled - By Rigby, fernferret, lithium3141 and main--
2016-05-26 16:52:20 [INFO] [Multiverse-Core] Loading World & Settings - 'world' - Env: NORMAL - Type: FLAT & seed: -3083979623404973764
2016-05-26 16:52:20 [INFO] [Multiverse-Core] Loading World & Settings - 'world_nether' - Env: NETHER - Type: FLAT & seed: -4315406086328175024
2016-05-26 16:52:21 [INFO] [Multiverse-Core] Loading World & Settings - 'world_the_end' - Env: THE_END - Type: FLAT & seed: -4315406086328175024
2016-05-26 16:52:21 [INFO] [Multiverse-Core] Loading World & Settings - 'eventos' - Env: NORMAL - Type: FLAT & seed: -4711516305468634534
2016-05-26 16:52:22 [INFO] [Multiverse-Core] Loading World & Settings - 'gladiador' - Env: NORMAL - Type: FLAT & seed: 0
2016-05-26 16:52:23 [INFO] [Multiverse-Core] Loading World & Settings - 'terrenos' - Env: NORMAL - Type: FLAT & seed: -4918226679233821864
2016-05-26 16:52:24 [INFO] [Multiverse-Core] 6 - World(s) loaded.
2016-05-26 17:19:41 [INFO] [Multiverse-Core] - Version 2.4-b527 (API v14) Enabled - By Rigby, fernferret, lithium3141 and main--
2016-05-26 17:19:42 [INFO] [Multiverse-Core] Loading World & Settings - 'world' - Env: NORMAL - Type: FLAT & seed: -3083979623404973764
2016-05-26 17:19:42 [INFO] [Multiverse-Core] Loading World & Settings - 'world_nether' - Env: NETHER - Type: FLAT & seed: -4315406086328175024
2016-05-26 17:19:43 [INFO] [Multiverse-Core] Loading World & Settings - 'world_the_end' - Env: THE_END - Type: FLAT & seed: -4315406086328175024
2016-05-26 17:19:43 [INFO] [Multiverse-Core] Loading World & Settings - 'eventos' - Env: NORMAL - Type: FLAT & seed: -4711516305468634534
2016-05-26 17:19:45 [INFO] [Multiverse-Core] Loading World & Settings - 'gladiador' - Env: NORMAL - Type: FLAT & seed: 0
2016-05-26 17:19:46 [INFO] [Multiverse-Core] Loading World & Settings - 'terrenos' - Env: NORMAL - Type: FLAT & seed: -4918226679233821864
2016-05-26 17:19:46 [INFO] [Multiverse-Core] 6 - World(s) loaded.
2016-05-26 17:22:57 [INFO] [Multiverse-Core] - Version 2.4-b527 (API v14) Enabled - By Rigby, fernferret, lithium3141 and main--
2016-05-26 17:22:58 [INFO] [Multiverse-Core] Loading World & Settings - 'world' - Env: NORMAL - Type: FLAT & seed: -3083979623404973764
2016-05-26 17:22:59 [INFO] [Multiverse-Core] Loading World & Settings - 'world_nether' - Env: NETHER - Type: FLAT & seed: -4315406086328175024
2016-05-26 17:22:59 [INFO] [Multiverse-Core] Loading World & Settings - 'world_the_end' - Env: THE_END - Type: FLAT & seed: -4315406086328175024
2016-05-26 17:22:59 [INFO] [Multiverse-Core] Loading World & Settings - 'eventos' - Env: NORMAL - Type: FLAT & seed: -4711516305468634534
2016-05-26 17:23:00 [INFO] [Multiverse-Core] Loading World & Settings - 'gladiador' - Env: NORMAL - Type: FLAT & seed: 0
2016-05-26 17:23:00 [INFO] [Multiverse-Core] Loading World & Settings - 'terrenos' - Env: NORMAL - Type: FLAT & seed: -4918226679233821864
2016-05-26 17:23:01 [INFO] [Multiverse-Core] 6 - World(s) loaded.
2016-07-05 10:33:30 [INFO] [Multiverse-Core] - Version 2.4-b527 (API v14) Enabled - By Rigby, fernferret, lithium3141 and main--
2016-07-05 10:33:31 [INFO] [Multiverse-Core] Loading World & Settings - 'world' - Env: NORMAL - Type: FLAT & seed: -3083979623404973764
2016-07-05 10:33:31 [INFO] [Multiverse-Core] Loading World & Settings - 'world_nether' - Env: NETHER - Type: FLAT & seed: -4315406086328175024
2016-07-05 10:33:32 [INFO] [Multiverse-Core] Loading World & Settings - 'world_the_end' - Env: THE_END - Type: FLAT & seed: -4315406086328175024
2016-07-05 10:33:32 [INFO] [Multiverse-Core] Loading World & Settings - 'eventos' - Env: NORMAL - Type: FLAT & seed: -4711516305468634534
2016-07-05 10:33:34 [INFO] [Multiverse-Core] Loading World & Settings - 'gladiador' - Env: NORMAL - Type: FLAT & seed: 0
2016-07-05 10:33:35 [INFO] [Multiverse-Core] Loading World & Settings - 'terrenos' - Env: NORMAL - Type: FLAT & seed: -4918226679233821864
2016-07-05 10:33:36 [INFO] [Multiverse-Core] 6 - World(s) loaded.
2016-07-05 10:53:35 [INFO] [Multiverse-Core] - Version 2.4-b527 (API v14) Enabled - By Rigby, fernferret, lithium3141 and main--
2016-07-05 10:53:35 [INFO] [Multiverse-Core] Loading World & Settings - 'world' - Env: NORMAL - Type: FLAT & seed: -3083979623404973764
2016-07-05 10:53:35 [INFO] [Multiverse-Core] Loading World & Settings - 'world_nether' - Env: NETHER - Type: FLAT & seed: -4315406086328175024
2016-07-05 10:53:37 [INFO] [Multiverse-Core] Loading World & Settings - 'world_the_end' - Env: THE_END - Type: FLAT & seed: -4315406086328175024
2016-07-05 10:53:37 [INFO] [Multiverse-Core] Loading World & Settings - 'eventos' - Env: NORMAL - Type: FLAT & seed: -4711516305468634534
2016-07-05 10:53:38 [INFO] [Multiverse-Core] Loading World & Settings - 'gladiador' - Env: NORMAL - Type: FLAT & seed: 0
2016-07-05 10:53:39 [INFO] [Multiverse-Core] Loading World & Settings - 'terrenos' - Env: NORMAL - Type: FLAT & seed: -4918226679233821864
2016-07-05 10:53:40 [INFO] [Multiverse-Core] 6 - World(s) loaded.
2016-07-06 15:35:57 [INFO] [Multiverse-Core] - Version 2.4-b527 (API v14) Enabled - By Rigby, fernferret, lithium3141 and main--
2016-07-06 15:35:58 [INFO] [Multiverse-Core] Loading World & Settings - 'world' - Env: NORMAL - Type: FLAT & seed: -3083979623404973764
2016-07-06 15:35:58 [INFO] [Multiverse-Core] Loading World & Settings - 'world_nether' - Env: NETHER - Type: FLAT & seed: -4315406086328175024
2016-07-06 15:36:00 [INFO] [Multiverse-Core] Loading World & Settings - 'world_the_end' - Env: THE_END - Type: FLAT & seed: -4315406086328175024
2016-07-06 15:36:00 [INFO] [Multiverse-Core] Loading World & Settings - 'eventos' - Env: NORMAL - Type: FLAT & seed: -4711516305468634534
2016-07-06 15:36:01 [INFO] [Multiverse-Core] Loading World & Settings - 'gladiador' - Env: NORMAL - Type: FLAT & seed: 0
2016-07-06 15:36:02 [INFO] [Multiverse-Core] Loading World & Settings - 'terrenos' - Env: NORMAL - Type: FLAT & seed: -4918226679233821864
2016-07-06 15:36:03 [INFO] [Multiverse-Core] 6 - World(s) loaded.
2016-07-07 10:17:54 [INFO] [Multiverse-Core] - Version 2.4-b527 (API v14) Enabled - By Rigby, fernferret, lithium3141 and main--
2016-07-07 10:17:55 [INFO] [Multiverse-Core] Loading World & Settings - 'world' - Env: NORMAL - Type: FLAT & seed: -3083979623404973764
2016-07-07 10:17:55 [INFO] [Multiverse-Core] Loading World & Settings - 'world_nether' - Env: NETHER - Type: FLAT & seed: -4315406086328175024
2016-07-07 10:17:56 [INFO] [Multiverse-Core] Loading World & Settings - 'world_the_end' - Env: THE_END - Type: FLAT & seed: -4315406086328175024
2016-07-07 10:17:57 [INFO] [Multiverse-Core] Loading World & Settings - 'eventos' - Env: NORMAL - Type: FLAT & seed: -4711516305468634534
2016-07-07 10:17:59 [INFO] [Multiverse-Core] Loading World & Settings - 'gladiador' - Env: NORMAL - Type: FLAT & seed: 0
2016-07-07 10:18:00 [INFO] [Multiverse-Core] Loading World & Settings - 'terrenos' - Env: NORMAL - Type: FLAT & seed: -4918226679233821864
2016-07-07 10:18:01 [INFO] [Multiverse-Core] 6 - World(s) loaded.
2016-07-12 11:51:55 [INFO] [Multiverse-Core] - Version 2.4-b527 (API v14) Enabled - By Rigby, fernferret, lithium3141 and main--
2016-07-12 11:51:55 [INFO] [Multiverse-Core] Loading World & Settings - 'world' - Env: NORMAL - Type: FLAT & seed: -3083979623404973764
2016-07-12 11:51:55 [INFO] [Multiverse-Core] Loading World & Settings - 'world_nether' - Env: NETHER - Type: FLAT & seed: -4315406086328175024
2016-07-12 11:51:57 [INFO] [Multiverse-Core] Loading World & Settings - 'world_the_end' - Env: THE_END - Type: FLAT & seed: -4315406086328175024
2016-07-12 11:51:57 [INFO] [Multiverse-Core] Loading World & Settings - 'eventos' - Env: NORMAL - Type: FLAT & seed: -4711516305468634534
2016-07-12 11:51:58 [INFO] [Multiverse-Core] Loading World & Settings - 'gladiador' - Env: NORMAL - Type: FLAT & seed: 0
2016-07-12 11:51:59 [INFO] [Multiverse-Core] Loading World & Settings - 'terrenos' - Env: NORMAL - Type: FLAT & seed: -4918226679233821864
2016-07-12 11:52:00 [INFO] [Multiverse-Core] 6 - World(s) loaded.
2016-08-27 20:25:32 [INFO] [Multiverse-Core] - Version 2.4-b527 (API v14) Enabled - By Rigby, fernferret, lithium3141 and main--
2016-08-27 20:25:33 [INFO] [Multiverse-Core] Loading World & Settings - 'world' - Env: NORMAL - Type: FLAT & seed: -3083979623404973764
2016-08-27 20:25:33 [INFO] [Multiverse-Core] Loading World & Settings - 'world_nether' - Env: NETHER - Type: FLAT & seed: -4315406086328175024
2016-08-27 20:25:34 [INFO] [Multiverse-Core] Loading World & Settings - 'world_the_end' - Env: THE_END - Type: FLAT & seed: -4315406086328175024
2016-08-27 20:25:34 [INFO] [Multiverse-Core] Loading World & Settings - 'eventos' - Env: NORMAL - Type: FLAT & seed: -4711516305468634534
2016-08-27 20:25:35 [INFO] [Multiverse-Core] Loading World & Settings - 'gladiador' - Env: NORMAL - Type: FLAT & seed: 0
2016-08-27 20:25:37 [INFO] [Multiverse-Core] Loading World & Settings - 'terrenos' - Env: NORMAL - Type: FLAT & seed: -4918226679233821864
2016-08-27 20:25:38 [INFO] [Multiverse-Core] 6 - World(s) loaded.
2016-08-27 20:42:42 [INFO] [Multiverse-Core] - Version 2.4-b527 (API v14) Enabled - By Rigby, fernferret, lithium3141 and main--
2016-08-27 20:42:43 [INFO] [Multiverse-Core] Loading World & Settings - 'world' - Env: NORMAL - Type: FLAT & seed: -3083979623404973764
2016-08-27 20:42:43 [INFO] [Multiverse-Core] Loading World & Settings - 'world_nether' - Env: NETHER - Type: FLAT & seed: -4315406086328175024
2016-08-27 20:42:44 [INFO] [Multiverse-Core] Loading World & Settings - 'world_the_end' - Env: THE_END - Type: FLAT & seed: -4315406086328175024
2016-08-27 20:42:44 [INFO] [Multiverse-Core] Loading World & Settings - 'eventos' - Env: NORMAL - Type: FLAT & seed: -4711516305468634534
2016-08-27 20:42:45 [INFO] [Multiverse-Core] Loading World & Settings - 'gladiador' - Env: NORMAL - Type: FLAT & seed: 0
2016-08-27 20:42:46 [INFO] [Multiverse-Core] Loading World & Settings - 'terrenos' - Env: NORMAL - Type: FLAT & seed: -4918226679233821864
2016-08-27 20:42:46 [INFO] [Multiverse-Core] 6 - World(s) loaded.
2016-08-27 20:47:05 [INFO] [Multiverse-Core] - Version 2.4-b527 (API v14) Enabled - By Rigby, fernferret, lithium3141 and main--
2016-08-27 20:47:06 [INFO] [Multiverse-Core] Loading World & Settings - 'world' - Env: NORMAL - Type: FLAT & seed: -3083979623404973764
2016-08-27 20:47:07 [INFO] [Multiverse-Core] Loading World & Settings - 'world_nether' - Env: NETHER - Type: FLAT & seed: -4315406086328175024
2016-08-27 20:47:07 [INFO] [Multiverse-Core] Loading World & Settings - 'world_the_end' - Env: THE_END - Type: FLAT & seed: -4315406086328175024
2016-08-27 20:47:07 [INFO] [Multiverse-Core] Loading World & Settings - 'eventos' - Env: NORMAL - Type: FLAT & seed: -4711516305468634534
2016-08-27 20:47:08 [INFO] [Multiverse-Core] Loading World & Settings - 'gladiador' - Env: NORMAL - Type: FLAT & seed: 0
2016-08-27 20:47:08 [INFO] [Multiverse-Core] Loading World & Settings - 'terrenos' - Env: NORMAL - Type: FLAT & seed: -4918226679233821864
2016-08-27 20:47:09 [INFO] [Multiverse-Core] 6 - World(s) loaded.
2016-08-28 11:07:30 [INFO] [Multiverse-Core] - Version 2.4-b527 (API v14) Enabled - By Rigby, fernferret, lithium3141 and main--
2016-08-28 11:07:31 [INFO] [Multiverse-Core] Loading World & Settings - 'world' - Env: NORMAL - Type: FLAT & seed: -3083979623404973764
2016-08-28 11:07:31 [INFO] [Multiverse-Core] Loading World & Settings - 'world_nether' - Env: NETHER - Type: FLAT & seed: -4315406086328175024
2016-08-28 11:07:32 [INFO] [Multiverse-Core] Loading World & Settings - 'world_the_end' - Env: THE_END - Type: FLAT & seed: -4315406086328175024
2016-08-28 11:07:33 [INFO] [Multiverse-Core] Loading World & Settings - 'eventos' - Env: NORMAL - Type: FLAT & seed: -4711516305468634534
2016-08-28 11:07:34 [INFO] [Multiverse-Core] Loading World & Settings - 'gladiador' - Env: NORMAL - Type: FLAT & seed: 0
2016-08-28 11:07:36 [INFO] [Multiverse-Core] Loading World & Settings - 'terrenos' - Env: NORMAL - Type: FLAT & seed: -4918226679233821864
2016-08-28 11:07:37 [INFO] [Multiverse-Core] 6 - World(s) loaded.
2016-08-28 11:11:36 [INFO] [Multiverse-Core] - Version 2.4-b527 (API v14) Enabled - By Rigby, fernferret, lithium3141 and main--
2016-08-28 11:11:38 [INFO] [Multiverse-Core] Loading World & Settings - 'world' - Env: NORMAL - Type: FLAT & seed: -3083979623404973764
2016-08-28 11:11:38 [INFO] [Multiverse-Core] Loading World & Settings - 'world_nether' - Env: NETHER - Type: FLAT & seed: -4315406086328175024
2016-08-28 11:11:38 [INFO] [Multiverse-Core] Loading World & Settings - 'world_the_end' - Env: THE_END - Type: FLAT & seed: -4315406086328175024
2016-08-28 11:11:39 [INFO] [Multiverse-Core] Loading World & Settings - 'eventos' - Env: NORMAL - Type: FLAT & seed: -4711516305468634534
2016-08-28 11:11:39 [INFO] [Multiverse-Core] Loading World & Settings - 'gladiador' - Env: NORMAL - Type: FLAT & seed: 0
2016-08-28 11:11:40 [INFO] [Multiverse-Core] Loading World & Settings - 'terrenos' - Env: NORMAL - Type: FLAT & seed: -4918226679233821864
2016-08-28 11:11:40 [INFO] [Multiverse-Core] 6 - World(s) loaded.
2016-08-28 11:12:20 [INFO] [Multiverse-Core] Loading World & Settings - 'dudu' - Env: NORMAL - Type: null
2016-08-28 11:14:22 [INFO] [Multiverse-Core] World 'dudu' was unloaded from memory.
2016-08-28 11:14:22 [INFO] [Multiverse-Core] World 'dudu' was removed from config.yml
2016-08-28 11:14:53 [INFO] [Multiverse-Core] - Version 2.4-b527 (API v14) Enabled - By Rigby, fernferret, lithium3141 and main--
2016-08-28 11:14:54 [INFO] [Multiverse-Core] Loading World & Settings - 'world' - Env: NORMAL - Type: FLAT & seed: -3083979623404973764
2016-08-28 11:14:54 [INFO] [Multiverse-Core] Loading World & Settings - 'world_nether' - Env: NETHER - Type: FLAT & seed: -4315406086328175024
2016-08-28 11:14:55 [INFO] [Multiverse-Core] Loading World & Settings - 'world_the_end' - Env: THE_END - Type: FLAT & seed: -4315406086328175024
2016-08-28 11:14:55 [INFO] [Multiverse-Core] Loading World & Settings - 'eventos' - Env: NORMAL - Type: FLAT & seed: -4711516305468634534
2016-08-28 11:14:56 [INFO] [Multiverse-Core] Loading World & Settings - 'gladiador' - Env: NORMAL - Type: FLAT & seed: 0
2016-08-28 11:14:57 [INFO] [Multiverse-Core] Loading World & Settings - 'terrenos' - Env: NORMAL - Type: FLAT & seed: -4918226679233821864
2016-08-28 11:14:58 [INFO] [Multiverse-Core] 6 - World(s) loaded.
2016-08-28 11:17:41 [INFO] [Multiverse-Core] Loading World & Settings - 'spawnpvp' - Env: NORMAL - Type: null
2016-08-28 20:30:35 [INFO] [Multiverse-Core] - Version 2.4-b527 (API v14) Enabled - By Rigby, fernferret, lithium3141 and main--
2016-08-28 20:30:36 [INFO] [Multiverse-Core] Loading World & Settings - 'world' - Env: NORMAL - Type: FLAT & seed: -3083979623404973764
2016-08-28 20:30:36 [INFO] [Multiverse-Core] Loading World & Settings - 'world_nether' - Env: NETHER - Type: FLAT & seed: -4315406086328175024
2016-08-28 20:30:37 [INFO] [Multiverse-Core] Loading World & Settings - 'world_the_end' - Env: THE_END - Type: FLAT & seed: -4315406086328175024
2016-08-28 20:30:37 [INFO] [Multiverse-Core] Loading World & Settings - 'eventos' - Env: NORMAL - Type: FLAT & seed: -4711516305468634534
2016-08-28 20:30:38 [INFO] [Multiverse-Core] Loading World & Settings - 'gladiador' - Env: NORMAL - Type: FLAT & seed: 0
2016-08-28 20:30:39 [INFO] [Multiverse-Core] Loading World & Settings - 'terrenos' - Env: NORMAL - Type: FLAT & seed: -4918226679233821864
2016-08-28 20:30:40 [INFO] [Multiverse-Core] Loading World & Settings - 'spawnpvp' - Env: NORMAL - Type: FLAT & seed: 3082189392079543053
2016-08-28 20:30:41 [INFO] [Multiverse-Core] 7 - World(s) loaded.
2016-08-28 20:33:39 [INFO] [Multiverse-Core] - Version 2.4-b527 (API v14) Enabled - By Rigby, fernferret, lithium3141 and main--
2016-08-28 20:33:40 [INFO] [Multiverse-Core] Loading World & Settings - 'world' - Env: NORMAL - Type: FLAT & seed: -3083979623404973764
2016-08-28 20:33:41 [INFO] [Multiverse-Core] Loading World & Settings - 'world_nether' - Env: NETHER - Type: FLAT & seed: -4315406086328175024
2016-08-28 20:33:41 [INFO] [Multiverse-Core] Loading World & Settings - 'world_the_end' - Env: THE_END - Type: FLAT & seed: -4315406086328175024
2016-08-28 20:33:41 [INFO] [Multiverse-Core] Loading World & Settings - 'eventos' - Env: NORMAL - Type: FLAT & seed: -4711516305468634534
2016-08-28 20:33:43 [INFO] [Multiverse-Core] Loading World & Settings - 'gladiador' - Env: NORMAL - Type: FLAT & seed: 0
2016-08-28 20:33:43 [INFO] [Multiverse-Core] Loading World & Settings - 'terrenos' - Env: NORMAL - Type: FLAT & seed: -4918226679233821864
2016-08-28 20:33:43 [INFO] [Multiverse-Core] Loading World & Settings - 'spawnpvp' - Env: NORMAL - Type: FLAT & seed: 3082189392079543053
2016-08-28 20:33:44 [INFO] [Multiverse-Core] 7 - World(s) loaded.
2016-08-30 08:24:56 [INFO] [Multiverse-Core] - Version 2.4-b527 (API v14) Enabled - By Rigby, fernferret, lithium3141 and main--
2016-08-30 08:24:57 [INFO] [Multiverse-Core] Loading World & Settings - 'world' - Env: NORMAL - Type: FLAT & seed: -3083979623404973764
2016-08-30 08:24:57 [INFO] [Multiverse-Core] Loading World & Settings - 'world_nether' - Env: NETHER - Type: FLAT & seed: -4315406086328175024
2016-08-30 08:24:58 [INFO] [Multiverse-Core] Loading World & Settings - 'world_the_end' - Env: THE_END - Type: FLAT & seed: -4315406086328175024
2016-08-30 08:24:59 [INFO] [Multiverse-Core] Loading World & Settings - 'eventos' - Env: NORMAL - Type: FLAT & seed: -4711516305468634534
2016-08-30 08:25:00 [INFO] [Multiverse-Core] Loading World & Settings - 'gladiador' - Env: NORMAL - Type: FLAT & seed: 0
2016-08-30 08:25:01 [INFO] [Multiverse-Core] Loading World & Settings - 'terrenos' - Env: NORMAL - Type: FLAT & seed: -4918226679233821864
2016-08-30 08:25:02 [INFO] [Multiverse-Core] Loading World & Settings - 'spawnpvp' - Env: NORMAL - Type: FLAT & seed: 3082189392079543053
2016-08-30 08:25:03 [INFO] [Multiverse-Core] 7 - World(s) loaded.
2016-08-30 08:25:52 [INFO] [Multiverse-Core] Loading World & Settings - 'spawnvip' - Env: NORMAL - Type: null
2016-08-30 08:25:53 [WARNING] [Multiverse-Core] Spawn location from world.dat file was unsafe. Adjusting...
2016-08-30 08:25:53 [WARNING] [Multiverse-Core] Original Location: X: -629 Y: 4 Z: -2,509 P: 0 Y: 0 
2016-08-30 08:25:53 [INFO] [Multiverse-Core] New Spawn for 'spawnvip' is Located at: spawnvip:-627.50,7.00,-2508.50:0.00:0.00
2016-08-30 10:02:27 [INFO] [Multiverse-Core] - Version 2.4-b527 (API v14) Enabled - By Rigby, fernferret, lithium3141 and main--
2016-08-30 10:02:28 [INFO] [Multiverse-Core] Loading World & Settings - 'world' - Env: NORMAL - Type: FLAT & seed: -3083979623404973764
2016-08-30 10:02:28 [INFO] [Multiverse-Core] Loading World & Settings - 'world_nether' - Env: NETHER - Type: FLAT & seed: -4315406086328175024
2016-08-30 10:02:29 [INFO] [Multiverse-Core] Loading World & Settings - 'world_the_end' - Env: THE_END - Type: FLAT & seed: -4315406086328175024
2016-08-30 10:02:29 [INFO] [Multiverse-Core] Loading World & Settings - 'eventos' - Env: NORMAL - Type: FLAT & seed: -4711516305468634534
2016-08-30 10:02:31 [INFO] [Multiverse-Core] Loading World & Settings - 'gladiador' - Env: NORMAL - Type: FLAT & seed: 0
2016-08-30 10:02:32 [INFO] [Multiverse-Core] Loading World & Settings - 'terrenos' - Env: NORMAL - Type: FLAT & seed: -4918226679233821864
2016-08-30 10:02:33 [INFO] [Multiverse-Core] Loading World & Settings - 'spawnpvp' - Env: NORMAL - Type: FLAT & seed: 3082189392079543053
2016-08-30 10:02:33 [INFO] [Multiverse-Core] Loading World & Settings - 'spawnvip' - Env: NORMAL - Type: FLAT & seed: 3082189392079543053
2016-08-30 10:02:34 [INFO] [Multiverse-Core] 8 - World(s) loaded.
2016-08-30 20:36:18 [INFO] [Multiverse-Core] - Version 2.4-b527 (API v14) Enabled - By Rigby, fernferret, lithium3141 and main--
2016-08-30 20:36:19 [INFO] [Multiverse-Core] Loading World & Settings - 'world' - Env: NORMAL - Type: FLAT & seed: -3083979623404973764
2016-08-30 20:36:19 [INFO] [Multiverse-Core] Loading World & Settings - 'world_nether' - Env: NETHER - Type: FLAT & seed: -4315406086328175024
2016-08-30 20:36:20 [INFO] [Multiverse-Core] Loading World & Settings - 'world_the_end' - Env: THE_END - Type: FLAT & seed: -4315406086328175024
2016-08-30 20:36:20 [INFO] [Multiverse-Core] Loading World & Settings - 'eventos' - Env: NORMAL - Type: FLAT & seed: -4711516305468634534
2016-08-30 20:36:22 [INFO] [Multiverse-Core] Loading World & Settings - 'gladiador' - Env: NORMAL - Type: FLAT & seed: 0
2016-08-30 20:36:22 [INFO] [Multiverse-Core] Loading World & Settings - 'terrenos' - Env: NORMAL - Type: FLAT & seed: -4918226679233821864
2016-08-30 20:36:24 [INFO] [Multiverse-Core] Loading World & Settings - 'spawnpvp' - Env: NORMAL - Type: FLAT & seed: 3082189392079543053
2016-08-30 20:36:24 [INFO] [Multiverse-Core] Loading World & Settings - 'spawnvip' - Env: NORMAL - Type: FLAT & seed: 3082189392079543053
2016-08-30 20:36:25 [INFO] [Multiverse-Core] 8 - World(s) loaded.
2020-03-02 15:47:28 [INFO] [Multiverse-Core] - Version 2.4-b527 (API v14) Enabled - By Rigby, fernferret, lithium3141 and main--
2020-03-02 15:47:29 [INFO] [Multiverse-Core] Loading World & Settings - 'world' - Env: NORMAL - Type: FLAT & seed: -3083979623404973764
2020-03-02 15:47:29 [INFO] [Multiverse-Core] Loading World & Settings - 'world_nether' - Env: NETHER - Type: FLAT & seed: -4315406086328175024
2020-03-02 15:47:29 [INFO] [Multiverse-Core] Loading World & Settings - 'world_the_end' - Env: THE_END - Type: FLAT & seed: -4315406086328175024
2020-03-02 15:47:29 [INFO] [Multiverse-Core] Loading World & Settings - 'eventos' - Env: NORMAL - Type: FLAT & seed: -4711516305468634534
2020-03-02 15:47:30 [INFO] [Multiverse-Core] Loading World & Settings - 'gladiador' - Env: NORMAL - Type: FLAT & seed: 0
2020-03-02 15:47:31 [INFO] [Multiverse-Core] Loading World & Settings - 'terrenos' - Env: NORMAL - Type: FLAT & seed: -4918226679233821864
2020-03-02 15:47:32 [INFO] [Multiverse-Core] Loading World & Settings - 'spawnpvp' - Env: NORMAL - Type: FLAT & seed: 3082189392079543053
2020-03-02 15:47:32 [INFO] [Multiverse-Core] Loading World & Settings - 'spawnvip' - Env: NORMAL - Type: FLAT & seed: 3082189392079543053
2020-03-02 15:47:32 [INFO] [Multiverse-Core] 8 - World(s) loaded.
2020-03-02 16:14:06 [INFO] [Multiverse-Core] - Version 2.4-b527 (API v14) Enabled - By Rigby, fernferret, lithium3141 and main--
2020-03-02 16:14:07 [INFO] [Multiverse-Core] Loading World & Settings - 'world' - Env: NORMAL - Type: FLAT & seed: -3083979623404973764
2020-03-02 16:14:08 [INFO] [Multiverse-Core] Loading World & Settings - 'world_nether' - Env: NETHER - Type: FLAT & seed: -4315406086328175024
2020-03-02 16:14:08 [INFO] [Multiverse-Core] Loading World & Settings - 'world_the_end' - Env: THE_END - Type: FLAT & seed: -4315406086328175024
2020-03-02 16:14:08 [INFO] [Multiverse-Core] Loading World & Settings - 'eventos' - Env: NORMAL - Type: FLAT & seed: -4711516305468634534
2020-03-02 16:14:09 [INFO] [Multiverse-Core] Loading World & Settings - 'gladiador' - Env: NORMAL - Type: FLAT & seed: 0
2020-03-02 16:14:09 [INFO] [Multiverse-Core] Loading World & Settings - 'terrenos' - Env: NORMAL - Type: FLAT & seed: -4918226679233821864
2020-03-02 16:14:10 [INFO] [Multiverse-Core] Loading World & Settings - 'spawnpvp' - Env: NORMAL - Type: FLAT & seed: 3082189392079543053
2020-03-02 16:14:10 [INFO] [Multiverse-Core] Loading World & Settings - 'spawnvip' - Env: NORMAL - Type: FLAT & seed: 3082189392079543053
2020-03-02 16:14:10 [INFO] [Multiverse-Core] 8 - World(s) loaded.
2020-03-02 16:43:49 [INFO] [Multiverse-Core] - Version 2.4-b527 (API v14) Enabled - By Rigby, fernferret, lithium3141 and main--
2020-03-02 16:43:50 [INFO] [Multiverse-Core] Loading World & Settings - 'world' - Env: NORMAL - Type: FLAT & seed: -3083979623404973764
2020-03-02 16:43:50 [INFO] [Multiverse-Core] Loading World & Settings - 'world_nether' - Env: NETHER - Type: FLAT & seed: -4315406086328175024
2020-03-02 16:43:51 [INFO] [Multiverse-Core] Loading World & Settings - 'world_the_end' - Env: THE_END - Type: FLAT & seed: -4315406086328175024
2020-03-02 16:43:51 [INFO] [Multiverse-Core] Loading World & Settings - 'eventos' - Env: NORMAL - Type: FLAT & seed: -4711516305468634534
2020-03-02 16:43:52 [INFO] [Multiverse-Core] Loading World & Settings - 'gladiador' - Env: NORMAL - Type: FLAT & seed: 0
2020-03-02 16:43:52 [INFO] [Multiverse-Core] Loading World & Settings - 'terrenos' - Env: NORMAL - Type: FLAT & seed: -4918226679233821864
2020-03-02 16:43:52 [INFO] [Multiverse-Core] Loading World & Settings - 'spawnpvp' - Env: NORMAL - Type: FLAT & seed: 3082189392079543053
2020-03-02 16:43:53 [INFO] [Multiverse-Core] Loading World & Settings - 'spawnvip' - Env: NORMAL - Type: FLAT & seed: 3082189392079543053
2020-03-02 16:43:53 [INFO] [Multiverse-Core] 8 - World(s) loaded.
2020-03-03 16:28:48 [INFO] [Multiverse-Core] - Version 2.4-b527 (API v14) Enabled - By Rigby, fernferret, lithium3141 and main--
2020-03-03 16:28:49 [INFO] [Multiverse-Core] Loading World & Settings - 'world' - Env: NORMAL - Type: FLAT & seed: -3083979623404973764
2020-03-03 16:28:49 [INFO] [Multiverse-Core] Loading World & Settings - 'world_nether' - Env: NETHER - Type: FLAT & seed: -4315406086328175024
2020-03-03 16:28:50 [INFO] [Multiverse-Core] Loading World & Settings - 'world_the_end' - Env: THE_END - Type: FLAT & seed: -4315406086328175024
2020-03-03 16:28:50 [INFO] [Multiverse-Core] Loading World & Settings - 'eventos' - Env: NORMAL - Type: FLAT & seed: -4711516305468634534
2020-03-03 16:28:51 [INFO] [Multiverse-Core] Loading World & Settings - 'gladiador' - Env: NORMAL - Type: FLAT & seed: 0
2020-03-03 16:28:52 [INFO] [Multiverse-Core] Loading World & Settings - 'terrenos' - Env: NORMAL - Type: FLAT & seed: -4918226679233821864
2020-03-03 16:28:53 [INFO] [Multiverse-Core] Loading World & Settings - 'spawnpvp' - Env: NORMAL - Type: FLAT & seed: 3082189392079543053
2020-03-03 16:28:54 [INFO] [Multiverse-Core] Loading World & Settings - 'spawnvip' - Env: NORMAL - Type: FLAT & seed: 3082189392079543053
2020-03-03 16:28:54 [INFO] [Multiverse-Core] 8 - World(s) loaded.
2020-03-03 16:46:00 [INFO] [Multiverse-Core] - Version 2.4-b527 (API v14) Enabled - By Rigby, fernferret, lithium3141 and main--
2020-03-03 16:46:01 [INFO] [Multiverse-Core] Loading World & Settings - 'world' - Env: NORMAL - Type: FLAT & seed: -3083979623404973764
2020-03-03 16:46:02 [INFO] [Multiverse-Core] Loading World & Settings - 'world_nether' - Env: NETHER - Type: FLAT & seed: -4315406086328175024
2020-03-03 16:46:02 [INFO] [Multiverse-Core] Loading World & Settings - 'world_the_end' - Env: THE_END - Type: FLAT & seed: -4315406086328175024
2020-03-03 16:46:03 [INFO] [Multiverse-Core] Loading World & Settings - 'eventos' - Env: NORMAL - Type: FLAT & seed: -4711516305468634534
2020-03-03 16:46:03 [INFO] [Multiverse-Core] Loading World & Settings - 'gladiador' - Env: NORMAL - Type: FLAT & seed: 0
2020-03-03 16:46:04 [INFO] [Multiverse-Core] Loading World & Settings - 'terrenos' - Env: NORMAL - Type: FLAT & seed: -4918226679233821864
2020-03-03 16:46:04 [INFO] [Multiverse-Core] Loading World & Settings - 'spawnpvp' - Env: NORMAL - Type: FLAT & seed: 3082189392079543053
2020-03-03 16:46:04 [INFO] [Multiverse-Core] Loading World & Settings - 'spawnvip' - Env: NORMAL - Type: FLAT & seed: 3082189392079543053
2020-03-03 16:46:04 [INFO] [Multiverse-Core] 8 - World(s) loaded.
2020-03-04 15:00:14 [INFO] [Multiverse-Core] - Version 2.4-b527 (API v14) Enabled - By Rigby, fernferret, lithium3141 and main--
2020-03-04 15:00:15 [INFO] [Multiverse-Core] Loading World & Settings - 'world' - Env: NORMAL - Type: FLAT & seed: -3083979623404973764
2020-03-04 15:00:15 [INFO] [Multiverse-Core] Loading World & Settings - 'world_nether' - Env: NETHER - Type: FLAT & seed: -4315406086328175024
2020-03-04 15:00:15 [INFO] [Multiverse-Core] Loading World & Settings - 'world_the_end' - Env: THE_END - Type: FLAT & seed: -4315406086328175024
2020-03-04 15:00:16 [INFO] [Multiverse-Core] Loading World & Settings - 'eventos' - Env: NORMAL - Type: FLAT & seed: -4711516305468634534
2020-03-04 15:00:17 [INFO] [Multiverse-Core] Loading World & Settings - 'gladiador' - Env: NORMAL - Type: FLAT & seed: 0
2020-03-04 15:00:18 [INFO] [Multiverse-Core] Loading World & Settings - 'terrenos' - Env: NORMAL - Type: FLAT & seed: -4918226679233821864
2020-03-04 15:00:19 [INFO] [Multiverse-Core] Loading World & Settings - 'spawnpvp' - Env: NORMAL - Type: FLAT & seed: 3082189392079543053
2020-03-04 15:00:19 [INFO] [Multiverse-Core] Loading World & Settings - 'spawnvip' - Env: NORMAL - Type: FLAT & seed: 3082189392079543053
2020-03-04 15:00:20 [INFO] [Multiverse-Core] 8 - World(s) loaded.
2020-03-04 16:26:56 [INFO] [Multiverse-Core] - Version 2.4-b527 (API v14) Enabled - By Rigby, fernferret, lithium3141 and main--
2020-03-04 16:26:57 [INFO] [Multiverse-Core] Loading World & Settings - 'world' - Env: NORMAL - Type: FLAT & seed: -3083979623404973764
2020-03-04 16:26:58 [INFO] [Multiverse-Core] Loading World & Settings - 'world_nether' - Env: NETHER - Type: FLAT & seed: -4315406086328175024
2020-03-04 16:26:59 [INFO] [Multiverse-Core] Loading World & Settings - 'world_the_end' - Env: THE_END - Type: FLAT & seed: -4315406086328175024
2020-03-04 16:26:59 [INFO] [Multiverse-Core] Loading World & Settings - 'eventos' - Env: NORMAL - Type: FLAT & seed: -4711516305468634534
2020-03-04 16:27:00 [INFO] [Multiverse-Core] Loading World & Settings - 'gladiador' - Env: NORMAL - Type: FLAT & seed: 0
2020-03-04 16:27:00 [INFO] [Multiverse-Core] Loading World & Settings - 'terrenos' - Env: NORMAL - Type: FLAT & seed: -4918226679233821864
2020-03-04 16:27:01 [INFO] [Multiverse-Core] Loading World & Settings - 'spawnpvp' - Env: NORMAL - Type: FLAT & seed: 3082189392079543053
2020-03-04 16:27:01 [INFO] [Multiverse-Core] Loading World & Settings - 'spawnvip' - Env: NORMAL - Type: FLAT & seed: 3082189392079543053
2020-03-04 16:27:01 [INFO] [Multiverse-Core] 8 - World(s) loaded.
2020-03-04 16:57:28 [INFO] [Multiverse-Core] - Version 2.4-b527 (API v14) Enabled - By Rigby, fernferret, lithium3141 and main--
2020-03-04 16:57:29 [INFO] [Multiverse-Core] Loading World & Settings - 'world' - Env: NORMAL - Type: FLAT & seed: -3083979623404973764
2020-03-04 16:57:29 [INFO] [Multiverse-Core] Loading World & Settings - 'world_nether' - Env: NETHER - Type: FLAT & seed: -4315406086328175024
2020-03-04 16:57:30 [INFO] [Multiverse-Core] Loading World & Settings - 'world_the_end' - Env: THE_END - Type: FLAT & seed: -4315406086328175024
2020-03-04 16:57:30 [INFO] [Multiverse-Core] Loading World & Settings - 'eventos' - Env: NORMAL - Type: FLAT & seed: -4711516305468634534
2020-03-04 16:57:31 [INFO] [Multiverse-Core] Loading World & Settings - 'gladiador' - Env: NORMAL - Type: FLAT & seed: 0
2020-03-04 16:57:32 [INFO] [Multiverse-Core] Loading World & Settings - 'terrenos' - Env: NORMAL - Type: FLAT & seed: -4918226679233821864
2020-03-04 16:57:32 [INFO] [Multiverse-Core] Loading World & Settings - 'spawnpvp' - Env: NORMAL - Type: FLAT & seed: 3082189392079543053
2020-03-04 16:57:32 [INFO] [Multiverse-Core] Loading World & Settings - 'spawnvip' - Env: NORMAL - Type: FLAT & seed: 3082189392079543053
2020-03-04 16:57:33 [INFO] [Multiverse-Core] 8 - World(s) loaded.
2020-03-04 17:00:36 [INFO] [Multiverse-Core] - Version 2.4-b527 (API v14) Enabled - By Rigby, fernferret, lithium3141 and main--
2020-03-04 17:00:36 [INFO] [Multiverse-Core] Loading World & Settings - 'world' - Env: NORMAL - Type: FLAT & seed: -3083979623404973764
2020-03-04 17:00:37 [INFO] [Multiverse-Core] Loading World & Settings - 'world_nether' - Env: NETHER - Type: FLAT & seed: -4315406086328175024
2020-03-04 17:00:37 [INFO] [Multiverse-Core] Loading World & Settings - 'world_the_end' - Env: THE_END - Type: FLAT & seed: -4315406086328175024
2020-03-04 17:00:37 [INFO] [Multiverse-Core] Loading World & Settings - 'eventos' - Env: NORMAL - Type: FLAT & seed: -4711516305468634534
2020-03-04 17:00:38 [INFO] [Multiverse-Core] Loading World & Settings - 'gladiador' - Env: NORMAL - Type: FLAT & seed: 0
2020-03-04 17:00:38 [INFO] [Multiverse-Core] Loading World & Settings - 'terrenos' - Env: NORMAL - Type: FLAT & seed: -4918226679233821864
2020-03-04 17:00:38 [INFO] [Multiverse-Core] Loading World & Settings - 'spawnpvp' - Env: NORMAL - Type: FLAT & seed: 3082189392079543053
2020-03-04 17:00:38 [INFO] [Multiverse-Core] Loading World & Settings - 'spawnvip' - Env: NORMAL - Type: FLAT & seed: 3082189392079543053
2020-03-04 17:00:39 [INFO] [Multiverse-Core] 8 - World(s) loaded.
2020-03-04 17:01:50 [INFO] [Multiverse-Core] - Version 2.4-b527 (API v14) Enabled - By Rigby, fernferret, lithium3141 and main--
2020-03-04 17:01:51 [INFO] [Multiverse-Core] Loading World & Settings - 'world' - Env: NORMAL - Type: FLAT & seed: -3083979623404973764
2020-03-04 17:01:51 [INFO] [Multiverse-Core] Loading World & Settings - 'world_nether' - Env: NETHER - Type: FLAT & seed: -4315406086328175024
2020-03-04 17:01:52 [INFO] [Multiverse-Core] Loading World & Settings - 'world_the_end' - Env: THE_END - Type: FLAT & seed: -4315406086328175024
2020-03-04 17:01:52 [INFO] [Multiverse-Core] Loading World & Settings - 'eventos' - Env: NORMAL - Type: FLAT & seed: -4711516305468634534
2020-03-04 17:01:52 [INFO] [Multiverse-Core] Loading World & Settings - 'gladiador' - Env: NORMAL - Type: FLAT & seed: 0
2020-03-04 17:01:52 [INFO] [Multiverse-Core] Loading World & Settings - 'terrenos' - Env: NORMAL - Type: FLAT & seed: -4918226679233821864
2020-03-04 17:01:53 [INFO] [Multiverse-Core] Loading World & Settings - 'spawnpvp' - Env: NORMAL - Type: FLAT & seed: 3082189392079543053
2020-03-04 17:01:53 [INFO] [Multiverse-Core] Loading World & Settings - 'spawnvip' - Env: NORMAL - Type: FLAT & seed: 3082189392079543053
2020-03-04 17:01:53 [INFO] [Multiverse-Core] 8 - World(s) loaded.
2025-09-12 07:33:02 [INFO] [Multiverse-Core] - Version 2.4-b527 (API v14) Enabled - By Rigby, fernferret, lithium3141 and main--
2025-09-12 07:33:03 [INFO] [Multiverse-Core] Loading World & Settings - 'world' - Env: NORMAL - Type: FLAT & seed: -3083979623404973764
2025-09-12 07:33:03 [INFO] [Multiverse-Core] Loading World & Settings - 'world_nether' - Env: NETHER - Type: FLAT & seed: -4315406086328175024
2025-09-12 07:33:05 [INFO] [Multiverse-Core] Loading World & Settings - 'world_the_end' - Env: THE_END - Type: FLAT & seed: -4315406086328175024
2025-09-12 07:33:06 [INFO] [Multiverse-Core] Loading World & Settings - 'eventos' - Env: NORMAL - Type: FLAT & seed: -4711516305468634534
2025-09-12 07:33:09 [INFO] [Multiverse-Core] Loading World & Settings - 'gladiador' - Env: NORMAL - Type: FLAT & seed: 0
2025-09-12 07:33:12 [WARNING] [Multiverse-Core] Spawn location from world.dat file was unsafe. Adjusting...
2025-09-12 07:33:12 [WARNING] [Multiverse-Core] Original Location: X: 518 Y: 4 Z: 7 P: 0 Y: 0 
2025-09-12 07:33:12 [INFO] [Multiverse-Core] New Spawn for 'gladiador' is Located at: gladiador:519.50,4.00,7.50:0.00:0.00
2025-09-12 07:33:12 [INFO] [Multiverse-Core] Loading World & Settings - 'terrenos' - Env: NORMAL - Type: FLAT & seed: -4918226679233821864
2025-09-12 07:33:13 [INFO] [Multiverse-Core] Loading World & Settings - 'spawnpvp' - Env: NORMAL - Type: FLAT & seed: 3082189392079543053
2025-09-12 07:33:16 [WARNING] [Multiverse-Core] Spawn location from world.dat file was unsafe. Adjusting...
2025-09-12 07:33:16 [WARNING] [Multiverse-Core] Original Location: X: -629 Y: 4 Z: -2,509 P: 0 Y: 0 
2025-09-12 07:33:16 [INFO] [Multiverse-Core] New Spawn for 'spawnpvp' is Located at: spawnpvp:-627.50,4.00,-2508.50:0.00:0.00
2025-09-12 07:33:16 [INFO] [Multiverse-Core] Loading World & Settings - 'spawnvip' - Env: NORMAL - Type: FLAT & seed: 3082189392079543053
2025-09-12 07:33:20 [WARNING] [Multiverse-Core] Spawn location from world.dat file was unsafe. Adjusting...
2025-09-12 07:33:20 [WARNING] [Multiverse-Core] Original Location: X: -629 Y: 4 Z: -2,509 P: 0 Y: 0 
2025-09-12 07:33:20 [INFO] [Multiverse-Core] New Spawn for 'spawnvip' is Located at: spawnvip:-627.50,4.00,-2508.50:0.00:0.00
2025-09-12 07:33:20 [INFO] [Multiverse-Core] 8 - World(s) loaded.
2025-09-12 08:03:52 [INFO] [Multiverse-Core] World 'gladiador' was unloaded from memory.
2025-09-12 08:03:52 [INFO] [Multiverse-Core] World 'gladiador' was removed from config.yml
2025-09-12 08:04:01 [INFO] [Multiverse-Core] World 'eventos' was unloaded from memory.
2025-09-12 08:04:01 [INFO] [Multiverse-Core] World 'eventos' was removed from config.yml
2025-09-12 08:04:11 [INFO] [Multiverse-Core] World 'spawnvip' was unloaded from memory.
2025-09-12 08:04:11 [INFO] [Multiverse-Core] World 'spawnvip' was removed from config.yml
2025-09-12 08:04:20 [INFO] [Multiverse-Core] World 'spawnpvp' was unloaded from memory.
2025-09-12 08:04:20 [INFO] [Multiverse-Core] World 'spawnpvp' was removed from config.yml
2025-09-12 08:04:50 [INFO] [Multiverse-Core] World 'world_the_end' was unloaded from memory.
2025-09-12 08:04:50 [INFO] [Multiverse-Core] World 'world_the_end' was removed from config.yml
2025-09-12 08:04:54 [INFO] [Multiverse-Core] Multiverse does not know about nether and it's not loaded by Bukkit.
2025-09-12 08:05:05 [INFO] [Multiverse-Core] World 'world_nether' was unloaded from memory.
2025-09-12 08:05:05 [INFO] [Multiverse-Core] World 'world_nether' was removed from config.yml
2025-09-12 08:07:19 [INFO] [Multiverse-Core] - Version 2.4-b527 (API v14) Enabled - By Rigby, fernferret, lithium3141 and main--
2025-09-12 08:07:19 [INFO] [Multiverse-Core] Loading World & Settings - 'world' - Env: NORMAL - Type: FLAT & seed: -3083979623404973764
2025-09-12 08:07:19 [INFO] [Multiverse-Core] Loading World & Settings - 'terrenos' - Env: NORMAL - Type: FLAT & seed: -4918226679233821864
2025-09-12 08:07:20 [INFO] [Multiverse-Core] 2 - World(s) loaded.
2025-09-12 10:18:52 [INFO] [Multiverse-Core] Loading World & Settings - 'lobby' - Env: NORMAL - Type: null
2025-09-12 10:18:52 [WARNING] [Multiverse-Core] Spawn location from world.dat file was unsafe. Adjusting...
2025-09-12 10:18:52 [WARNING] [Multiverse-Core] Original Location: X: -76 Y: 5 Z: -43 P: 0 Y: 0 
2025-09-12 10:18:52 [INFO] [Multiverse-Core] New Spawn for 'lobby' is Located at: lobby:-77.50,5.00,-39.50:0.00:0.00
2025-09-12 10:29:54 [INFO] [Multiverse-Core] World 'lobby' was unloaded from memory.
2025-09-12 10:29:54 [INFO] [Multiverse-Core] World 'lobby' was removed from config.yml
2025-09-12 11:18:15 [INFO] [Multiverse-Core] Loading World & Settings - 'mina' - Env: NORMAL - Type: null
2025-09-12 14:23:28 [INFO] [Multiverse-Core] World 'mina' was unloaded from memory.
2025-09-12 14:23:28 [INFO] [Multiverse-Core] World 'mina' was removed from config.yml
2025-09-12 14:23:30 [INFO] [Multiverse-Core] Multiverse does not know about minaa and it's not loaded by Bukkit.
2025-09-12 15:22:15 [INFO] [Multiverse-Core] - Version 2.4-b527 (API v14) Enabled - By Rigby, fernferret, lithium3141 and main--
2025-09-12 15:22:16 [INFO] [Multiverse-Core] Loading World & Settings - 'world' - Env: NORMAL - Type: FLAT & seed: -3083979623404973764
2025-09-12 15:22:16 [INFO] [Multiverse-Core] Loading World & Settings - 'terrenos' - Env: NORMAL - Type: FLAT & seed: -4918226679233821864
2025-09-12 15:22:16 [INFO] [Multiverse-Core] 2 - World(s) loaded.
2025-09-12 15:27:14 [INFO] [Multiverse-Core] - Version 2.4-b527 (API v14) Enabled - By Rigby, fernferret, lithium3141 and main--
2025-09-12 15:27:14 [INFO] [Multiverse-Core] Loading World & Settings - 'world' - Env: NORMAL - Type: FLAT & seed: -3083979623404973764
2025-09-12 15:27:14 [INFO] [Multiverse-Core] Loading World & Settings - 'terrenos' - Env: NORMAL - Type: FLAT & seed: -4918226679233821864
2025-09-12 15:27:15 [INFO] [Multiverse-Core] 2 - World(s) loaded.
2025-09-12 15:39:40 [INFO] [Multiverse-Core] - Version 2.4-b527 (API v14) Enabled - By Rigby, fernferret, lithium3141 and main--
2025-09-12 15:39:41 [INFO] [Multiverse-Core] Loading World & Settings - 'world' - Env: NORMAL - Type: FLAT & seed: -3083979623404973764
2025-09-12 15:39:41 [INFO] [Multiverse-Core] Loading World & Settings - 'terrenos' - Env: NORMAL - Type: FLAT & seed: -4918226679233821864
2025-09-12 15:39:41 [INFO] [Multiverse-Core] 2 - World(s) loaded.
2025-09-13 09:44:24 [INFO] [Multiverse-Core] - Version 2.4-b527 (API v14) Enabled - By Rigby, fernferret, lithium3141 and main--
2025-09-13 09:44:24 [INFO] [Multiverse-Core] Loading World & Settings - 'world' - Env: NORMAL - Type: FLAT & seed: -3083979623404973764
2025-09-13 09:44:24 [INFO] [Multiverse-Core] Loading World & Settings - 'terrenos' - Env: NORMAL - Type: FLAT & seed: -4918226679233821864
2025-09-13 09:44:24 [INFO] [Multiverse-Core] 2 - World(s) loaded.
2025-09-14 10:18:15 [INFO] [Multiverse-Core] Loading World & Settings - 'world' - Env: NORMAL - Type: FLAT & seed: -3083979623404973764
2025-09-14 10:18:16 [INFO] [Multiverse-Core] Loading World & Settings - 'terrenos' - Env: NORMAL - Type: FLAT & seed: -4918226679233821864
2025-09-14 10:18:16 [INFO] [Multiverse-Core] 2 - World(s) loaded.
2025-09-14 10:18:38 [INFO] [Multiverse-Core] Loading World & Settings - 'arenax1' - Env: NORMAL - Type: null
2025-09-14 10:18:38 [WARNING] [Multiverse-Core] Spawn location from world.dat file was unsafe. Adjusting...
2025-09-14 10:18:38 [WARNING] [Multiverse-Core] Original Location: X: 172 Y: 23 Z: -1,266 P: 0 Y: 0 
2025-09-14 10:18:38 [INFO] [Multiverse-Core] New Spawn for 'arenax1' is Located at: arenax1:170.50,23.00,-1265.50:0.00:0.00
2025-09-14 10:20:11 [INFO] [Multiverse-Core] - Version 2.4-b527 (API v14) Enabled - By Rigby, fernferret, lithium3141 and main--
2025-09-14 10:20:11 [INFO] [Multiverse-Core] Loading World & Settings - 'world' - Env: NORMAL - Type: FLAT & seed: -3083979623404973764
2025-09-14 10:20:11 [INFO] [Multiverse-Core] Loading World & Settings - 'terrenos' - Env: NORMAL - Type: FLAT & seed: -4918226679233821864
2025-09-14 10:20:11 [INFO] [Multiverse-Core] Loading World & Settings - 'arenax1' - Env: NORMAL - Type: FLAT & seed: -959798431097158965
2025-09-14 10:20:12 [WARNING] [Multiverse-Core] Spawn location from world.dat file was unsafe. Adjusting...
2025-09-14 10:20:12 [WARNING] [Multiverse-Core] Original Location: X: -188 Y: 64 Z: 177 P: 0 Y: 0 
2025-09-14 10:20:12 [INFO] [Multiverse-Core] New Spawn for 'arenax1' is Located at: arenax1:-186.50,64.00,177.50:0.00:0.00
2025-09-14 10:20:12 [INFO] [Multiverse-Core] 3 - World(s) loaded.
2025-09-14 13:52:40 [INFO] [Multiverse-Core] - Version 2.4-b527 (API v14) Enabled - By Rigby, fernferret, lithium3141 and main--
2025-09-14 13:52:40 [INFO] [Multiverse-Core] Loading World & Settings - 'world' - Env: NORMAL - Type: FLAT & seed: -3083979623404973764
2025-09-14 13:52:40 [INFO] [Multiverse-Core] Loading World & Settings - 'terrenos' - Env: NORMAL - Type: FLAT & seed: -4918226679233821864
2025-09-14 13:52:41 [INFO] [Multiverse-Core] Loading World & Settings - 'arenax1' - Env: NORMAL - Type: FLAT & seed: 3840066353498274074
2025-09-14 13:52:41 [INFO] [Multiverse-Core] 3 - World(s) loaded.
2025-09-14 14:04:52 [INFO] [Multiverse-Core] - Version 2.4-b527 (API v14) Enabled - By Rigby, fernferret, lithium3141 and main--
2025-09-14 14:04:53 [INFO] [Multiverse-Core] Loading World & Settings - 'world' - Env: NORMAL - Type: FLAT & seed: -3083979623404973764
2025-09-14 14:04:53 [INFO] [Multiverse-Core] Loading World & Settings - 'terrenos' - Env: NORMAL - Type: FLAT & seed: -4918226679233821864
2025-09-14 14:04:53 [INFO] [Multiverse-Core] Loading World & Settings - 'arenax1' - Env: NORMAL - Type: FLAT & seed: 3840066353498274074
2025-09-14 14:04:54 [INFO] [Multiverse-Core] 3 - World(s) loaded.
2025-09-14 14:19:42 [INFO] [Multiverse-Core] World 'arenax1' was unloaded from memory.
2025-09-14 14:19:42 [INFO] [Multiverse-Core] World 'arenax1' was removed from config.yml
2025-09-14 14:39:18 [INFO] [Multiverse-Core] - Version 2.4-b527 (API v14) Enabled - By Rigby, fernferret, lithium3141 and main--
2025-09-14 14:39:19 [INFO] [Multiverse-Core] Loading World & Settings - 'world' - Env: NORMAL - Type: FLAT & seed: -3083979623404973764
2025-09-14 14:39:19 [INFO] [Multiverse-Core] Loading World & Settings - 'terrenos' - Env: NORMAL - Type: FLAT & seed: -4918226679233821864
2025-09-14 14:39:19 [INFO] [Multiverse-Core] 2 - World(s) loaded.
2025-09-14 15:06:05 [INFO] [Multiverse-Core] - Version 2.4-b527 (API v14) Enabled - By Rigby, fernferret, lithium3141 and main--
2025-09-14 15:06:06 [INFO] [Multiverse-Core] Loading World & Settings - 'world' - Env: NORMAL - Type: FLAT & seed: -3083979623404973764
2025-09-14 15:06:06 [INFO] [Multiverse-Core] Loading World & Settings - 'terrenos' - Env: NORMAL - Type: FLAT & seed: -4918226679233821864
2025-09-14 15:06:06 [INFO] [Multiverse-Core] 2 - World(s) loaded.
2025-09-14 15:18:30 [INFO] [Multiverse-Core] - Version 2.4-b527 (API v14) Enabled - By Rigby, fernferret, lithium3141 and main--
2025-09-14 15:18:30 [INFO] [Multiverse-Core] Loading World & Settings - 'world' - Env: NORMAL - Type: FLAT & seed: -3083979623404973764
2025-09-14 15:18:31 [INFO] [Multiverse-Core] Loading World & Settings - 'terrenos' - Env: NORMAL - Type: FLAT & seed: -4918226679233821864
2025-09-14 15:18:31 [INFO] [Multiverse-Core] 2 - World(s) loaded.
2025-09-14 15:21:58 [INFO] [Multiverse-Core] - Version 2.4-b527 (API v14) Enabled - By Rigby, fernferret, lithium3141 and main--
2025-09-14 15:21:58 [INFO] [Multiverse-Core] Loading World & Settings - 'world' - Env: NORMAL - Type: FLAT & seed: -3083979623404973764
2025-09-14 15:21:58 [INFO] [Multiverse-Core] Loading World & Settings - 'terrenos' - Env: NORMAL - Type: FLAT & seed: -4918226679233821864
2025-09-14 15:21:59 [INFO] [Multiverse-Core] 2 - World(s) loaded.
2025-09-14 15:26:04 [INFO] [Multiverse-Core] - Version 2.4-b527 (API v14) Enabled - By Rigby, fernferret, lithium3141 and main--
2025-09-14 15:26:04 [INFO] [Multiverse-Core] Loading World & Settings - 'world' - Env: NORMAL - Type: FLAT & seed: -3083979623404973764
2025-09-14 15:26:04 [INFO] [Multiverse-Core] Loading World & Settings - 'terrenos' - Env: NORMAL - Type: FLAT & seed: -4918226679233821864
2025-09-14 15:26:05 [INFO] [Multiverse-Core] 2 - World(s) loaded.
2025-09-14 15:26:44 [INFO] [Multiverse-Core] - Version 2.4-b527 (API v14) Enabled - By Rigby, fernferret, lithium3141 and main--
2025-09-14 15:26:44 [INFO] [Multiverse-Core] Loading World & Settings - 'world' - Env: NORMAL - Type: FLAT & seed: -3083979623404973764
2025-09-14 15:26:44 [INFO] [Multiverse-Core] Loading World & Settings - 'terrenos' - Env: NORMAL - Type: FLAT & seed: -4918226679233821864
2025-09-14 15:26:44 [INFO] [Multiverse-Core] 2 - World(s) loaded.
2025-09-14 15:39:44 [INFO] [Multiverse-Core] - Version 2.4-b527 (API v14) Enabled - By Rigby, fernferret, lithium3141 and main--
2025-09-14 15:39:44 [INFO] [Multiverse-Core] Loading World & Settings - 'world' - Env: NORMAL - Type: FLAT & seed: -3083979623404973764
2025-09-14 15:39:44 [INFO] [Multiverse-Core] Loading World & Settings - 'terrenos' - Env: NORMAL - Type: FLAT & seed: -4918226679233821864
2025-09-14 15:39:45 [INFO] [Multiverse-Core] 2 - World(s) loaded.
2025-09-14 15:46:33 [INFO] [Multiverse-Core] - Version 2.4-b527 (API v14) Enabled - By Rigby, fernferret, lithium3141 and main--
2025-09-14 15:46:33 [INFO] [Multiverse-Core] Loading World & Settings - 'world' - Env: NORMAL - Type: FLAT & seed: -3083979623404973764
2025-09-14 15:46:33 [INFO] [Multiverse-Core] Loading World & Settings - 'terrenos' - Env: NORMAL - Type: FLAT & seed: -4918226679233821864
2025-09-14 15:46:34 [INFO] [Multiverse-Core] 2 - World(s) loaded.
